Output Freq,Input Freq,Offset,Uplink Tone,Downlink Tone,"Location",County,Lat,Long,Call,Use,Op Status,Mode,Digital Access,EchoLink,IRLP,AllStar,Coverage,Last Update
223.96000,222.36000,-,103.5,103.5,"Canon City - Fremont Peak",Fremont,38.45420074,-105.29000092,WD0EKR,OPEN,On-Air,Analog/analog,,,,,Wide area,2017-10-04
224.00000,222.40000,-,103.5,103.5,"Golden - Guy Hill",Jefferson,39.77719879,-105.32900238,N0MHU,OPEN,On-Air,Analog/analog,,,,,,2021-11-13
224.02000,222.42000,-,,,"Boulder - Lee Hill",Boulder,40.07220078,-105.35399628,W0IA,OPEN,On-Air,Analog/analog,,217336,,,,2021-11-13
224.02000,222.42000,-,,,"Glenwood Springs",Garfield,39.55049896,-107.32499695,KI0G,CLOSED,Off-Air,Analog/analog,,,,,,2012-11-12
224.06000,222.46000,-,,,"Colorado Springs",El Paso,38.83390045,-104.82099915,KB0SRJ,CLOSED,Off-Air,Analog/analog,,,,,Wide area,2012-11-12
224.26000,222.66000,-,88.5,CSQ,"Pueblo - Baculite Mesa",Pueblo,38.39250183,-104.55500031,W0PHC,OPEN,On-Air,Analog/analog,,,,,Wide area,2020-07-19
224.38000,222.78000,-,100.0,100.0,"Lakewood - Green Mountain",Jefferson,39.68220139,-105.14299774,W0TX,OPEN,On-Air,Analog/analog,,,,,,2021-11-13
224.52000,222.92000,-,100.0,100.0,"Fort Collins - Horsetooth Mountain",Larimer,40.53969955,-105.19599915,W0UPS,OPEN,On-Air,Analog/analog,,,,,,2018-03-21
224.72000,223.12000,-,103.5,103.5,"Colorado springs ",El Paso,38.90000153,-104.80000305,W0MOG,OPEN,On-Air,Analog/analog,,,,,,2020-07-24
224.74000,223.14000,-,88.5,88.5,"Golden - Guy Hill",Jefferson,39.77719879,-105.32800293,N0POH,OPEN,On-Air,Analog/analog,,,,,,2021-11-13
224.80000,223.20000,-,,,"Vail",Eagle,39.64030075,-106.37400055,N0AFO,OPEN,On-Air,Analog/analog,,,,,,2018-06-02
224.84000,223.24000,-,100.0,100.0,"Fort Collins - Buckhorn Mountain",Larimer,40.61700058,-105.32700348,W0UPS,OPEN,On-Air,Analog/analog,,,,,Wide area,2019-08-23
224.96000,223.36000,-,CSQ,,"Fort Lupton",Weld,40.08470154,-104.81300354,AC0KC,OPEN,On-Air,Analog/analog,,,,,,2012-11-12
