Output Freq,Input Freq,Offset,Uplink Tone,Downlink Tone,"Location",County,Lat,Long,Call,Use,Op Status,Mode,Digital Access,EchoLink,IRLP,AllStar,Coverage,Last Update
145.11000,144.51000,-,77.0,77.0,"Vernon - Box Mountain",Tolland,41.80020142,-72.45480347,W1BRS,OPEN,On-Air,Analog/analog,,,,,,2016-11-05
145.14000,144.54000,-,,,"Bristol - South Mountain",Hartford,41.64870071,-72.94730377,W1IXU,OPEN,On-Air,DStar,,,,,Wide area,2021-05-25
145.16000,144.56000,-,,,"Seymour",New Haven,41.39709854,-73.07479858,W0JAY,OPEN,On-Air,P25,1,359925,3513,,,2018-10-31
145.17000,144.57000,-,77.0,77.0,"Southington",Hartford,41.59640121,-72.87809753,W1ECV,OPEN,Off-Air,Analog/analog,,,,,,2007-11-04
145.19000,144.59000,-,71.9,71.9,"Rocky Hill",Hartford,41.66479874,-72.63929749,N1OTW,OPEN,On-Air,Analog/analog,,384389,,,,2017-08-14
145.23000,144.63000,-,,,"East Hartland",Hartford,41.99890137,-72.90579987,K1YON,OPEN,Off-Air,Analog/analog,,,,,,0000-00-00
145.23000,144.63000,-,,,"Newtown",Fairfield,41.41410065,-73.30359650,WA1SOV,OPEN,On-Air,YSF/analog,023,67015,,,,2016-01-24
145.25000,144.65000,-,141.3,,"Coventry",Tolland,41.77000046,-72.30560303,W1HDN,OPEN,On-Air,Analog/analog,,146790,,,,2008-10-30
145.26000,144.66000,-,,,"Vernon - Box Mountain",Tolland,41.79999924,-72.45500183,AA1HD,OPEN,On-Air,DStar,,,,,,2021-05-25
145.27000,144.67000,-,,,"Rocky Hill - Fire Station #2",Hartford,41.66070175,-72.68119812,W1VLA,OPEN,On-Air,DStar,,,,,,2015-03-03
145.29000,144.69000,-,110.9,,"Killingworth",Middlesex,41.35810089,-72.56420135,W1BCG,OPEN,On-Air,Analog/analog,,,,,,2016-06-10
145.31000,145.31000,x,,,"Waterbury",New Haven,41.55820084,-73.05149841,,,On-Air,Analog/analog,,,,,,2015-09-10
145.33000,144.73000,-,88.5,88.5,"Manchester",Hartford,41.77579880,-72.52189636,WA1VOA,OPEN,On-Air,Analog/analog,,,,,,2016-11-08
145.35000,144.75000,-,,,"Wethersfield",Hartford,41.71170044,-72.66339874,KA1BQO,OPEN,On-Air,Analog/analog,,,,,,2014-12-30
145.37000,144.77000,-,77.0,77.0,"Torrington",Litchfield,41.80059814,-73.12169647,W1RWC,OPEN,On-Air,Analog/analog,,147345,4395,,,2014-02-24
145.39000,144.79000,-,156.7,156.7,"Ledyard Center",New London,41.46279907,-72.24579620,W1DX,OPEN,On-Air,Analog/analog,,,,,Wide area,2020-07-21
145.41000,144.81000,-,141.3,141.3,"Vernon",Tolland,41.80020142,-72.45510101,W1HDN,OPEN,On-Air,Analog/analog,,146790,,,,2017-03-06
145.45000,144.85000,-,127.3,127.3,"Newington",Hartford,41.69779968,-72.72419739,W1AW,OPEN,On-Air,Analog/analog,,,,,,2020-04-20
145.47000,144.87000,-,100.0,,"Ridgefield",Fairfield,41.28150177,-73.49819946,KR1COM,OPEN,On-Air,Analog/analog,,,,,,0000-00-00
145.49000,144.89000,-,77.0,,"Meriden",New Haven,41.56250000,-72.84429932,W1ECV,OPEN,Off-Air,DStar,,,,,,2012-09-06
146.41500,147.01500,+,141.3,141.3,"Killingworth",Middlesex,41.34999847,-72.62999725,KB1MMR,OPEN,On-Air,P25,141,313834,,,Wide area,2017-05-30
146.43000,147.03000,+,,,"Enfield",Hartford,41.99200058,-72.51000214,N1XDN,OPEN,On-Air,Analog/analog,,,,,,2020-07-25
146.44500,147.44500,s,77.0,77.0,"Bridgeport",Fairfield,41.20109940,-73.22019958,WA1RJI,OPEN,On-Air,Analog/analog,,,,,,2014-04-29
146.47500,147.47500,s,100.0,100.0,"Norwalk",Fairfield,41.11759949,-73.40789795,W1NLK,OPEN,On-Air,Analog/analog,,,,,,2012-09-12
146.59250,147.59250,s,,,"Bristol",Hartford,41.67179871,-72.94930267,K1IFF,OPEN,On-Air,NXDN/analog,,,,,,2015-03-17
146.61000,146.01000,-,110.9,110.9,"West Haven",New Haven,41.27069855,-72.94699860,W1GB,OPEN,On-Air,P25/analog,131,,,,Wide area,2021-05-25
146.62500,146.02500,-,100.0,,"Fairfield",Fairfield,41.14110184,-73.26419830,WB1CQO,OPEN,On-Air,Analog/analog,,,,,,2014-05-07
146.64000,146.04000,-,141.3,,"Hartford",Hartford,41.76800156,-72.68769836,W1HDN,OPEN,On-Air,Analog/analog,,,,,,2017-01-04
146.65500,146.05500,-,100.0,,"Stamford",Fairfield,41.05339813,-73.53869629,W1EE,OPEN,On-Air,Analog/analog,,158564,,,,2019-11-03
146.67000,146.07000,-,156.7,,"Groton",New London,41.34349823,-72.00969696,W1NLC,OPEN,On-Air,Analog/analog,,,,,,2020-10-05
146.68500,146.08500,-,77.0,77.0,"Bristol",Hartford,41.67169952,-72.94969940,W1DHT,OPEN,On-Air,Analog/analog,,,,,,2018-03-21
146.70000,146.10000,-,162.2,162.2,"West Hartford",Hartford,41.76200104,-72.74199677,N1XLU,OPEN,On-Air,Analog/analog,,,,,,2017-03-06
146.73000,146.13000,-,192.8,192.8,"New Milford - Geiger Hill",Litchfield,41.60670090,-73.37799835,NA1RA,OPEN,On-Air,Analog/analog,,1124,,,,2019-02-24
146.73000,146.13000,-,156.7,156.7,"Norwich - Plain Hill",New London,41.52420044,-72.07640076,N1NW,OPEN,On-Air,Analog/analog,,638282,,,,2016-01-08
146.73000,146.13000,-,192.8,,"Washington - Fenn Hill",Litchfield,41.63219833,-73.34410095,NA1RA,OPEN,On-Air,Analog/analog,,,,,,2019-02-24
146.74500,146.14500,-,141.3,,"West Hartford",Hartford,41.76190186,-72.74250031,W1HDN,OPEN,Off-Air,Analog/analog,,,,,,2007-11-04
146.77500,146.17500,-,100.0,100.0,"New Canaan",Fairfield,41.14680099,-73.49490356,N1LLL,OPEN,On-Air,Analog/analog,,,,,,2017-11-19
146.77500,146.17500,-,110.9,,"Westbrook - High School",Middlesex,41.29169846,-72.37670135,W1BCG,OPEN,On-Air,Analog/analog,,,,,,2020-01-02
146.79000,146.19000,-,82.5,,"Vernon",Tolland,41.81859970,-72.48000336,W1HDN,OPEN,On-Air,Analog/analog,,146790,4159,,,2019-10-04
146.80500,146.20500,-,100.0,,"Winsted",Litchfield,41.92119980,-73.06009674,N1ZCW,OPEN,Unknown,Analog/analog,,,,,,2020-11-02
146.82000,146.22000,-,,,"Bloomfield",Hartford,41.82640076,-72.73059845,W1CWA,OPEN,On-Air,Analog/analog,,,,,,2020-04-03
146.83500,146.23500,-,100.0,100.0,"Prospect - Fire Dept",New Haven,41.49879837,-72.97910309,W1LAS,OPEN,On-Air,Analog/analog,,,,,,2018-12-22
146.85000,146.25000,-,141.3,,"Torrington",Litchfield,41.80059814,-73.12169647,W1HDN,OPEN,On-Air,Analog/analog,,,,,,2012-09-12
146.86500,146.26500,-,156.7,,"Groton",New London,41.34999847,-72.07890320,W1CGA,OPEN,On-Air,Analog/analog,,,,,,2020-10-05
146.88000,146.28000,-,77.0,77.0,"Bristol",Hartford,41.67179871,-72.94930267,K1CRC,OPEN,On-Air,Analog/analog,,,,,,2017-12-02
146.89500,146.29500,-,77.0,100.0,"Bridgeport",Fairfield,41.16690063,-73.20529938,N1MUC,OPEN,Off-Air,Analog/analog,,,,,,2012-09-09
146.92500,146.32500,-,67.0,,"Milford - Eels Hill",New Haven,41.22779846,-73.01640320,KB1CBD,OPEN,On-Air,YSF/analog,,,,,,2015-03-11
146.95500,146.35500,-,100.0,100.0,"Morris",Litchfield,41.68429947,-73.19619751,KB1TIF,OPEN,On-Air,Analog/analog,,13782,,,,2020-04-18
146.97000,146.37000,-,156.7,,"Waterford",New London,41.38930130,-72.17030334,W1NLC,OPEN,On-Air,YSF,,,,,,2016-10-09
146.98500,146.38500,-,141.3,141.3,"Shelton - White Hills Rec. Center",Fairfield,41.31650162,-73.09320068,W1VAR,OPEN,On-Air,Analog/analog,,387772,,,,2015-04-11
147.01500,147.61500,+,110.9,,"East Haddam",Middlesex,41.45309830,-72.46170044,K1IKE,OPEN,On-Air,Analog/analog,,,,,,2016-11-19
147.03000,147.63000,+,100.0,,"Bethel",Fairfield,41.37120056,-73.41400146,KA1KD,OPEN,On-Air,Analog/analog,,,,,,2019-08-31
147.03000,147.63000,+,110.9,110.9,"Portland",Middlesex,41.57279968,-72.64109802,W1EDH,OPEN,On-Air,Analog/analog,,,,,,2013-06-11
147.04500,147.64500,+,88.5,88.5,"Manchester",Hartford,41.77590179,-72.52149963,N1SPI,OPEN,On-Air,Analog/analog,,,,,,2020-04-18
147.06000,147.66000,+,156.7,156.7,"Salem",New London,41.46279907,-72.24579620,W1DX,OPEN,On-Air,Analog/analog,,,,,,2021-04-03
147.09000,147.69000,+,110.9,110.9,"Glastonbury",Hartford,41.71229935,-72.60810089,W1EDH,OPEN,On-Air,Analog/analog,,,,,,2012-09-03
147.12000,147.72000,+,141.3,141.3,"Danbury - Danbury Hospital",Fairfield,41.40599823,-73.44599915,W1HDN,OPEN,On-Air,Analog/analog,,146790,,,,2013-12-23
147.13500,147.73500,+,88.5,,"East Hampton",Middlesex,41.57580185,-72.50309753,KB1CDI,OPEN,On-Air,DStar/analog,,,,,,2015-12-29
147.15000,147.75000,+,77.0,77.0,"Burlington",Hartford,41.76910019,-72.96479797,K1CRC,OPEN,On-Air,YSF/analog,,,,,,2020-04-18
147.18000,147.78000,+,141.3,,"Prospect",New Haven,41.50230026,-72.97869873,W1HDN,OPEN,On-Air,Analog/analog,,146790,,,,2013-11-02
147.19500,147.79500,+,71.9,,"Portland",Middlesex,41.57279968,-72.64109802,N1JML,OPEN,Unknown,Analog/analog,,,,,,2020-11-02
147.22500,147.82500,+,156.7,156.7,"East Killingly",Windham,41.84930038,-71.81870270,K1MUJ,OPEN,On-Air,Analog/analog,,47825,,,,2015-11-19
147.22500,147.82500,+,77.0,,"Milford",New Haven,41.22219849,-73.05690002,KA1FAI,OPEN,On-Air,Analog/analog,,,,,,2014-02-09
147.24000,147.84000,+,141.3,,"Torrington",Litchfield,41.80059814,-73.12169647,W1RWC,OPEN,On-Air,Analog/analog,,,,,,2013-06-17
147.25500,147.85500,+,110.9,110.9,"East Haven",New Haven,41.28419876,-72.86849976,AA1VE,OPEN,On-Air,Analog/analog,,,,,,2012-03-29
147.27000,147.87000,+,77.0,77.0,"Barkhamsted",Litchfield,41.92919922,-72.91439819,W1RWC,OPEN,On-Air,Analog/analog,,,,,,2013-12-18
147.27000,147.87000,+,127.3,,"Mystic",New London,41.35430145,-71.96649933,KB1CJP,OPEN,On-Air,Analog/analog,,,,,,2016-04-23
147.28500,147.88500,+,77.0,77.0,"Sharon",Litchfield,41.87919998,-73.47720337,W1BAA,OPEN,On-Air,Analog/analog,,,,,,2014-01-12
147.30000,147.90000,+,100.0,100.0,"Danbury - Spruce Mountain",Fairfield,41.35789871,-73.47599792,W1QI,OPEN,On-Air,Analog/analog,,1037,4593,,,2020-04-18
147.30000,147.90000,+,77.0,77.0,"Lebanon",New London,41.63639832,-72.21269989,NA1RC,OPEN,On-Air,Analog/analog,,,,,,2015-06-14
147.31500,147.91500,+,88.5,88.5,"Terryville",Litchfield,41.67810059,-73.01139832,KB1CDI,OPEN,On-Air,Analog/analog,,13782,,,,2019-03-08
147.33000,147.93000,+,141.3,,"Winsted",Litchfield,41.92110062,-73.06060028,W1EOO,OPEN,Off-Air,Analog/analog,,,,,,0000-00-00
147.34500,147.94500,+,151.4,,"Vernon",Tolland,41.81859970,-72.48000336,KB1AEV,OPEN,On-Air,Analog/analog,,147435,4395,,,2019-07-08
147.36000,147.96000,+,162.2,162.2,"Wallingford",New Haven,41.45690155,-72.82360077,W1NRG,OPEN,On-Air,Analog/analog,,624952,,,,2021-04-24
147.37500,147.97500,+,88.5,88.5,"Rocky Hill",Hartford,41.66479874,-72.63929749,KB1CDI,OPEN,On-Air,Analog/analog,,13782,,,,2019-04-09
147.39000,147.99000,+,,,"Newington",Hartford,41.69729996,-72.72280121,W1HQ,OPEN,On-Air,YSF/analog,,,,,,2019-11-12
147.41000,147.41000,x,77.0,,"Manchester",Hartford,41.77542700,-72.52261600,,OPEN,On-Air,Analog/analog,,893203,,40957,,2021-10-19
147.50500,146.50500,s,77.0,77.0,"Woodbridge",New Haven,41.27059937,-72.94750214,W1SPC,OPEN,On-Air,Analog/analog,,7505,7505,,,2021-06-07
