Output Freq,Input Freq,Offset,Uplink Tone,Downlink Tone,"Location",County,Lat,Long,Call,Use,Op Status,Mode,Digital Access,EchoLink,IRLP,AllStar,Coverage,Last Update
440.25000,445.25000,+,123.0,123.0,"Goshen - Goshen Fairgrounds",Litchfield,41.83169937,-73.22560120,KU1Q,OPEN,On-Air,Analog/analog,,,,,,2017-03-31
440.45000,445.45000,+,,,"Fairfield",Fairfield,41.14080048,-73.26129913,N1ZU,OPEN,Off-Air,Analog/analog,,,,,,2018-03-04
440.75000,445.75000,+,,,"Wilton",Fairfield,41.19540024,-73.43789673,W1SP,OPEN,On-Air,DMR,1,,,,,2019-12-06
440.76250,445.76250,+,,,"Bridgeport",Fairfield,41.18650055,-73.19519806,N1TGE,OPEN,On-Air,DMR,1,,,,,2019-12-06
440.80000,445.80000,+,,,"Colchester",New London,41.57569885,-72.33200073,K1JCL,OPEN,On-Air,DMR,1,,,,,2019-12-06
440.81250,435.81250,-,,,"Wolcott",New Haven,41.60229874,-72.98680115,KB1TTN,OPEN,On-Air,DMR,1,,,,,2019-12-06
440.86250,445.86250,+,,,"Vernon",Tolland,41.80130005,-72.41100311,AA1HD,OPEN,On-Air,DMR,1,,,,,2019-12-06
440.96250,445.96250,+,,,"New Milford",Litchfield,41.57699966,-73.40850067,NA1RA,OPEN,On-Air,DMR,1,,,,,2019-12-06
441.26250,446.26250,+,,,"Guilford",New Haven,41.28889847,-72.67440033,W1SP,OPEN,On-Air,DMR,1,,,,,2019-12-06
441.46250,446.46250,+,,,"New Haven",New Haven,41.30830002,-72.92790222,KB1TTN,OPEN,On-Air,DMR,1,,,,,2019-12-06
441.46250,446.46250,+,,,"Storrs",Tolland,41.80839920,-72.24949646,W1JLZ,OPEN,On-Air,DMR,2,,,,,2019-12-06
441.50000,446.50000,+,77.0,,"Fairfield",Fairfield,41.22040176,-73.23799896,N1LXV,OPEN,On-Air,Analog/analog,,,,,,2014-04-29
441.55000,446.55000,+,,,"Torrington",Litchfield,41.80059814,-73.12169647,W1HDN,OPEN,On-Air,DMR,1,,,,,2021-01-11
441.60000,446.60000,+,,,"Norwalk",Fairfield,41.11270142,-73.42199707,W1NLK,OPEN,On-Air,DStar,,,,,,2012-09-07
441.65000,446.65000,+,151.4,151.4,"Watertown",Litchfield,41.60609818,-73.11859894,KB1AEV,OPEN,On-Air,DStar/analog,,147345,4935,,,2021-08-02
441.70000,446.70000,+,77.0,77.0,"Bridgeport - Bridgeport Hospital",Fairfield,41.18939972,-73.16649628,N1KGN,OPEN,On-Air,Analog/analog,,441700,,,,2014-04-14
441.80000,446.80000,+,77.0,77.0,"Somers",Tolland,41.98519897,-72.44609833,N1TUP,OPEN,On-Air,Analog/analog,,147345,4395,,,2014-11-08
441.85000,446.85000,+,203.5,203.5,"Washington - Fenn Hill",Litchfield,41.63219833,-73.34410095,NA1RA,OPEN,On-Air,Analog/analog,,1124,,,,2019-02-24
442.05000,447.05000,+,,,"Avon",Hartford,41.80960083,-72.83049774,W1HDN,OPEN,On-Air,DMR,1,,,,,2021-01-11
442.10000,447.10000,+,,,"Newington - ARRL HEADQUARTERS",Hartford,41.71469879,-72.72850037,W1AW,OPEN,On-Air,DMR,1,,,,,2019-12-06
442.15000,447.15000,+,,,"Vernon",Tolland,41.79999924,-72.45500183,AA1HD,OPEN,On-Air,DStar,,,,,Wide area,2021-05-25
442.20000,447.20000,+,,,"Bridgeport",Fairfield,41.18650055,-73.19519806,AG2K,OPEN,On-Air,DMR,1,,,,,2019-12-06
442.30000,447.30000,+,88.5,88.5,"Terryville",Litchfield,41.67819977,-73.01090240,KB1CDI,OPEN,On-Air,Analog/analog,,13782,,,,2015-12-29
442.40000,447.40000,+,94.8,,"Enfield",Hartford,41.97499847,-72.54940033,K1ENF,OPEN,On-Air,Analog/analog,,,,,,2014-10-21
442.45000,447.45000,+,,,"Meriden",New Haven,41.53810120,-72.80750275,N1SZM,OPEN,Off-Air,Analog/analog,,,,,,2011-11-26
442.45000,447.45000,+,88.5,88.5,"Waterbury",New Haven,41.55820084,-73.05149841,KB1EPA,OPEN,On-Air,Analog/analog,,,,,,2015-11-18
442.50000,447.50000,+,D073,D073,"Woodbridge",New Haven,41.27059937,-72.94750214,W1WPD,OPEN,On-Air,Analog/analog,,46633,4663,,,2021-02-25
442.60000,447.60000,+,151.4,151.4,"Vernon",Tolland,41.81859970,-72.48000336,KB1AEV,OPEN,On-Air,Analog/analog,,147345,4395,,,2020-04-26
442.70000,447.70000,+,173.8,,"Farmington",Hartford,41.71969986,-72.83249664,N1GCN,OPEN,Off-Air,Analog/analog,,,,,,0000-00-00
442.85000,447.85000,+,,,"Bristol",Hartford,41.67169952,-72.94969940,K1CRC,OPEN,On-Air,Analog/analog,,,,,,2017-12-02
442.90000,447.90000,+,,,"Seymour",New Haven,41.39709854,-73.07479858,KA1HCX,OPEN,On-Air,DMR,1,,,,,2019-12-06
442.95000,447.95000,+,,,"Colchester",New London,41.57569885,-72.33200073,KB1YPL,OPEN,On-Air,DStar,,,,,,2012-11-18
443.05000,448.05000,+,100.0,,"Newington",Hartford,41.69779968,-72.72419739,W1OKY,OPEN,Off-Air,Analog/analog,,,,,,0000-00-00
443.10000,448.10000,+,114.8,,"Hartford",Hartford,41.76359940,-72.68560028,N1ABL,OPEN,Off-Air,Analog/analog,,,,,,0000-00-00
443.25000,448.25000,+,141.3,,"East Hartford",Hartford,41.78229904,-72.61199951,W1EHC,OPEN,On-Air,Analog/analog,,,,,,2017-01-04
443.30000,448.30000,+,114.8,,"Vernon",Tolland,41.81859970,-72.48000336,W1HDN,OPEN,On-Air,Analog/analog,,,,,,2017-01-04
443.40000,448.40000,+,103.5,,"Salem",New London,41.49029922,-72.27580261,KD1STR,OPEN,Off-Air,DStar,,,,,,0000-00-00
443.40000,448.40000,+,,,"Salem",New London,41.46279907,-72.24579620,KD1STR,OPEN,On-Air,DStar,,,,,,2017-07-15
443.45000,448.45000,+,100.0,,"Portland",Middlesex,41.57279968,-72.64109802,N1JML,OPEN,Off-Air,Analog/analog,,,,,,2011-11-26
443.55000,448.55000,+,77.0,,"Milford",New Haven,41.23070145,-73.06400299,N1LUF,OPEN,On-Air,Analog/analog,,,,,,2021-02-25
443.60000,448.60000,+,82.5,,"Torrington",Litchfield,41.80059814,-73.12169647,W1HDN,OPEN,Off-Air,Analog/analog,,,,,,2012-09-12
443.65000,448.65000,+,114.8,114.8,"Danbury - Danbury Hospital",Fairfield,41.40599823,-73.44599915,W1HDN,OPEN,On-Air,Analog/analog,,,,,,2013-12-23
443.75000,448.75000,+,77.0,77.0,"Vernon",Tolland,41.81869888,-72.47899628,W1BRS,OPEN,On-Air,Analog/analog,,,,,,2020-04-17
443.80000,448.80000,+,,,"Union",Tolland,41.99089813,-72.15730286,KB1NTA,OPEN,On-Air,DMR,1,,,,,2019-12-06
443.95000,448.95000,+,,,"Vernon",Tolland,41.81869888,-72.47899628,W1HDN,OPEN,On-Air,DMR,1,,,,,2019-12-06
444.00000,449.00000,+,,,"Westbrook",Middlesex,41.29600143,-72.46420288,W1BCG,OPEN,On-Air,DStar,,,,,,2016-06-10
444.10000,449.10000,+,,,"Killingly",Windham,41.83140182,-71.85030365,N1GAU,OPEN,On-Air,DStar,,147345,4395,,,2016-01-22
444.10000,449.10000,+,,,"Torrington",Litchfield,41.80070114,-73.12120056,N1GAU,OPEN,Off-Air,DStar,,,,,,2012-09-07
444.15000,449.15000,+,,,"Cromwell",Middlesex,41.66469955,-72.63970184,W1VLA,OPEN,On-Air,DMR,3,,,,,2019-12-06
444.20000,449.20000,+,151.4,,"Meriden",New Haven,41.53820038,-72.80699921,KB1AEV,OPEN,On-Air,Analog/analog,,147345,4395,,,2019-07-08
444.25000,449.25000,+,,,"Meriden",New Haven,41.56250000,-72.84429932,W1ECV,OPEN,On-Air,DStar,,,,,,2013-02-08
444.35000,449.35000,+,,,"Ansonia",New Haven,41.34329987,-73.07839966,K1EIR,OPEN,On-Air,DMR,2,,,,,2019-12-06
444.35000,449.35000,+,,,"Cornwall",Litchfield,41.84370041,-73.32929993,W1SP,OPEN,On-Air,DMR,1,,,,,2019-12-06
444.40000,449.40000,+,,,"Monroe",Fairfield,41.32260132,-73.26540375,KA1HCX,OPEN,On-Air,DMR,3,,,,,2019-12-06
444.40000,449.40000,+,88.5,88.5,"Rocky Hill",Hartford,41.68320084,-72.64720154,KB1CDI,OPEN,Unknown,DStar/analog,,,13782,,,2021-05-25
444.45000,449.45000,+,100.0,,"Hamden",New Haven,41.39580154,-72.89720154,N1GTL,OPEN,On-Air,Analog/analog,,,,,,2016-09-09
444.50000,449.50000,+,100.0,100.0,"Seymour - Exit 22 route 8",New Haven,41.14599991,-73.25039673,W0JAY,OPEN,On-Air,DMR,1,,,,,2019-12-06
444.55000,449.55000,+,,,"Durham",Middlesex,41.48180008,-72.68129730,KB1UHS,OPEN,On-Air,DStar,,,,,,2013-02-16
444.65000,449.65000,+,151.4,,"Bristol",Hartford,41.67169952,-72.94969940,KB1AEV,OPEN,Off-Air,Analog/analog,,,,,,2019-07-08
444.75000,449.75000,+,71.9,,"Rocky Hill",Hartford,41.66479874,-72.63929749,N1OTW,OPEN,Off-Air,Analog/analog,,,,,,2012-09-12
444.80000,449.80000,+,,,"East Killingly",Windham,41.84930038,-71.81870270,K1MUJ,OPEN,On-Air,DMR,1,,,,,2019-12-06
444.80000,449.80000,+,192.8,192.8,"Woodbury - Upper Grassy Hill Road",Litchfield,41.55110168,-73.25859833,NA1RA,OPEN,Off-Air,Analog/analog,,1124,,,,2019-03-21
444.85000,449.85000,+,100.0,100.0,"Ansonia",New Haven,41.34619904,-73.07900238,AC1KV,CLOSED,On-Air,Analog/analog,,13927,,,,2013-09-03
444.85000,449.85000,+,,,"Killingly",Windham,41.79119873,-71.83309937,K1JCL,OPEN,On-Air,DMR,1,,,,,2019-12-06
444.90000,439.90000,-,,,"Guilford",New Haven,41.28889847,-72.67440033,N1OFJ,OPEN,On-Air,DMR,1,,,,,2019-12-06
445.73750,440.73750,-,,,"Brooklyn",Windham,41.78810120,-71.94969940,KB1NTA,OPEN,On-Air,DMR,3,,,,,2019-12-06
445.73750,440.73750,-,,,"Danbury",Fairfield,41.39479828,-73.45400238,KX1EOC,OPEN,On-Air,DMR,1,,,,,2019-12-06
445.73750,450.73750,+,,,"Westbrook",Middlesex,41.29600143,-72.46420288,WB1EOC,OPEN,On-Air,DMR,2,,,,,2019-12-06
445.83750,440.83750,-,,,"Middlebury",New Haven,41.52790070,-73.12760162,WB1CQH,OPEN,On-Air,DMR,2,,,,,2019-12-06
445.83750,440.83750,-,,,"Sterling",Windham,41.70740128,-71.82990265,N1CLV,OPEN,On-Air,DMR,1,,,,,2019-12-06
445.88750,440.88750,-,,,"Somers",Tolland,41.98690033,-72.44200134,W1SP,OPEN,On-Air,DMR,1,,,,,2019-12-06
445.98750,440.98750,-,,,"Colchester",New London,41.57329941,-72.33149719,WH6SW,OPEN,On-Air,DMR,1,,,,,2019-12-06
446.32500,441.32500,-,203.5,,"Middletown",Middlesex,41.56230164,-72.65070343,N1SFE,OPEN,Off-Air,Analog/analog,,,,,,2011-11-26
446.43750,441.43750,-,,,"Bloomfield",Hartford,41.82649994,-72.73010254,W1SP,OPEN,On-Air,DMR,1,,,,,2019-12-06
446.45000,441.45000,-,,,"Southington",Hartford,41.60499954,-72.87920380,WD1STR,OPEN,Unknown,DStar,,,,,,2021-05-25
446.57500,441.57500,-,127.3,127.3,"Mystic",New London,41.35430145,-71.96649933,KB1JCP,OPEN,On-Air,Analog/analog,,,,,,2016-09-28
446.60000,441.60000,-,136.5,136.5,"Milford",New Haven,41.23070145,-73.06400299,KA1FAI,OPEN,On-Air,Analog/analog,,71794,3513,,,2018-12-08
446.72500,441.72500,-,123.0,,"New Britain",Hartford,41.66120148,-72.77950287,WA1VRP,OPEN,On-Air,Analog/analog,,,,,,2016-02-25
446.82500,441.82500,-,110.9,110.9,"Fairfield",Fairfield,41.14110184,-73.26419830,N3AQJ,OPEN,Off-Air,Analog/analog,,,,,,2015-11-01
446.87500,441.87500,-,156.7,,"Middletown",Middlesex,41.49589920,-72.61820221,K1IKE,OPEN,On-Air,P25/analog,,,,,,2020-12-06
446.92500,441.92500,-,77.0,77.0,"Durham/Middlefield",Middlesex,41.48180008,-72.68119812,KB1MMR,OPEN,On-Air,P25,141,313834,,,Wide area,2020-04-17
446.97500,441.97500,-,77.0,77.0,"Shelton",Fairfield,41.31650162,-73.09320068,W1VAR,OPEN,Off-Air,Analog/analog,,,,,,2013-09-08
447.07500,442.07500,-,110.9,,"Plainville",Hartford,41.67440033,-72.85859680,AA1WU,OPEN,On-Air,Analog/analog,,,,,,2012-03-09
447.12500,442.12500,-,,,"Stamford",Fairfield,41.05329895,-73.53919983,W1EE,OPEN,On-Air,DMR,2,,,,,2019-12-06
447.22500,442.22500,-,77.0,77.0,"Torrington",Litchfield,41.80059814,-73.12169647,KB1AEV,OPEN,On-Air,Analog/analog,,147345,4395,,,2016-05-18
447.27500,442.27500,-,123.0,123.0,"New Canaan",Fairfield,41.14680099,-73.49490356,N1LLL,OPEN,On-Air,YSF/analog,,,,,,2017-11-19
447.47500,442.47500,-,100.0,,"Winsted",Litchfield,41.92119980,-73.06009674,W1ECR,OPEN,On-Air,Analog/analog,,,,,,2016-12-29
447.67500,442.67500,-,D025,,"Orange",New Haven,41.25569916,-73.01660156,KC1LVB,OPEN,On-Air,YSF,,,,,,2019-11-12
447.77500,442.77500,-,100.0,,"Danbury - Spruce Mountain",Fairfield,41.35789871,-73.47599792,W1QI,OPEN,On-Air,Analog/analog,,1037,4593,,,2015-04-08
447.92500,442.92500,-,,,"Wallingford",New Haven,41.45700073,-72.82309723,K1IIG,OPEN,On-Air,DMR,1,,,,,2019-12-06
447.97500,442.97500,-,,,"Hartford",Hartford,41.76369858,-72.68509674,W1SP,OPEN,On-Air,DMR,1,,,,,2019-12-06
448.00000,443.00000,-,162.2,162.2,"Hartland",Hartford,41.99610138,-72.98000336,W1OBQ,OPEN,Off-Air,Analog/analog,,,,,,0000-00-00
448.00000,443.00000,-,162.2,192.8,"Meriden",New Haven,41.53810120,-72.80750275,W1OBQ,OPEN,Unknown,Analog/analog,,,,,,2021-07-10
448.07500,443.07500,-,,,"Norwalk",Fairfield,41.11750031,-73.40830231,W1NLK,OPEN,On-Air,DMR,1,,,,,2019-12-06
448.17500,443.17500,-,,,"Prospect - Fire Dept",New Haven,41.49879837,-72.97910309,W1LAS,OPEN,On-Air,DMR,1,,,,,2019-12-06
448.37500,443.37500,-,,,"Bristol - South Mountain",Hartford,41.64879990,-72.94730377,W1IXU,OPEN,Unknown,DStar,,,,,Wide area,2021-05-25
448.42500,443.42500,-,127.3,,"Groton",New London,41.34970093,-72.07910156,KB1CJP,OPEN,On-Air,Analog/analog,,,,,,2020-10-08
448.57500,443.57500,-,146.2,,"Farmington",Hartford,41.72779846,-72.84030151,WA1ARC,OPEN,Off-Air,Analog/analog,,,,,,2012-03-09
448.72500,443.72500,-,141.3,,"Bristol",Hartford,41.67169952,-72.94969940,W1DHT,OPEN,Off-Air,Analog/analog,,,,,,0000-00-00
448.72500,443.72500,-,77.0,77.0,"Bristol",Hartford,41.67179871,-72.94930267,WE1SPN,OPEN,On-Air,Analog/analog,,,,,,2013-03-25
448.87500,443.87500,-,,,"Bristol",Hartford,41.67169952,-72.94969940,WA1IXU,OPEN,On-Air,DMR,1,,,,,2021-01-11
448.97500,443.97500,-,,,"Mystic",New London,41.37720108,-71.98930359,KB1TMO,OPEN,On-Air,DStar,,,,,,2012-09-02
448.97500,443.97500,-,,,"Waterford",New London,41.38930130,-72.17030334,W1NLC,OPEN,On-Air,DMR,1,,,,,2019-12-06
449.12500,444.12500,-,,,"Glastonbury",Middlesex,41.68617940,-72.54507790,W1EDH,OPEN,On-Air,DMR,1,,,,,2021-02-22
449.22500,444.22500,-,77.0,,"Manchester",Hartford,41.77579880,-72.52189636,WA1YQB,OPEN,On-Air,Analog/analog,,,,,,2016-11-14
449.27500,444.27500,-,,,"Ledyard",New London,41.43980026,-72.01419830,W1SP,OPEN,On-Air,DMR,1,,,,,2019-12-06
449.30000,444.30000,-,218.1,,"Avon",Hartford,41.80970001,-72.83110046,N1KBY,OPEN,On-Air,Analog/analog,,,,,,2020-12-01
449.32500,444.32500,-,,,"Branford",New Haven,41.30810165,-72.92859650,N1HUI,OPEN,On-Air,DMR,1,,,,,2019-12-06
449.37500,444.37500,-,,,"Hebron",Tolland,41.65779877,-72.36640167,K1PTI,OPEN,Off-Air,Analog/analog,,,,,,0000-00-00
449.37500,444.37500,-,,141.3,"West Hartford",Hartford,41.76210022,-72.74199677,N1CRS,OPEN,Off-Air,Analog/analog,,,,,,2015-03-09
449.40000,444.40000,-,110.9,,"Bridgeport",Fairfield,41.16690063,-73.20529938,KA1HCX,OPEN,Off-Air,Analog/analog,,,,,,2014-07-09
449.47500,444.47500,-,,,"Northford - Bluff Head",New Haven,41.39369965,-72.79720306,NI1U,OPEN,On-Air,DMR,1,,,,,2019-12-06
449.57500,444.57500,-,79.7,,"Newington",Hartford,41.69779968,-72.72419739,WA1UTQ,OPEN,Off-Air,Analog/analog,,,,,,0000-00-00
449.62500,444.62500,-,110.9,,"Glastonbury",Hartford,41.71220016,-72.60859680,W1EDH,OPEN,On-Air,Analog/analog,,,,,,2013-10-01
449.72500,444.72500,-,156.7,,"Norwich",New London,41.52420044,-72.07640076,N1NW,OPEN,Off-Air,Analog/analog,,,,,,0000-00-00
449.77500,444.77500,-,,,"Torrington",Litchfield,41.80059814,-73.12169647,K1KGQ,OPEN,On-Air,NXDN,,,,,,2017-02-24
449.78130,444.78130,-,,,"Torrington",Litchfield,41.80030060,-73.12120056,,OPEN,On-Air,Analog/analog,,,,,,2015-12-07
449.82500,444.82500,-,,,"East Haven",New Haven,41.27610016,-72.86889648,KA1MJ,OPEN,On-Air,DMR,1,,,,,2019-12-06
449.87500,444.87500,-,,,"Coventry",Tolland,41.77000046,-72.30560303,K1JCL,OPEN,On-Air,DMR,1,,,,,2019-12-06
449.92500,444.92500,-,,,"West Haven",New Haven,41.27069855,-72.94699860,KB1TTN,OPEN,On-Air,DMR,1,,,,Wide area,2019-12-06
449.95000,444.95000,-,,,"Vernon",Tolland,41.81869888,-72.47899628,K1IIG,OPEN,Off-Air,DMR,1,,,,,2019-12-06
449.97500,444.97500,-,,,"Bristol",Hartford,41.80960083,-72.83049774,K1IFF,OPEN,On-Air,NXDN/analog,,,,,,2020-11-02
449.98750,444.98750,-,,,"Waterbury",New Haven,41.55720139,-73.05010223,K1IFF,OPEN,On-Air,NXDN,,,,,,2020-11-02
