Output Freq,Input Freq,Offset,Uplink Tone,Downlink Tone,"Location",County,Lat,Long,Call,Use,Op Status,Mode,Digital Access,EchoLink,IRLP,AllStar,Coverage,Last Update
223.82000,222.22000,-,127.3,,"Somers",Tolland,41.98529816,-72.44670105,W1TOM,OPEN,On-Air,Analog/analog,,,,,,2010-03-25
223.88000,222.28000,-,,,"Milford",New Haven,41.22800064,-73.01599884,N1JKA,OPEN,On-Air,Analog/analog,,,,,,2020-01-25
223.96000,222.36000,-,91.5,91.5,"Danbury - Spruce Mountain",Fairfield,41.35789871,-73.47599792,W1QI,OPEN,On-Air,Analog/analog,,1037,4593,,,2019-07-23
224.02000,222.42000,-,100.0,,"Newington",Hartford,41.69779968,-72.72419739,N1OGB,OPEN,Off-Air,Analog/analog,,,,,,0000-00-00
224.04000,222.44000,-,151.4,,"Watertown",Litchfield,41.60609818,-73.11859894,KB1ALU,OPEN,Off-Air,Analog/analog,,,,,,0000-00-00
224.08000,222.48000,-,,88.5,"New Haven - Yale New Haven",New Haven,41.30830002,-72.92790222,KB1CDI,OPEN,On-Air,Analog/analog,,,,,,2015-04-19
224.10000,222.50000,-,77.0,77.0,"Fairfield",Fairfield,41.14110184,-73.26419830,N3AQJ,OPEN,Off-Air,Analog/analog,,,,,,2015-11-01
224.12000,222.52000,-,82.5,,"Vernon",Tolland,41.81859970,-72.48000336,W1HDN,OPEN,On-Air,Analog/analog,,,,,,2012-10-08
224.14000,222.54000,-,103.5,,"Salem",New London,41.49029922,-72.27580261,W1DX,OPEN,Off-Air,Analog/analog,,,,,,2012-09-12
224.16000,222.56000,-,77.0,,"Bristol",Hartford,41.67169952,-72.94969940,KB1AEV,OPEN,On-Air,Analog/analog,,108930,4096,,,2010-09-24
224.18000,222.58000,-,,,"New Haven",New Haven,41.30810165,-72.92859650,WA1UFC,OPEN,Off-Air,Analog/analog,,,,,,0000-00-00
224.22000,222.62000,-,118.8,,"Bristol",Hartford,41.67169952,-72.94969940,WA1IXU,OPEN,On-Air,Analog/analog,,,,,,2012-10-08
224.26000,222.66000,-,156.7,156.7,"New London",New London,41.35570145,-72.09950256,W1NLC,OPEN,On-Air,Analog/analog,,,,,,2012-03-06
224.28000,222.68000,-,114.8,114.8,"West Hartford",Hartford,41.76190186,-72.74250031,N1XLU,OPEN,On-Air,Analog/analog,,,,,,2017-03-06
224.30000,222.70000,-,123.0,,"Rocky Hill",Hartford,41.66469955,-72.63970184,KJ1Q,OPEN,Off-Air,Analog/analog,,,,,,0000-00-00
224.30000,222.70000,-,88.5,,"Rocky Hill",Hartford,41.66479874,-72.63929749,KB1CDI,OPEN,Off-Air,Analog/analog,,,,,,2012-03-06
224.30000,222.70000,-,88.5,88.5,"Terryville",Litchfield,41.67819977,-73.01090240,K1MKY,OPEN,On-Air,Analog/analog,,,,,,2013-04-01
224.32000,222.72000,-,88.5,88.5,"Morris - Firehouse",Litchfield,41.69390106,-73.21060181,KB1CDI,OPEN,On-Air,Analog/analog,,13782,,,,2016-02-03
224.36000,222.76000,-,151.4,,"Vernon",Tolland,41.81859970,-72.48000336,KB1AEV,OPEN,On-Air,Analog/analog,,147345,4395,,,2020-03-01
224.38000,222.78000,-,103.5,,"Ledyard",New London,41.44219971,-72.01719666,W1DX,OPEN,On-Air,Analog/analog,,,,,,0000-00-00
224.46000,222.86000,-,,,"Naugatuck",New Haven,41.48580170,-73.05110168,WA1NQP,OPEN,Off-Air,Analog/analog,,,,,,0000-00-00
224.50000,222.90000,-,77.0,77.0,"West Haven",New Haven,41.27059937,-72.94750214,K1SOX,OPEN,On-Air,Analog/analog,,,,,,2015-04-02
224.60000,223.00000,-,123.0,,"Vernon",Tolland,41.81859970,-72.48000336,K1WMS,OPEN,On-Air,Analog/analog,,,,,,2012-10-08
224.68000,223.08000,-,123.0,,"Rocky Hill",Hartford,41.65729904,-72.66560364,N1JBS,OPEN,Off-Air,Analog/analog,,,,,,2008-10-22
224.68000,223.08000,-,,,"Wethersfield",Hartford,41.71419907,-72.65309906,KA1DFH,OPEN,Off-Air,Analog/analog,,,,,,0000-00-00
224.70000,223.10000,-,156.7,,"Hebron",Tolland,41.65779877,-72.36640167,N1CBD,OPEN,Off-Air,Analog/analog,,,,,,0000-00-00
224.72000,223.12000,-,,,"New Milford",Litchfield,41.57690048,-73.40889740,KA1RFM,OPEN,Off-Air,Analog/analog,,,,,,0000-00-00
224.78000,223.18000,-,88.5,88.5,"Rocky Hill",Hartford,41.66469955,-72.63970184,KB1CDI,OPEN,On-Air,Analog/analog,,,,,,2014-05-12
224.80000,223.20000,-,77.0,,"Meriden",New Haven,41.53810120,-72.80750275,K1HSN,OPEN,On-Air,Analog/analog,,,,,,2012-10-08
224.82000,223.22000,-,88.5,88.5,"Bristol",Hartford,41.67179871,-72.94930267,KB1CDI,OPEN,On-Air,Analog/analog,,13782,,,,2012-10-08
224.82000,223.22000,-,110.9,,"Montville",New London,41.45389938,-72.13670349,WA1IXU,OPEN,Off-Air,Analog/analog,,,,,,0000-00-00
224.84000,223.24000,-,127.3,,"Newington",Hartford,41.69779968,-72.72419739,W1AW,OPEN,Off-Air,Analog/analog,,,,,,0000-00-00
224.94000,223.34000,-,,,"Avon",Hartford,41.80970001,-72.83110046,W1JNR,OPEN,On-Air,Analog/analog,,,,,,2012-10-08
224.96000,223.36000,-,77.0,,"Bridgeport",Fairfield,41.16690063,-73.20529938,N1LXV,OPEN,On-Air,Analog/analog,,,,,,2021-02-10
