Output Freq,Input Freq,Offset,Uplink Tone,Downlink Tone,"Location",County,Lat,Long,Call,Use,Op Status,Mode,Digital Access,EchoLink,IRLP,AllStar,Coverage,Last Update
434.00000,1253.25000,s,,,"Burley",Cassia,42.53570175,-113.79299927,K6ZVA,OPEN,Unknown,Analog,,,,,,2021-05-03
440.92500,445.92500,+,,,"Coeur d'Alene - Blossom Mtn",Kootenai,47.65909958,-116.96399689,WA7DMR,OPEN,On-Air,DMR,1,,,,,2019-11-27
441.92500,446.92500,+,,,"Centerville",Boise,43.91267140,-115.89233530,KA7ERV,OPEN,On-Air,DMR,2,,,,,2021-05-08
441.92500,446.92500,+,,,"McCall",Valley,44.90620041,-116.11699677,N7IBC,OPEN,On-Air,DMR,1,,,,,2021-05-17
442.00000,447.00000,+,110.9,,"Spirit Lake",Kootenai,47.96630096,-116.86799622,K7ZOX,OPEN,On-Air,Analog/analog,,,,,,2012-04-13
442.00000,447.00000,+,100.0,100.0,"Twin Falls",Twin Falls,42.57735550,-114.51011400,KB7DFP,OPEN,On-Air,Analog/analog,,466734,,55215,,2021-09-18
442.10000,447.10000,+,103.5,,"Lewiston -  Craig Mountain",Nez Perce,46.07590103,-116.85199738,K7EI,CLOSED,On-Air,Analog/analog,,,,,,2008-11-18
442.10000,447.10000,+,100.0,100.0,"Salmon - Baldy Mountain",Lemhi,45.17580032,-113.89600372,AA7WG,,On-Air,Analog/analog,,,,,,2015-10-25
442.22500,447.22500,+,100.0,100.0,"Salmon - Baldy Mountain",Lemhi,45.17580032,-113.89600372,AA7WG,OPEN,On-Air,Analog/analog,,,,,,2015-10-25
442.30000,447.30000,+,100.0,100.0,"Jerome - Flat Top Butte",Jerome,42.73369980,-114.43599701,K7MVA,OPEN,On-Air,YSF/analog,,,,,Wide area,2020-12-30
442.50000,447.50000,+,103.5,,"McCall - Brundage Mountain",Adams,44.93389893,-116.13600159,KC7MCC,OPEN,On-Air,Analog/analog,,,,,,2021-08-06
442.50000,447.50000,+,131.8,131.8,"Sandpoint",Bonner,48.33140182,-116.69400024,K7BNR,OPEN,Off-Air,Analog/analog,,,,,,2018-04-08
442.60000,447.60000,+,100.0,100.0,"Meridian - Eagle Road and Ustick Road",Ada,43.63389969,-116.35399628,KC7LHV,OPEN,Unknown,YSF,,,,42253,,2021-03-01
442.60000,447.60000,+,100.0,100.0,"Twin Falls",Twin Falls,42.56299973,-114.46099854,W7CTH,CLOSED,On-Air,Analog/analog,,,3541,,,2019-02-11
442.77500,447.77500,+,100.0,100.0,"Kootenai - Schweitzer Mountain",Bonner,48.36800003,-116.62300110,KD7WPQ,OPEN,On-Air,Analog/analog,,725495,,43612,,2019-09-01
442.82500,447.82500,+,110.9,,"Mountain Home",Elmore,43.12950134,-115.69599915,K7ECI,OPEN,On-Air,Analog/analog,,,,,,2018-11-08
442.90000,447.90000,+,100.0,CSQ,"Marsing - French John Hill",Owyhee,43.40370178,-116.90299988,K7TRH,OPEN,On-Air,Analog/analog,,,,,Wide area,2021-07-27
442.97500,447.97500,+,100.0,100.0,"Post Falls - Blossom Peak",Kootenai,47.66220093,-116.94999695,KB6UMY,OPEN,On-Air,Analog/analog,,465683,3773,,,2018-11-08
443.00000,448.00000,+,100.0,100.0,"Idaho Falls - Quality Inn",Bonneville,43.49639893,-112.04499817,AG7EB,OPEN,On-Air,YSF/analog,,,,,Wide area,2020-12-29
443.00000,448.00000,+,,,"Meridian - American Legion Post 113",Ada,43.61029900,-116.39402100,N7LGN,OPEN,On-Air,YSF,,,,,,2021-08-22
443.02500,448.02500,+,100.0,,"Bonners Ferry",Boundary,48.66699982,-116.34200287,W7BFI,OPEN,On-Air,Analog/analog,,,,,,2017-12-17
443.05000,448.05000,+,114.8,,"Payette",Payette,44.07830048,-116.93299866,NB7C,OPEN,On-Air,Analog/analog,,43417,3417,,,2011-04-25
443.10000,448.10000,+,,,"Emmett - Squaw Butte",Gem,44.00124700,-116.41130800,N7CVR,OPEN,On-Air,YSF,,,,,Wide area,2021-11-12
443.20000,448.20000,+,100.0,,"Boise",Ada,43.64120102,-116.30000305,KB7SYE,OPEN,On-Air,Analog/analog,,,,,,2021-03-06
443.25000,448.25000,+,110.9,110.9,"Blacks Creek",Ada,43.48839000,-116.02837000,K7ZZL,OPEN,On-Air,Analog/analog,,,,,,2021-11-12
443.27500,448.27500,+,,136.5,"Post Falls - Idaho Mica Peak",Kootenai,47.71799850,-116.95200348,K7ID,OPEN,On-Air,YSF/analog,,,,,,2017-02-21
443.30000,448.30000,+,110.9,,"Cascade",Valley,44.51639938,-116.04100037,K7ZZL,OPEN,On-Air,Analog/analog,,,,,,2021-11-12
443.35000,448.35000,+,100.0,,"Idaho City - Grimes Creek",Boise,43.82849884,-115.83499908,K7WIR,OPEN,On-Air,YSF,,,,,,2020-11-02
443.55000,448.55000,+,100.0,100.0,"Marsing",Owyhee,43.54539871,-116.81300354,K7ZZL,OPEN,On-Air,YSF/analog,,,,,,2021-03-09
443.65000,448.65000,+,100.0,,"Fruitland",Payette,44.00510025,-116.91400146,KC7BSA,OPEN,On-Air,Analog/analog,,,3130,,,2010-03-24
443.70000,448.70000,+,,,"Emmett - Squaw Butte",Gem,44.01604200,-116.40526800,W7VOI,OPEN,On-Air,Analog,,,,,Wide area,2020-11-24
443.75000,448.75000,+,100.0,100.0,"Filer",Twin Falls,42.57194400,-114.61194400,KB7SQS,OPEN,On-Air,Analog,,720238,,549361,,2021-10-04
443.80000,448.80000,+,100.0,,"Boise",Ada,43.57080078,-116.31999969,N7DJX,OPEN,On-Air,YSF/analog,,,,,,2021-09-19
443.87500,448.87500,+,,,"Boise",Ada,43.54879300,-116.33975200,N7MKY,OPEN,On-Air,YSF,,,,,,2021-11-12
443.92500,448.92500,+,100.0,100.0,"Kamiah - KOA Campground",Idaho,46.21279907,-116.00399780,KD6MNA,OPEN,On-Air,Analog/analog,,,,,,2021-08-06
443.95000,448.95000,+,100.0,100.0,"Wendell",Gooding,42.77579880,-114.70400238,K8MPW,OPEN,On-Air,YSF,,,,,,2019-06-11
443.97500,448.97500,+,136.5,,"Coeur d'Alene - Canfield Mountain",Kootenai,47.69390106,-116.69799805,K7ID,OPEN,On-Air,Analog/analog,,426264,,,,2016-12-30
444.00000,449.00000,+,127.3,,"Kellogg -  Wardner Peak",Shoshone,47.49240112,-116.14399719,N7SZY,OPEN,On-Air,Analog/analog,,,,,,2011-02-05
444.07500,449.07500,+,,,"Boise - Table Rock",Ada,43.59763000,-116.14645000,WA7GSK,OPEN,On-Air,DMR,1,,,,,2021-11-12
444.10000,449.10000,+,156.7,156.7,"Nampa",Canyon,43.54069901,-116.56300354,NG7O,OPEN,On-Air,Analog/analog,,12532,4517,27131,,2021-07-12
444.12500,449.12500,+,,,"Yellowpine",Valley,44.96371000,-115.49492800,N7IBC,OPEN,Unknown,DMR,1,,,,,2021-09-13
444.17500,449.17500,+,100.0,100.0,"Melba - Hat Butte",Canyon,43.41120148,-116.58999634,K7LCD,OPEN,Unknown,YSF,,478568,,43854,,2021-03-01
444.25000,449.25000,+,110.9,,"Spirit Lake",Kootenai,47.94961000,-116.86750800,KC7TIG,OPEN,On-Air,Analog/analog,,,8350,27074,,2020-08-25
444.27500,449.27500,+,123.0,CSQ,"Boise - Downtown",Ada,43.61090088,-116.22799683,W7VWR,OPEN,On-Air,Analog/analog,,,,,,2020-04-28
444.35000,449.35000,+,,,"Boise - Shafer Butte",Boise,43.77150000,-116.08844000,W7VOI,OPEN,On-Air,DStar,,,,,Wide area,2021-11-12
444.40000,449.40000,+,,,"Cottonwood",Idaho,46.04899979,-116.34899902,,OPEN,Off-Air,Analog/analog,,,,,,0000-00-00
444.40000,449.40000,+,162.2,,"Lewiston",Nez Perce,46.41699982,-117.01699829,W7TRO,OPEN,On-Air,Analog/analog,,,7510,,,2017-06-08
444.47500,449.47500,+,D245,D245,"Boise - Deer Point",Ada,43.73749924,-116.12200165,KE7YD,OPEN,On-Air,Analog/analog,,,,,,2021-03-01
444.50000,449.50000,+,100.0,,"Idaho City - Shafer Butte",Boise,43.77159882,-116.08899689,WR7ID,OPEN,On-Air,Analog/analog,,,,,,2021-09-28
444.60000,449.60000,+,100.0,100.0,"Twin Falls - High School",Idaho,42.57252600,-114.44892600,KB7SQS,OPEN,On-Air,YSF/analog,,720238,,549361,,2021-10-04
444.65000,449.65000,+,110.9,,"Boise - Wilderness Ridge",Ada,43.67200089,-116.01899719,KA7EWN,OPEN,On-Air,Analog/analog,,,,,Wide area,2020-11-05
444.67500,449.67500,+,156.7,,"Boise",Ada,43.56592900,-116.32832800,KT7WW,OPEN,On-Air,Analog/analog,,,,,,2021-09-19
444.70000,449.70000,+,110.9,110.9,"Mountain Home",Elmore,43.13290024,-115.69100189,K7ECI,OPEN,On-Air,Analog/analog,,,,,,2021-04-29
444.72500,449.72500,+,100.0,100.0,"Boise",Ada,43.61360168,-116.20200348,W7VWR,OPEN,On-Air,Analog/analog,,,,,,2021-03-20
444.80000,449.80000,+,,,"Jerome",Jerome,42.72470093,-114.51799774,KF7VTM,OPEN,On-Air,DStar,,,,,,2021-08-06
444.87500,449.87500,+,100.0,,"Orofino",Clearwater,46.47940063,-116.25399780,K7EI,OPEN,On-Air,Analog/analog,,,,,,2016-01-08
444.90000,449.90000,+,100.0,100.0,"Idaho City - Shafer Butte",Boise,43.77159882,-116.08899689,W7VOI,OPEN,On-Air,Analog/analog,,,,,Wide area,2020-12-10
444.90000,449.90000,+,100.0,,"Lewiston - Lewiston Hill",Nez Perce,46.46340179,-116.97699738,K7EI,OPEN,On-Air,Analog/analog,,,,,Wide area,2013-06-17
444.92500,449.92500,+,100.0,,"Lewiston",Nez Perce,46.41699982,-117.01699829,K7EI,OPEN,Off-Air,Analog/analog,,,,,Wide area,2010-11-26
444.95000,449.95000,+,100.0,,"Cottonwood - Cottonwood Butte",Idaho,46.06869888,-116.46499634,K7EI,CLOSED,Off-Air,Analog/analog,,,,,,0000-00-00
444.97500,449.97500,+,100.0,,"Moscow - Moscow Mountain",Latah,46.80350113,-116.86900330,K7EI,CLOSED,Off-Air,Analog/analog,,,,,Wide area,2010-11-26
446.02500,446.02500,x,,,"Sandpoint",Bonner,48.27659988,-116.55300140,N7JCT,OPEN,On-Air,Analog/analog,,,,,,2014-08-02
447.40000,442.40000,-,,,"Cottonwood",Idaho,46.04899979,-116.34899902,,OPEN,Off-Air,Analog/analog,,,,,,0000-00-00
447.62000,442.62000,-,88.5,100.0,"Howe - Jumpoff Peak",Butte,43.78350067,-113.00499725,W7RUG,OPEN,On-Air,Analog/analog,,459433,3754,,Wide area,2020-12-29
447.70000,442.70000,-,88.5,88.5,"Soda Springs - Soda Point",Idaho,42.63309700,-111.69272000,KJ7YMA,OPEN,On-Air,Analog/analog,,,,,,2021-11-12
447.75000,442.75000,-,100.0,,"Pocatello",Bannock,42.87139893,-112.44499969,W7RSR,OPEN,Unknown,Analog/analog,,,,,,2020-12-30
447.87500,442.87500,-,,100.0,"Driggs - Relay Ridge",Madison,43.70700073,-111.34500122,KB7ITU,OPEN,On-Air,Analog/analog,,667390,3424,,,2020-12-29
447.95000,442.95000,-,,,"Blackfoot",Bingham,43.19049835,-112.34500122,WB6EVM,PRIVATE,On-Air,Analog/analog,,,,,,2014-04-21
447.98750,442.98750,-,,,"Malad City - Hess Pumice Plant",Oneida,42.19160080,-112.25099945,KI7WQR,OPEN,On-Air,DMR,1,,,,,2019-11-27
448.17500,443.17500,-,100.0,,"Iona - Iona Hill",Bonneville,43.52600098,-111.93199921,KD7SUF,OPEN,On-Air,Analog/analog,,,,,,2020-12-29
448.37500,453.37500,+,,,"Sandpoint",Bonner,48.27659988,-116.55300140,K7JEP,OPEN,On-Air,Analog/analog,,,,,,2014-08-12
448.60000,443.60000,-,100.0,100.0,"Rexburg - BYU-I",Madison,43.81560135,-111.78500366,K7WIP,OPEN,On-Air,Analog/analog,,,7186,,,2020-12-29
448.75000,443.75000,-,88.5,88.5,"Preston - P Hill",Franklin,42.09629822,-111.87699890,KE7TJB,OPEN,On-Air,Analog/analog,,,,,,2021-07-24
448.80000,443.80000,-,100.0,100.0,"Roberts",Jefferson,43.70449829,-112.12300110,KE7JFA,OPEN,Unknown,Analog/analog,,319230,3628,,,2020-12-29
448.90000,443.90000,-,,,"Idaho Falls",Bonneville,43.49160004,-112.03399658,KG7WZG,OPEN,On-Air,DStar,,,,,,2020-12-29
448.95000,443.95000,-,77.0,74.4,"Malad City - North side of Samaria Mountain",Oneida,42.19160080,-112.25099945,,OPEN,On-Air,Analog/analog,,,,,,2021-07-12
449.12500,444.12500,-,,,"Pocatello",Bannock,42.87129974,-112.44599915,WB6EVM,PRIVATE,On-Air,Analog/analog,,,,,,2013-02-18
449.20000,444.20000,-,100.0,100.0,"Burley - Mt Harrison",Cassia,42.31470108,-113.65799713,KC7SNN,OPEN,On-Air,YSF,,,,,Wide area,2021-03-14
449.37500,444.37500,-,88.5,,"Grace -  Sedgwick Peak",Caribou,42.51589966,-111.92299652,AE7T,OPEN,On-Air,Analog/analog,,,,,Wide area,2016-12-13
449.50000,444.50000,-,,,"Idaho Falls",Bonneville,43.49960000,-112.14700000,W7RUG,OPEN,On-Air,DMR,2,,,,,2020-12-29
449.67500,444.67500,-,,,"Pocatello",Bannock,42.87139893,-112.44499969,,OPEN,Unknown,Analog/analog,,,,,,2020-12-30
449.80000,444.80000,-,123.0,,"Driggs - Idaho",Idaho,43.72330093,-111.11100006,W7RAC,OPEN,On-Air,DMR,1,,,,,2020-04-28
449.85000,444.85000,-,,,"Eagle",Ada,43.74000168,-116.37000275,WV7I,OPEN,On-Air,YSF,,,,,,2021-03-05
449.90000,444.90000,-,100.0,100.0,"Weiser",Idaho,44.26705580,-116.98535970,AL7RR,OPEN,On-Air,Analog/analog,,,,54463,,2021-05-07
