Output Freq,Input Freq,Offset,Uplink Tone,Downlink Tone,"Location",County,Lat,Long,Call,Use,Op Status,Mode,Digital Access,EchoLink,IRLP,AllStar,Coverage,Last Update
223.94000,222.34000,-,100.0,,"Boise",Ada,43.61360168,-116.20200348,KB7ZD,OPEN,On-Air,Analog/analog,,,,,,2021-02-18
223.96000,222.36000,-,,,"Lewiston",Nez Perce,46.41699982,-117.01699829,KB7RKY,OPEN,Off-Air,Analog/analog,,,,,,0000-00-00
224.34000,222.74000,-,123.0,123.0,"Mountain Home",Elmore,43.14750000,-115.70052500,WA7ZAF,OPEN,On-Air,Analog/analog,,183279,,,,2021-05-08
224.50000,222.90000,-,100.0,,"Boise",Ada,43.61360168,-116.20200348,KA7EWN,OPEN,On-Air,Analog/analog,,,,,Wide area,2021-02-19
224.50000,222.90000,-,,,"Fruitland",Payette,44.00766390,-116.91654610,KA7CCP,OPEN,On-Air,Analog/analog,,,,,,2020-07-12
224.76000,223.16000,-,CSQ,,"Wallace - Goose Peak",Shoshone,47.56269836,-115.84400177,KB7BTU,OPEN,On-Air,Analog/analog,,,,,,2014-04-03
224.78000,223.18000,-,100.0,100.0,"Idaho Falls - Iona Hill",Bonneville,43.54491400,-111.88830000,KJ7LUD,OPEN,On-Air,Analog/analog,,577660,,52980,,2021-07-12
224.88000,223.28000,-,100.0,,"Emmett",Gem,43.87400055,-116.49800110,K7WIR,OPEN,Unknown,Analog/analog,,182942,,,Wide area,2021-03-06
224.92000,223.32000,-,100.0,,"Burley - Mt Harrison",Cassia,42.31470108,-113.65799713,N7ORY,OPEN,Unknown,Analog/analog,,,,,Wide area,2021-05-03
