Output Freq,Input Freq,Offset,Uplink Tone,Downlink Tone,"Location",County,Lat,Long,Call,Use,Op Status,Mode,Digital Access,EchoLink,IRLP,AllStar,Coverage,Last Update
145.12500,144.52500,-,,,"Moyie Springs",Boundary,48.69430161,-116.11900330,KF7MJA,OPEN,On-Air,DStar,,,,,,2010-11-13
145.13000,144.53000,-,100.0,,"Boise - Shafer Butte",Boise,43.77150000,-116.08842000,WA7FDR,OPEN,On-Air,Analog/analog,,,,,,2021-11-12
145.15000,144.55000,-,D026,D026,"Boise - Shafer Butte",Boise,43.77159882,-116.08899689,N7BOI,OPEN,On-Air,P25/analog,026,,,,,2021-04-15
145.17000,144.57000,-,100.0,100.0,"Murtaugh - Hansen Butte",Twin Falls,42.49300000,-114.22990000,KB7SQS,OPEN,On-Air,YSF/analog,,720238,,,,2021-05-29
145.19000,144.59000,-,67.0,,"Elk River - Elk Butte",Clearwater,46.78350067,-116.18000031,KF7WOR,OPEN,On-Air,Analog/analog,,,,,,2019-08-10
145.19000,144.59000,-,110.9,,"Mountain Home",Elmore,43.13290024,-115.69100189,K7ECI,OPEN,On-Air,Analog/analog,,,,,,2021-11-12
145.21000,144.61000,-,110.9,,"Boise - Table Rock",Ada,43.59862000,-116.14760000,W7YFX,OPEN,On-Air,Analog/analog,,,,,,2021-11-12
145.21000,144.61000,-,203.5,,"Lewiston -  Lewiston Hill",Nez Perce,46.46340179,-116.97699738,KK6RYR,OPEN,On-Air,Analog/analog,,,,,Wide area,2019-06-11
145.21000,144.61000,-,206.5,,"Peck - Teakean Butte",Nez Perce,46.59130096,-116.39099884,KK6RYR,OPEN,On-Air,Analog/analog,,,,,Wide area,2019-06-11
145.23000,144.63000,-,100.0,,"Island Park - Sawtell Peak",Fremont,44.56219864,-111.44400024,WA7FDR,OPEN,On-Air,Analog/analog,,,,,Wide area,2020-12-29
145.25000,144.65000,-,100.0,100.0,"Boise - Blacks Creek",Ada,43.48820114,-116.02899933,K3ZFF,OPEN,On-Air,Analog/analog,,,,,,2021-09-19
145.27000,144.67000,-,100.0,,"Burley - Mt Harrison",Cassia,42.31470108,-113.65799713,WA7FDR,OPEN,On-Air,Analog/analog,,,,,Wide area,2015-12-14
145.27000,144.67000,-,100.0,,"Orofino",Clearwater,46.47940063,-116.25399780,KD7ALJ,OPEN,Off-Air,Analog/analog,,,,,,0000-00-00
145.27000,144.67000,-,127.3,,"Sandpoint",Bonner,48.27669907,-116.55200195,AA7XM,OPEN,Unknown,Analog/analog,,,,,,2021-11-06
145.29000,144.69000,-,100.0,,"Boise - Boise Bench",Ada,43.50120163,-116.42299652,W7VOI,OPEN,On-Air,Analog/analog,,,,,,2021-03-01
145.31000,144.71000,-,100.0,,"Lowman - Pilot Peak",Boise,43.95999908,-115.68699646,KA7ERV,OPEN,On-Air,Analog/analog,,,,,,2019-11-06
145.33000,144.73000,-,123.0,,"Burley - Mt Harrison",Cassia,42.31470108,-113.65799713,K7ACA,OPEN,On-Air,Analog/analog,,,,,,2020-12-29
145.35000,144.75000,-,123.0,123.0,"Conkling Park",Kootenai,47.40105800,-116.76095200,W7KOW,OPEN,On-Air,Analog/analog,,,,,,2020-11-16
145.35000,144.75000,-,114.8,,"Deary",Latah,46.79899979,-116.55500031,N7WEE,OPEN,Off-Air,Analog/analog,,,,,,0000-00-00
145.35000,144.75000,-,100.0,100.0,"Melba - Hat Butte",Canyon,43.41120148,-116.58999634,K7LCD,OPEN,Unknown,YSF,,,,,,2021-03-12
145.37000,144.77000,-,100.0,,"Council - Council Mtn",Adams,44.72990036,-116.43800354,W7KAU,OPEN,On-Air,Analog/analog,,,,,,2019-11-22
145.37000,144.77000,-,88.5,88.5,"Soda Springs - Soda Point",Idaho,42.63309700,-111.69272000,KJ7YMC,OPEN,On-Air,Analog/analog,,,,,,2021-11-12
145.39000,144.79000,-,100.0,,"Weiser - Sheep Creek",Washington,44.36109924,-116.96099854,K7OJI,OPEN,On-Air,YSF,,,,,,2019-03-03
145.41000,144.81000,-,114.8,,"Boise - United States",Elmore,43.61599740,-116.21066960,KD7RMB,OPEN,On-Air,Analog/analog,,,,,,2021-05-08
145.41000,146.01000,+,114.8,114.8,"Cleft",Elmore,43.23929977,-115.85099792,KD7RMB,OPEN,On-Air,Analog/analog,,,,,,2019-04-21
145.41000,144.81000,-,77.0,,"Coolin - Priest Lake",Bonner,48.47959900,-116.84899902,N7KAM,OPEN,On-Air,Analog/analog,,,,,,2020-08-11
145.41000,144.81000,-,100.0,100.0,"Rexburg - BYU-I",Madison,43.81259918,-111.78500366,K7BYI,OPEN,On-Air,Analog/analog,,893936,7186,,,2020-12-29
145.45000,144.85000,-,,,"Moyie Springs",Boundary,48.70750046,-116.09600067,AF7LJ,OPEN,On-Air,Analog/analog,,,,,,2016-10-19
145.47000,144.87000,-,100.0,100.0,"Idaho City - Shafer Butte",Boise,43.75439835,-116.09600067,WI7ATV,OPEN,On-Air,YSF/analog,,,,,,2021-03-14
145.49000,144.89000,-,,,"Orofino",Clearwater,46.47940063,-116.25399780,KC7VBT,OPEN,On-Air,YSF/analog,,,,,,2016-01-08
145.49000,144.89000,-,136.5,136.5,"Sandpoint - Hoodoo Mountain",Bonner,48.07880020,-116.95400238,K7JEP,OPEN,On-Air,Analog/analog,,,7612,,,2020-02-14
145.50000,144.90000,-,,,"Boise - Shafer Butte",Boise,43.75943300,-116.08164900,W7VOI,OPEN,On-Air,DStar,,,,,,2021-03-14
146.49000,145.89000,-,100.0,,"Pollock - Whitebird Ridge",Idaho,45.32826000,-116.36688000,WB7TYK,OPEN,On-Air,Analog/analog,,,,,,2021-06-05
146.62000,146.02000,-,100.0,,"Cascade - Snowbank Mountain",Valley,44.41550064,-116.10199738,W7VOI,OPEN,On-Air,Analog/analog,,,,,,2021-08-14
146.62000,146.02000,-,88.5,100.0,"Kooskia",Idaho,46.18000031,-115.95800018,KK3ARC,OPEN,On-Air,Analog/analog,,,,,,2015-02-10
146.64000,146.04000,-,,,"Iona - Iona Hill",Bonneville,43.52600098,-111.93199921,K7EFZ,OPEN,On-Air,Analog/analog,,,,,,2018-07-25
146.64000,146.04000,-,,,"McCall",Valley,44.90620041,-116.11699677,W7ELE,OPEN,Off-Air,DMR,1,,,,,2019-11-27
146.66000,146.06000,-,100.0,100.0,"Jerome - Flat Top Butte",Jerome,42.73509979,-114.43900299,K7MVA,OPEN,On-Air,Analog/analog,,,,,,2020-12-30
146.68000,146.08000,-,100.0,,"Grangeville",Idaho,45.86301700,-116.12280000,KC7MGR,OPEN,On-Air,Analog/analog,,,,,,2020-11-04
146.68000,146.08000,-,100.0,100.0,"Middleton - Freezeout Saddle",Canyon,43.71500000,-116.68040000,W7VWR,OPEN,Unknown,YSF,,,,,,2021-03-09
146.70000,146.10000,-,100.0,,"Emmett - Squaw Butte",Gem,44.01600000,-116.40500000,W7VOI,OPEN,On-Air,Analog/analog,,,,,Wide area,2020-12-22
146.70000,146.10000,-,,,"Moscow -  Paradise Ridge",Latah,46.67779922,-116.97599792,WB7TBM,OPEN,On-Air,Analog/analog,,,,,,2016-11-22
146.70000,146.10000,-,100.0,,"Rexburg - Water Tower",Madison,43.81520081,-111.77700043,N7UNY,OPEN,On-Air,Analog/analog,,,,,,2020-12-29
146.74000,146.14000,-,100.0,100.0,"Emmett - Squaw Butte",Gem,43.97851100,-116.40804900,N7UBO,OPEN,On-Air,Analog,,,,,,2021-07-24
146.74000,146.14000,-,,,"Idaho Falls - County Landfill",Bonneville,43.51696500,-112.01516300,K7EFZ,OPEN,On-Air,Analog/analog,,,,,,2020-12-29
146.76000,146.16000,-,100.0,100.0,"Kimberly - Hansen Butte",Twin Falls,42.50030136,-114.23500061,K7MVA,OPEN,On-Air,Analog/analog,,,,,,2020-12-30
146.76000,146.16000,-,131.8,,"Orofino - Wells Bench",Clearwater,46.52320099,-116.19799805,K7NDX,OPEN,On-Air,Analog/analog,,,,,,2016-01-08
146.78000,146.18000,-,100.0,100.0,"Boise",Ada,43.61259842,-116.21099854,W7VWR,OPEN,On-Air,Analog/analog,,,,,,2021-03-01
146.78000,146.18000,-,110.9,110.9,"Challis - Grouse Peak",Custer,44.50460052,-114.23200226,AA7WG,OPEN,On-Air,Analog/analog,,,,,,2015-10-27
146.78000,146.18000,-,123.0,100.0,"Sagle - Gold Hill",Bonner,48.23989868,-116.49700165,K7JEP,OPEN,Unknown,Analog/analog,,,,,,2021-11-06
146.80000,146.20000,-,88.5,,"Grace - Sedgwick Peak",Bannock,42.51589966,-111.92299652,AE7TA,OPEN,On-Air,Analog/analog,,,,,Wide area,2016-12-13
146.82000,146.22000,-,127.3,,"Moscow - Moscow Mountain",Latah,46.80360031,-116.86799622,WA7HWD,OPEN,On-Air,Analog/analog,,,,,Wide area,2018-10-13
146.82000,146.22000,-,100.0,,"Pocatello",Bannock,42.92070007,-112.34600067,AD7UI,OPEN,On-Air,Analog/analog,,,,,,2016-08-26
146.84000,146.24000,-,100.0,,"Cottonwood - Cottonwood Butte",Idaho,46.06869888,-116.46499634,KB7VOL,OPEN,On-Air,Analog/analog,,,,,,2014-12-18
146.84000,146.24000,-,100.0,,"Idaho City - Shafer Butte",Boise,43.77140045,-116.08799744,W7VOI,OPEN,On-Air,Analog/analog,,,,,Wide area,2020-12-10
146.85000,146.25000,-,100.0,,"Howe - Jumpoff Peak",Butte,43.75609970,-113.09999847,WA7FDR,OPEN,On-Air,Analog/analog,,,,,Wide area,2021-09-04
146.86000,146.26000,-,,,"Lewiston",Nez Perce,46.41699982,-117.01699829,W7VJD,OPEN,On-Air,Analog/analog,,,,,,2016-05-31
146.88000,146.28000,-,100.0,100.0,"Marsing",Owyhee,43.54539871,-116.81300354,K7ZZL,OPEN,On-Air,YSF/analog,,,,,,2021-03-09
146.88000,146.28000,-,100.0,,"Menan - Menan Buttes",Madison,43.78960037,-111.96900177,K7ENE,OPEN,On-Air,Analog/analog,,,,,,2020-12-29
146.90000,146.30000,-,123.0,,"McCall - Brundage Mtn",Valley,45.00659943,-116.13400269,KC7MCC,OPEN,On-Air,Analog/analog,,,,,,2019-10-20
146.92000,146.32000,-,110.9,,"Lewiston -  Craig Mountain",Nez Perce,46.19120026,-116.82599640,K7EI,OPEN,On-Air,Analog/analog,,,,,,2015-09-06
146.94000,146.34000,-,123.0,,"Driggs - Relay Ridge",Teton,43.71170044,-111.34999847,K7ENE,OPEN,On-Air,Analog/analog,,328034,,,,2020-07-15
146.94000,146.34000,-,100.0,,"Idaho City - Shafer Butte",Boise,43.77170181,-116.08799744,K7BSE,OPEN,On-Air,Analog/analog,,,,,Wide area,2021-11-12
146.94000,146.34000,-,127.3,,"Kellogg - Wardner Peak",Shoshone,47.49240112,-116.14399719,N7SZY,OPEN,On-Air,Analog/analog,,,,,,2021-04-15
146.96000,146.36000,-,123.0,,"Bonners Ferry - Black Mountain",Boundary,48.61059952,-116.25700378,W7BFI,OPEN,On-Air,Analog/analog,,505896,,,,2012-02-28
146.96000,146.36000,-,,,"Cascade",Valley,44.47499847,-115.98200226,W7CIA,OPEN,On-Air,DMR,1,,,,,2021-04-03
146.96000,146.36000,-,,,"Lewiston -  Lewiston Hill",Nez Perce,46.46340179,-116.97699738,W7VJD,OPEN,Off-Air,Analog/analog,,,,,Wide area,2010-11-26
146.96000,146.36000,-,100.0,,"Moore - Mike Betts Home",Butte,43.73540115,-113.35500336,N7GJV,OPEN,Off-Air,Analog/analog,,,,,,2020-12-19
146.98000,146.38000,-,127.3,,"Post Falls - Mica Peak",Kootenai,47.62229919,-116.98799896,K7ID,OPEN,On-Air,Analog/analog,,,,,,2017-09-23
146.98000,146.38000,-,100.0,,"Salmon - Baldy Summit",Lemhi,45.14509964,-114.00800323,AA7WG,OPEN,On-Air,Analog/analog,,,,,,2015-10-25
147.00000,146.40000,-,100.0,,"Burley - Mt Harrison",Cassia,42.32580185,-113.65599823,KC7SNN,OPEN,On-Air,Analog/analog,,,,,Wide area,2015-10-18
147.02000,147.62000,+,100.0,,"Fish Haven - Laketown Radio Site",Bear Lake,42.03720093,-111.39600372,K7OGM,OPEN,On-Air,Analog/analog,,,,,,2021-09-05
147.02000,147.62000,+,100.0,100.0,"McCall - No Business Mountain",Adams,44.76539993,-116.19999695,KC7MCC,OPEN,On-Air,Analog/analog,,,,,Wide area,2021-05-18
147.02000,147.62000,+,,,"Mullan - Lookout Pass",Shoshone,47.45640182,-115.69599915,K7HPT,OPEN,On-Air,Analog/analog,,,,,,2009-12-03
147.03000,147.63000,+,100.0,100.0,"Salmon - Old Dump Hill above Salmon",Lemhi,45.17580032,-113.89600372,AA7WG,OPEN,On-Air,Analog/analog,,439297,3601,,,2015-10-25
147.04000,147.64000,+,100.0,,"Bonners Ferry",Boundary,48.66699982,-116.34200287,W7BFI,OPEN,On-Air,Analog/analog,,,,,,2017-08-29
147.04000,147.64000,+,123.0,,"Silver City - War Eagle",Owyhee,43.00680161,-116.70500183,N7LKA,OPEN,On-Air,Analog/analog,,,,,,2020-05-29
147.06000,147.66000,+,100.0,,"Pocatello -  Scout Mountain",Bannock,42.67800140,-112.34600067,N7PI,OPEN,On-Air,Analog/analog,,,,,,2021-07-13
147.08000,147.68000,+,100.0,,"Post Falls - Mica Peak",Kootenai,47.62229919,-116.98799896,KC7ODP,OPEN,On-Air,Analog/analog,,,,,,2012-02-26
147.10000,147.70000,+,100.0,100.0,"Kimberly - Hansen Butte",Twin Falls,42.50019836,-114.23600006,K7MVA,OPEN,Off-Air,Analog/analog,,,,,,2018-02-17
147.12000,147.72000,+,123.0,,"Montpelier - M-Hill",Bear Lake,42.31999969,-111.28900146,AG7BL,OPEN,On-Air,Analog/analog,,,,,,2018-11-21
147.12000,147.72000,+,,,"Priest River - Hoodoo Mountain",Bonner,48.07889938,-116.95200348,WB7TBN,OPEN,On-Air,Analog/analog,,,,,,2012-02-28
147.12000,147.72000,+,100.0,,"Weiser - Sheep Creek",Washington,44.32709885,-116.93299866,K7OJI,OPEN,On-Air,YSF,,,,,Wide area,2020-11-18
147.14000,147.74000,+,123.0,,"Driggs - Relay Ridge",Teton,43.71160126,-111.34999847,W7RAC,OPEN,On-Air,YSF/analog,,,,,,2020-07-15
147.14000,147.74000,+,100.0,100.0,"Sawtooth City - Galena Peak",Blaine,43.87080002,-114.71299744,WX7XX,OPEN,On-Air,YSF/analog,,,,,,2020-11-16
147.16000,147.76000,+,100.0,,"Twin Falls - Deer Mtn",Twin Falls,41.84199905,-115.47100067,KA7CVV,OPEN,On-Air,Analog/analog,,,,,,2017-03-16
147.18000,147.78000,+,100.0,100.0,"Ketchum - Bald Mountain",Blaine,43.66059875,-114.40399933,WX7XX,OPEN,On-Air,YSF/analog,,,,,Wide area,2020-11-16
147.18000,147.78000,+,118.8,118.8,"Wallace - Goose Peak",Shoshone,47.56269836,-115.84400177,KB7BYR,OPEN,On-Air,Analog/analog,,390597,,,,2018-11-08
147.20000,147.80000,+,100.0,100.0,"Emmett - Squaw Butte",Gem,44.01900101,-116.40499878,K7WIR,OPEN,On-Air,YSF,,,,,Wide area,2020-11-28
147.20000,147.80000,+,,,"Jerome",Jerome,42.71998730,-114.52403410,K7WIR,OPEN,On-Air,YSF,,,,,,2020-11-03
147.22000,147.82000,+,,,"Emmett",Gem,43.87350082,-116.49900055,N7UBO,OPEN,Unknown,Analog/analog,,,,,,2021-03-09
147.22000,147.82000,+,136.5,,"Rathdrum",Kootenai,47.81250000,-116.89600372,N7ESU,OPEN,On-Air,Analog/analog,,,,,,2016-12-11
147.24000,147.84000,+,,,"Pocatello",Bannock,42.87139893,-112.44499969,,OPEN,Unknown,Analog/analog,,,,,,2020-12-30
147.24000,147.84000,+,100.0,,"Silver City - War Eagle Mountain",Owyhee,43.00011000,-116.70010000,W7VOI,OPEN,On-Air,Analog/analog,,,,,Wide area,2020-11-17
147.26000,147.86000,+,100.0,100.0,"Boise - Hewlett-Packard Campus",Ada,43.65349960,-116.32299805,AB7HP,OPEN,On-Air,Analog/analog,,,,,,2021-11-12
147.26000,147.86000,+,88.5,88.5,"St. Marie's - St. Joe Baldy ",Benewah,47.36380005,-116.41300201,KB7SIJ,OPEN,On-Air,NXDN,,,,,,2018-07-14
147.28000,147.88000,+,100.0,100.0,"Post Falls - Blossom Peak",Kootenai,47.66220093,-116.94999695,KB6UMY,OPEN,On-Air,Analog/analog,,465683,3773,,,2018-11-03
147.30000,147.90000,+,100.0,,"Boise",Ada,43.61360168,-116.20200348,N7DJX,OPEN,On-Air,Analog/analog,,,,,,2021-03-06
147.30000,147.90000,+,,,"Pocatello",Bannock,42.87129974,-112.44499969,KA7MLM,OPEN,Unknown,Analog/analog,,,,,,2020-12-30
147.32000,147.92000,+,100.0,,"Boise",Ada,43.61360168,-116.20200348,N7FYZ,OPEN,On-Air,Analog/analog,,,,,,2021-03-05
147.32000,147.92000,+,103.5,,"Moscow - Moscow Mtn",Latah,46.73239899,-117.00000000,KA7FVV,OPEN,On-Air,Analog/analog,,,3282,,,2019-02-11
147.32000,147.92000,+,167.9,167.9,"Naples - Peterson Hill",Boundary,48.61660004,-116.37500000,NK7I,OPEN,On-Air,Analog/analog,,352588,7962,,,2020-07-12
147.34000,147.94000,+,100.0,,"Mountain Home - Rattlesnake Butte",Elmore,43.13290024,-115.69100189,K7ECI,OPEN,On-Air,Analog/analog,,,,,,2021-04-29
147.34000,147.94000,+,,,"Pocatello",Bannock,42.87139893,-112.44499969,K9GP,OPEN,Unknown,Analog/analog,,,,,,2020-12-30
147.36000,147.96000,+,100.0,,"Marsing - French John Hill",Owyhee,43.40370178,-116.90299988,K7TRH,OPEN,On-Air,Analog/analog,,,,,Wide area,2021-07-27
147.36000,147.96000,+,100.0,,"Pocatello - Kinport Peak",Bannock,42.80680084,-112.48799896,N7PI,OPEN,On-Air,Analog/analog,,,,,,2020-12-30
147.38000,146.78000,-,D026,D026,"Boise - Seaman's Gulch",Ada,43.70629883,-116.26699829,N7BOI,OPEN,On-Air,Analog/analog,,,,,,2020-11-16
147.38000,147.98000,+,88.5,,"Montpelier",Bear Lake,42.32220078,-111.29799652,AC7TJ,OPEN,On-Air,Analog/analog,,,,,,2016-09-06
147.52000,147.52000,x,123.0,,"Pocatello",Bannock,42.87129974,-112.44599915,KF7FY,OPEN,On-Air,Analog/analog,,520814,3568,,,2017-08-06
