Output Freq,Input Freq,Offset,Uplink Tone,Downlink Tone,"Location",County,Lat,Long,Call,Use,Op Status,Mode,Digital Access,EchoLink,IRLP,AllStar,Coverage,Last Update
223.82000,222.22000,-,,CSQ,"Joliet",Will,41.52500153,-88.08170319,W9OFR,OPEN,On-Air,Analog/analog,,,,,,2020-11-05
223.84000,222.24000,-,110.9,,"Lake Zurich",Lake,42.19699860,-88.09339905,K9SA,OPEN,On-Air,Analog/analog,,,,,,2016-11-30
223.86000,222.26000,-,103.5,,"Lovington - Grain Elevator",Moultrie,39.71559906,-88.63259888,KR9X,OPEN,On-Air,Analog/analog,,,,,,2015-07-03
223.86000,222.26000,-,110.9,,"Westmont",Du Page,41.79589844,-87.97560120,N9TO,OPEN,On-Air,Analog/analog,,,8190,,,2017-04-24
223.88000,222.28000,-,110.9,,"Chicago",Cook,41.84999847,-87.65010071,KC9EBB,OPEN,On-Air,Analog/analog,,,,,,2017-07-01
223.88000,222.28000,-,118.8,,"Rockford",Winnebago,42.27109909,-89.09400177,W9AXD,OPEN,On-Air,Analog/analog,,,,,,2013-01-09
223.90000,222.30000,-,94.8,,"Mount Pulaski",Logan,40.00900600,-89.28567800,N9NWI,OPEN,On-Air,Analog/analog,,,,,,2020-06-21
223.92000,222.32000,-,114.8,,"Plato Center",Kane,42.02659988,-88.43060303,W8ZS,CLOSED,Off-Air,Analog/analog,,,,,,2016-05-21
223.94000,222.34000,-,110.9,,"Forest City",Mason,40.36999893,-89.82759857,WI9MP,OPEN,Off-Air,Analog/analog,,,,,,2015-12-22
223.94000,222.34000,-,110.9,,"Schaumburg",Cook,42.03340149,-88.08339691,N9EP,OPEN,Unknown,Analog/analog,,,,,,2020-04-13
223.96000,222.36000,-,110.9,,"Park Forest",Cook,41.49140167,-87.67449951,WB9UAR,OPEN,Unknown,Analog/analog,,,,,,2020-04-13
224.02000,222.42000,-,103.5,103.5,"Chicago",Cook,41.84999847,-87.65010071,W9TMC,OPEN,On-Air,Analog/analog,,,,,,2020-04-23
224.02000,222.42000,-,100.0,,"Dallas City",Hancock,40.63619995,-91.16739655,KC9JIC,OPEN,Unknown,Analog/analog,,,,,Wide area,2021-08-22
224.04000,222.44000,-,118.8,,"Rockford",Winnebago,42.27109909,-89.09400177,K9AMJ,OPEN,On-Air,Analog/analog,,,,,,2016-09-01
224.06000,222.46000,-,110.9,,"Chicago",Cook,41.84999847,-87.65010071,WD9GEH,OPEN,Off-Air,Analog/analog,,,,,,2013-01-01
224.06000,222.46000,-,127.3,,"Edwardsville - Edwardsville Water Tower - Gerber Rd",Madison,38.78559875,-89.93910217,W9AIU,OPEN,Unknown,Analog/analog,,,,,,2021-10-01
224.08000,222.48000,-,156.7,,"Dunlap",Peoria,40.86169815,-89.67870331,N9BBO,OPEN,Off-Air,Analog/analog,,,,,,2012-12-20
224.10000,222.50000,-,110.9,,"Chicago",Cook,41.84999847,-87.65010071,WA9ORC,OPEN,On-Air,Analog/analog,,,,,,2020-04-23
224.12000,222.52000,-,127.3,,"Belleville - Turkey Hill",Saint Clair,38.46979904,-89.90070343,K9GXU,OPEN,On-Air,Analog/analog,,,,,,2016-09-18
224.12000,222.52000,-,118.8,,"Mount Morris",Ogle,42.05030060,-89.43119812,K9AMJ,OPEN,On-Air,Analog/analog,,,,,Wide area,2016-06-01
224.14000,222.54000,-,103.5,,"Mulberry Grove - TNG Wireless Tower",Bond,38.99039841,-89.31390381,W9KXQ,OPEN,On-Air,Analog/analog,,,4029,,,2018-05-25
224.14000,222.54000,-,110.9,110.9,"Wheaton",Du Page,41.86019897,-88.12280273,W9CCU,OPEN,On-Air,Analog/analog,,,,,,2020-12-25
224.16000,222.56000,-,110.9,,"Brookfield",Cook,41.82389832,-87.85169983,K9SAD,OPEN,Off-Air,Analog/analog,,,,,,2013-01-09
224.18000,222.58000,-,110.9,,"Worth",Cook,41.68899918,-87.79750061,WA9ORC,OPEN,On-Air,Analog/analog,,,,,,2020-04-10
224.20000,222.60000,-,110.9,,"Naperville",Du Page,41.78590012,-88.14730072,W9NPD,OPEN,On-Air,Analog/analog,,,,,,2013-01-09
224.22000,222.62000,-,110.9,,"Bloomingdale",Du Page,41.95750046,-88.08090210,K9NB,OPEN,Off-Air,Analog/analog,,,,,,2012-12-20
224.24000,222.64000,-,110.9,,"Deerfield",Lake,42.17110062,-87.84449768,KA9REN,OPEN,On-Air,Analog/analog,,,,,,2017-06-04
224.28000,222.68000,-,114.8,,"Belvidere",Boone,42.27109909,-89.09400177,N9CWQ,OPEN,On-Air,Analog/analog,,,,,,2016-04-28
224.30000,222.70000,-,110.9,,"Oak Lawn",Cook,41.72000122,-87.74800110,KB9NTX,OPEN,On-Air,Analog/analog,,,,,,2021-10-14
224.32000,222.72000,-,110.9,110.9,"Northbrook",Cook,42.10100174,-87.87300110,NS9RC,OPEN,On-Air,Analog/analog,,,,,,2016-11-30
224.34000,222.74000,-,103.5,,"Chicago",Cook,41.84999847,-87.65010071,W9RA,OPEN,Off-Air,Analog/analog,,,,,,2012-04-30
224.36000,222.76000,-,110.9,,"Lisle",Du Page,41.80110168,-88.07479858,WA9WSL,OPEN,On-Air,Analog/analog,,345647,,,,2015-12-15
224.38000,222.78000,-,110.9,,"Rolling Meadows",Cook,42.08420181,-88.01309967,WB9WNK,OPEN,On-Air,Analog/analog,,,,,,2017-01-23
224.40000,222.80000,-,110.9,,"Batavia",Kane,41.84999847,-88.31259918,W9XA,OPEN,On-Air,Analog/analog,,,4846,,,2013-01-13
224.42000,222.82000,-,114.8,,"New Lenox",Will,41.51200104,-87.96559906,N2BJ,OPEN,On-Air,Analog/analog,,,,,,2017-11-08
224.44000,222.84000,-,103.5,,"Greenville",Bond,38.89580154,-89.41010284,AD9OV,OPEN,On-Air,Analog/analog,,228190,4385,,,2019-12-03
224.44000,222.84000,-,118.8,,"Rockford",Winnebago,42.27109909,-89.09400177,K9AMJ,OPEN,On-Air,Analog/analog,,,,,,2016-05-05
224.46000,222.86000,-,107.2,107.2,"Bloomington - BMI",McLean,40.47999954,-88.98999786,K9MBS,OPEN,On-Air,Analog/analog,,,,,,2016-06-04
224.48000,222.88000,-,110.9,110.9,"Bridgeview",Cook,41.75000000,-87.80419922,KB9EPL,OPEN,On-Air,Analog/analog,,,,,,2017-10-30
224.48000,222.88000,-,94.8,,"Tallula",Menard,39.94449997,-89.93730164,W9DUA,OPEN,Unknown,Analog/analog,,,,,,2020-03-30
224.52000,222.92000,-,110.9,110.9,"Chicago",Cook,41.93099976,-87.63970184,WM9W,OPEN,On-Air,Analog/analog,,218858,,,,2020-04-09
224.54000,222.94000,-,110.9,,"Bolingbrook",Will,41.69860077,-88.06839752,K9BAR,OPEN,Off-Air,Analog/analog,,,,,,2012-12-24
224.56000,222.96000,-,110.9,,"Schaumburg",Cook,42.03340149,-88.08339691,K9EL,OPEN,Off-Air,Analog/analog,,554337,,,,2014-05-10
224.58000,222.98000,-,110.9,,"Buffalo Grove",Cook,42.15140152,-87.95980072,WB9TAL,OPEN,Off-Air,Analog/analog,,,,,,2012-12-17
224.60000,223.00000,-,110.9,,"Glenview",Cook,42.06980133,-87.78780365,W9AP,OPEN,Off-Air,Analog/analog,,,,,,2012-12-18
224.62000,223.02000,-,110.9,,"Lisle",Du Page,41.80110168,-88.07479858,W9AEK,OPEN,On-Air,Analog/analog,,,,,,2017-02-05
224.64000,223.04000,-,123.0,123.0,"Alton - OSF Saint Anthony's Health Center",Madison,38.90800095,-90.17299652,K9HAM,OPEN,On-Air,Analog/analog,,,,,,2020-11-21
224.64000,223.04000,-,110.9,110.9,"West Chicago",Du Page,41.88479996,-88.20400238,N9XP,OPEN,On-Air,Analog/analog,,,,,,2016-07-05
224.66000,223.06000,-,,,"Schaumburg",Cook,42.03340149,-88.08339691,WB9YBM,OPEN,Unknown,Analog/analog,,,,,,2020-04-13
224.68000,223.08000,-,110.9,,"Downers Grove",Du Page,41.80889893,-88.01119995,W9DUP,OPEN,On-Air,Analog/analog,,,5370,,,2015-06-15
224.70000,223.10000,-,100.0,,"Crystal Lake",McHenry,42.24110031,-88.31620026,K9VI,OPEN,On-Air,Analog/analog,,,,,,2016-06-02
224.70000,223.10000,-,151.4,,"Maryville",Madison,38.72370148,-89.95590210,KG9OV,OPEN,Unknown,Analog/analog,,,4316,,,2021-09-30
224.76000,223.16000,-,110.9,,"Schaumburg",Cook,42.03340149,-88.08339691,N9CXQ,OPEN,Unknown,Analog/analog,,,,,,2020-04-13
224.78000,223.18000,-,,,"Park Ridge",Cook,42.01110077,-87.84059906,WA9ZMY,OPEN,On-Air,Analog/analog,,,,,,2017-06-19
224.82000,223.22000,-,,,"Hinsdale - Hinsdale Central High School",Du Page,41.80089951,-87.93699646,K9ONA,OPEN,On-Air,Analog/analog,,841437,,,,2014-05-07
224.84000,223.24000,-,82.5,,"Eagleton",Cook,39.00419998,-87.72730255,W9IMP,OPEN,Off-Air,Analog/analog,,,,,,2016-12-05
224.84000,223.24000,-,118.8,,"Mount Morris",Ogle,42.05030060,-89.43119812,K9AMJ,OPEN,On-Air,Analog/analog,,,,,,2013-01-09
224.86000,223.26000,-,110.9,,"Lake Zurich",Lake,42.19699860,-88.09339905,W9SRO,OPEN,Off-Air,Analog/analog,,,,,,2012-12-18
224.86000,223.26000,-,,,"Lanark",Carroll,42.10219955,-89.83350372,WB9NLQ,OPEN,On-Air,Analog/analog,,,,,,2015-06-15
224.88000,223.28000,-,110.9,,"Schaumburg",Cook,42.03300095,-88.08300018,KB2MAU,OPEN,Off-Air,Analog/analog,,,,,,2012-12-20
224.92000,223.32000,-,74.4,,"Freeport",Stephenson,42.29669952,-89.62120056,W9FN,OPEN,On-Air,Analog/analog,,,,,,2016-07-21
224.92000,223.32000,-,110.9,,"Oswego",Kendall,41.68280029,-88.35150146,NK9M,OPEN,Off-Air,Analog/analog,,,,,,2013-04-22
224.92000,223.32000,-,103.5,,"Versailles",Brown,39.88499832,-90.65599823,KB9JVU,OPEN,On-Air,Analog/analog,,,,,,2015-03-29
224.94000,223.34000,-,114.8,,"Lockport",Will,41.58950043,-88.05780029,N2BJ,OPEN,Off-Air,Analog/analog,,27022,,,,2012-12-18
224.96000,223.36000,-,110.9,,"Cary",McHenry,42.21319962,-88.24770355,KO9H,OPEN,On-Air,DStar,,,,,,2019-06-01
224.98000,223.38000,-,110.9,,"Schiller Park",Cook,41.95589828,-87.87090302,WB9AET,OPEN,Off-Air,Analog/analog,,,,,,2013-01-01
