Output Freq,Input Freq,Offset,Uplink Tone,Downlink Tone,"Location",County,Lat,Long,Call,Use,Op Status,Mode,Digital Access,EchoLink,IRLP,AllStar,Coverage,Last Update
145.10500,144.50500,-,,,"Groveland",Tazewell,40.59249878,-89.53450012,W9PIA,OPEN,On-Air,DStar,,,,,,2018-08-23
145.11000,144.51000,-,127.3,,"Shiloh",Saint Clair,38.56140137,-89.89730072,AA9RT,OPEN,On-Air,Analog/analog,,,,,,2021-06-27
145.13000,144.53000,-,123.0,123.0,"Bethalto - St. Louis Regional Airport",Madison,38.89120102,-90.05470276,K9HAM,OPEN,On-Air,P25/analog,293,,,,,2021-07-20
145.13000,144.53000,-,88.5,,"Fairfield",Wayne,38.37889862,-88.35980225,KC9TON,OPEN,On-Air,Analog/analog,,,,,,2017-04-03
145.13000,144.53000,-,,,"Herod - Williams Hill",Pope,37.58229828,-88.47560120,KB9JNO,OPEN,On-Air,YSF,,,,,,2020-01-30
145.13000,144.53000,-,107.2,,"Kankakee",Kankakee,41.11999893,-87.86119843,W9AZ,OPEN,On-Air,Analog/analog,,,,,,2020-03-04
145.13000,144.53000,-,114.8,,"Mount Morris",Ogle,42.05030060,-89.43119812,K9AMJ,OPEN,Unknown,Analog/analog,,,,,,2021-07-16
145.15000,144.55000,-,94.8,,"Pana",Christian,39.38890076,-89.08010101,KB9TZQ,OPEN,On-Air,YSF/analog,,,,,,2019-10-11
145.15000,144.55000,-,103.5,103.5,"Yorkville",Kendall,41.61209869,-88.44159698,WX9KRC,OPEN,On-Air,YSF/analog,,,,,,2019-01-26
145.16500,145.16500,x,,,"Pekin",Tazewell,40.55624190,-89.61323100,N9RMG,OPEN,On-Air,Analog/analog,,541063,,,,2021-10-05
145.17000,144.57000,-,107.2,,"Naperville",Du Page,41.78590012,-88.14730072,WA9WSL,OPEN,On-Air,Analog/analog,,,,,,2020-03-01
145.19000,144.59000,-,114.8,,"Darien",Du Page,41.74829865,-87.97380066,W9ANL,OPEN,On-Air,Analog/analog,,522596,,,,2020-02-13
145.19000,144.59000,-,71.9,71.9,"Ina - Rend Lake College - Theater Building",Jefferson,38.13169861,-88.91799927,W9RLC,OPEN,On-Air,Analog/analog,,,,,,2021-04-15
145.19500,144.59500,-,,,"Cadwell",Moultrie,39.68109894,-88.52169800,W9BIL,OPEN,On-Air,DStar,,,,,,2013-01-21
145.21000,144.61000,-,114.8,,"Morrison",Whiteside,41.80970001,-89.96510315,KA9QYS,OPEN,On-Air,YSF,,,,,,2020-04-26
145.21000,144.61000,-,107.2,107.2,"New Lenox",Will,41.51200104,-87.96559906,WB9IRL,OPEN,On-Air,Analog/analog,,,,,,2019-08-10
145.23000,144.63000,-,79.7,,"Alton - Verizon Cell Tower - Yaekel Ave",Madison,38.90250015,-90.19490051,K9HAM,OPEN,On-Air,Analog/analog,,204755,,,Wide area,2020-09-06
145.23000,144.63000,-,107.2,107.2,"Schaumburg",Cook,42.03340149,-88.08339691,K9IIK,OPEN,On-Air,Analog/analog,,575848,,27833,Wide area,2019-08-06
145.25000,144.65000,-,77.0,77.0,"Anna",Union,37.45360184,-89.25189972,KD9EVL,CLOSED,Unknown,Analog/analog,,,,,,2021-07-22
145.25000,144.65000,-,151.4,,"Dallas City",Hancock,40.60979843,-91.17530060,KC9JIC,OPEN,On-Air,Analog/analog,,,,,Wide area,2018-05-12
145.25000,144.65000,-,156.7,156.7,"Joliet",Will,41.52500153,-88.08170319,KC9PLK,OPEN,On-Air,Analog/analog,,,,,,2021-03-14
145.27000,144.67000,-,107.2,107.2,"Elburn",Kane,41.89229965,-88.47229767,W9DWP,OPEN,On-Air,P25,293,,,,,2019-08-10
145.29000,144.69000,-,107.2,107.2,"Antioch",Lake,42.47719955,-88.09559631,KA9VZD,OPEN,On-Air,Analog/analog,,,,,,2020-04-24
145.29000,144.69000,-,123.0,,"Carlinville",Macoupin,39.27980042,-89.88179779,N9OWS,OPEN,On-Air,Analog/analog,,,,,Wide area,2018-12-08
145.29000,144.69000,-,103.5,103.5,"Utica",La Salle,41.34059906,-89.01010132,KC9CFU,OPEN,On-Air,Analog/analog,,,,,,2021-03-08
145.31000,144.71000,-,,,"Alto Pass - Blue Water Tower",Union,37.57030106,-89.31759644,K9GOX,OPEN,On-Air,YSF,,,,,,2017-06-13
145.31000,144.71000,-,79.7,,"Elsah - Principia College",Jersey,38.95619965,-90.35980225,N9YN,OPEN,On-Air,Analog/analog,,,,,,2016-08-05
145.31000,144.71000,-,107.2,107.2,"Wheaton",Du Page,41.86610031,-88.10700226,W9CCU,OPEN,On-Air,YSF/analog,,,,,,2021-07-26
145.33000,144.73000,-,107.2,107.2,"Crystal Lake",McHenry,42.24110031,-88.31620026,N9HEP,OPEN,On-Air,Analog/analog,,,,,,2021-03-15
145.33000,144.73000,-,82.5,82.5,"Dallas City",Hancock,40.60979843,-91.17530060,KC9JIC,OPEN,On-Air,YSF/analog,,,,,Wide area,2017-03-22
145.33000,144.73000,-,186.2,,"Mattoon",Coles,39.48310089,-88.37280273,KF9NB,OPEN,Off-Air,Analog/analog,,,,,,2013-12-24
145.35000,144.75000,-,103.5,103.5,"Bloomington - BMI",McLean,40.47999954,-88.98999786,K9MBS,OPEN,On-Air,Analog/analog,,,,,Wide area,2019-11-03
145.35000,144.75000,-,D072,D072,"Park Ridge",Cook,41.84999847,-87.65010071,WA9ORC,OPEN,On-Air,YSF/analog,,,,,,2019-08-05
145.37000,144.77000,-,186.2,,"Charleston",Coles,39.49610138,-88.17620087,KF9NB,OPEN,Off-Air,Analog/analog,,,,,,2013-12-24
145.37000,144.77000,-,156.7,,"Dunlap",Peoria,40.86169815,-89.67870331,N9BBO,OPEN,On-Air,Analog/analog,,,,,,2013-12-08
145.37000,144.77000,-,107.2,107.2,"Schaumburg - Motorola Solutions Campus",Cook,42.06750107,-88.05229950,K9SO,OPEN,Unknown,P25,,,,,,2021-03-14
145.39000,144.79000,-,107.2,107.2,"Carol Stream",Du Page,41.91639900,-88.12234100,W9CCU,OPEN,On-Air,Analog/analog,,,,,,2021-08-06
145.39000,144.79000,-,79.7,,"Mascoutah",Saint Clair,38.49029922,-89.79319763,KD9WWE,OPEN,Off-Air,Analog/analog,,,,,,2018-06-11
145.39000,144.79000,-,94.8,94.8,"Mount Pulaski",Logan,40.01060104,-89.28250122,N9NWI,OPEN,On-Air,Analog/analog,,,,,,2021-03-14
145.41000,144.81000,-,103.5,,"Bement",Piatt,39.92200089,-88.57199860,K9IYP,OPEN,Unknown,Analog/analog,,,,,,2021-04-07
145.41000,144.81000,-,114.8,114.8,"McHenry",McHenry,42.35599899,-88.31659698,N9WMN,OPEN,On-Air,P25/analog,293,,,,,2021-03-15
145.43000,144.83000,-,77.0,77.0,"Anna - AJ Water Tower",Union,37.46030045,-89.24700165,WA9LM,OPEN,On-Air,Analog/analog,,,,,,2021-07-24
145.43000,144.83000,-,107.2,,"Downers Grove",Du Page,41.83020020,-88.02380371,W9DUP,OPEN,On-Air,Analog/analog,,510580,5370,,,2020-11-04
145.43000,144.83000,-,103.5,103.5,"Pittsfield - Pike County Sheriff Office Tower",Pike,39.60810089,-90.80429840,W9TRA,OPEN,On-Air,Analog/analog,,,,,,2019-03-22
145.43000,144.83000,-,79.7,,"Taylorville",Christian,39.54890060,-89.29450226,N9FU,OPEN,Unknown,Analog/analog,,,,,,2020-03-27
145.43000,144.83000,-,127.3,,"Waterloo",Monroe,38.33700180,-90.15110016,N9OMD,OPEN,On-Air,Analog/analog,,,,,,2016-08-05
145.45000,144.85000,-,127.3,,"Granite City",Madison,38.70140076,-90.14869690,KZ9G,OPEN,On-Air,Analog/analog,,,,,,2020-01-02
145.45000,144.85000,-,103.5,,"Pekin",Tazewell,40.56750107,-89.64070129,KA9GCI,OPEN,On-Air,Analog/analog,,,,,,2019-03-22
145.47000,144.87000,-,123.0,,"Godfrey",Madison,38.95560074,-90.18679810,N9GGF,OPEN,On-Air,Analog/analog,,,,,,2018-02-12
145.47000,144.87000,-,103.5,103.5,"St Charles",Kane,41.91999817,-88.30000305,KC9OEM,OPEN,On-Air,Analog/analog,,,,,,2020-08-21
145.49000,144.89000,-,225.7,225.7,"Galva",Henry,41.15900040,-90.04219818,W9GFD,OPEN,On-Air,YSF/analog,,,,,Wide area,2020-03-22
145.49000,144.89000,-,79.7,,"Newton",Jasper,38.99089813,-88.16249847,K9ZN,OPEN,On-Air,Analog/analog,,,,,,2016-10-14
145.49000,144.89000,-,107.2,,"Westmont",Du Page,41.79589844,-87.97560120,WB9UGX,OPEN,On-Air,Analog/analog,,,,,,2021-03-20
146.61000,146.01000,-,103.5,103.5,"Metamora",Woodford,40.82866700,-89.31866700,K9WRA,OPEN,On-Air,YSF/analog,,,,28079,Wide area,2021-03-24
146.61000,146.01000,-,167.9,167.9,"Oblong ",Crawford,39.01050186,-87.90979767,W9DJF,OPEN,On-Air,YSF/analog,,,,,,2020-06-15
146.61000,146.01000,-,114.8,114.8,"Rockford",Winnebago,42.27109909,-89.09400177,W9AXD,OPEN,On-Air,YSF/analog,,,,,,2021-07-20
146.62500,146.02500,-,107.2,,"Mattoon",Coles,39.48310089,-88.37280273,KA9LRZ,OPEN,Off-Air,Analog/analog,,,,,,0000-00-00
146.62500,146.02500,-,114.8,,"Tampico",Whiteside,41.63029861,-89.78620148,N9ORQ,OPEN,On-Air,Analog/analog,,,,,,2019-12-06
146.64000,146.04000,-,156.7,156.7,"Bloomington",McLean,40.48419952,-88.99369812,W9AML,OPEN,On-Air,Analog/analog,,,,27722,,2021-03-14
146.64000,146.04000,-,107.2,107.2,"Blue Island - Metro South Hospital",Cook,41.65800095,-87.67749786,W9SRC,OPEN,On-Air,Analog/analog,,763923,,,,2020-11-03
146.64000,146.04000,-,103.5,,"Gillespie",Macoupin,39.12979889,-89.81950378,WA9FDP,OPEN,On-Air,Analog/analog,,,,,,2018-05-04
146.64000,146.04000,-,88.5,88.5,"Marion",Williamson,37.72299957,-88.95359802,W9RNM,OPEN,On-Air,Analog/analog,,564519,,,,2021-04-06
146.65500,146.05500,-,162.2,162.2,"Cadwell - Grain Elevator",Moultrie,39.68109894,-88.52169800,W9BIL,OPEN,On-Air,YSF,,,,,,2021-04-15
146.65500,146.05500,-,D072,D072,"Huntley",McHenry,42.19910049,-88.43679810,KC9ONA,OPEN,On-Air,YSF/analog,,,,,,2018-08-02
146.65500,146.05500,-,107.2,107.2,"Lisle",Du Page,41.80110168,-88.07479858,W9AUX,OPEN,On-Air,Analog/analog,,,,,,2020-11-04
146.65500,146.05500,-,179.9,,"Metropolis - Cook Coal Terminal",Massac,37.18059921,-88.77890015,KM4LDP,OPEN,On-Air,Analog/analog,,,,,,2019-09-20
146.65500,146.05500,-,173.8,,"Monmouth",Warren,40.91139984,-90.64739990,KD9J,OPEN,On-Air,Analog/analog,,,,,,2020-10-01
146.67000,146.07000,-,103.5,103.5,"Groveland",Tazewell,40.60441600,-89.53310600,W9TAZ,OPEN,On-Air,YSF/analog,,,,,,2020-09-10
146.67000,146.07000,-,107.2,107.2,"Melrose Park",Cook,41.90060043,-87.85669708,WB9AET,OPEN,On-Air,Analog/analog,,,,,Wide area,2017-03-06
146.68500,146.08500,-,110.9,110.9,"Pontiac - Pontiac Police/Fire Dept",Livingston,40.88138900,-88.63000000,N9LOE,OPEN,On-Air,YSF/analog,,,,,,2021-01-02
146.68500,146.08500,-,94.8,,"Springfield",Sangamon,39.80170059,-89.64369965,WI9K,OPEN,On-Air,Analog/analog,,,,,,2021-03-06
146.70000,146.10000,-,103.5,103.5,"Flora - Water Tower",Clay,38.67390060,-88.49099731,AI9F,OPEN,On-Air,Analog/analog,,,,,,2019-12-27
146.70000,146.10000,-,100.0,,"Schaumburg",Cook,42.03340149,-88.08339691,WB9PHK,OPEN,Off-Air,DMR/analog,1,,,,,2021-02-14
146.71500,146.11500,-,103.5,103.5,"Beardstown",Cass,40.01750183,-90.42430115,W9ACU,OPEN,On-Air,YSF/analog,,,,,,2017-07-01
146.71500,146.11500,-,,,"Morris",Grundy,41.35729980,-88.42120361,KC9KKO,OPEN,Off-Air,DMR,1,,,,,2019-12-07
146.73000,146.13000,-,88.5,88.5,"Carbondale",Jackson,37.72729874,-89.21679688,W9UIH,OPEN,On-Air,Analog/analog,,,,,,2021-04-15
146.73000,146.13000,-,107.2,,"Chicago",Cook,41.75999832,-87.56999969,K9QKW,OPEN,On-Air,Analog/analog,,,,,,2021-03-07
146.73000,146.13000,-,123.0,123.0,"Decatur - Citizen's Building",Macon,39.84322085,-88.95415226,K9HGX,OPEN,On-Air,Analog/analog,,151741,,,,2021-04-26
146.73000,146.13000,-,100.0,,"DeKalb - Water Tower",Dekalb,41.93159866,-88.78240204,WA9CJN,OPEN,On-Air,Analog/analog,,,,,,2021-06-07
146.74500,146.14500,-,88.5,,"Vandalia",Fayette,38.96060181,-89.09369659,KC9ISQ,OPEN,On-Air,Analog/analog,,,,,,2021-01-02
146.76000,146.16000,-,162.2,162.2,"Champaign",Champaign,40.12630081,-88.29039764,K9CU,OPEN,On-Air,Analog/analog,,8231,,,,2020-02-13
146.76000,146.16000,-,107.2,107.2,"Chicago - Lincoln Park",Cook,41.91139984,-87.62680054,WA9ORC,OPEN,On-Air,P25,293,,,,,2021-04-25
146.76000,146.16000,-,103.5,103.5,"Kickapoo - Near Exit",Peoria,40.69359970,-89.58899689,K9WRA,OPEN,On-Air,YSF/analog,,,,,,2021-10-11
146.76000,146.16000,-,94.8,,"Noble",Richland,38.69749832,-88.22370148,KC9RHG,OPEN,On-Air,NXDN/analog,,,,,,2018-03-31
146.77500,146.17500,-,103.5,103.5,"Jacksonville",Morgan,39.73389816,-90.22899628,K9JX,OPEN,On-Air,YSF/analog,,,,,,2019-11-22
146.77500,146.17500,-,100.0,,"Rock Island",Rock Island,41.50949860,-90.57879639,W9WRL,OPEN,On-Air,YSF,,,,,,2018-03-12
146.77500,146.17500,-,100.0,100.0,"Roscoe",Winnebago,42.41329956,-89.00930023,W9USA,OPEN,On-Air,Analog/analog,,,,,,2019-08-05
146.79000,146.19000,-,103.5,103.5,"Bloomington",McLean,40.48419952,-88.99369812,WD9HRU,OPEN,On-Air,Analog/analog,,,,,Wide area,2021-03-14
146.79000,146.19000,-,127.3,127.3,"Edwardsville - SIUE Water Tower",Madison,38.80009842,-90.00379944,W9AIU,OPEN,On-Air,P25/analog,585,,,,,2021-02-01
146.79000,146.19000,-,107.2,107.2,"Elgin",Kane,42.03730011,-88.28119659,WR9ABQ,OPEN,On-Air,P25/analog,293,,,,Wide area,2019-09-20
146.80500,146.20500,-,88.5,,"Benton - Rend Lake",Franklin,37.99670029,-88.92009735,KC9RFU,OPEN,On-Air,Analog/analog,,,,,Wide area,2021-06-23
146.80500,146.20500,-,107.2,107.2,"Hazel Crest",Cook,41.57170105,-87.69450378,WD9HSY,OPEN,On-Air,Analog/analog,,,,,,2021-06-07
146.80500,146.20500,-,94.8,94.8,"Pawnee",Sangamon,39.59170151,-89.58039856,N9RYR,OPEN,On-Air,Analog/analog,,,,,,2021-10-17
146.80500,146.20500,-,114.8,114.8,"Rockford",Winnebago,42.27109909,-89.09400177,K9AMJ,OPEN,On-Air,Analog/analog,,,,,,2019-08-05
146.82000,146.22000,-,88.5,,"Allerton",Vermilion,39.91170120,-87.93640137,W9MJL,OPEN,Unknown,Analog/analog,,,,,,2021-04-07
146.82000,146.22000,-,103.5,,"Gillespie",Macoupin,39.12979889,-89.81950378,WA9FDP,OPEN,On-Air,Analog/analog,,,,,,2019-02-17
146.82000,146.22000,-,107.2,,"Joliet",Will,41.52500153,-88.08170319,W9OFR,OPEN,Unknown,Analog/analog,,,,,,2021-03-15
146.83500,146.23500,-,79.7,,"Taylorville",Christian,39.54890060,-89.29450226,N9FU,OPEN,Unknown,Analog/analog,,,,,,2020-03-27
146.83500,146.23500,-,91.5,91.5,"Woodstock - McHenry County Government Center",McHenry,42.34080124,-88.44069672,K9ESV,OPEN,On-Air,Analog/analog,,,,,,2021-01-07
146.85000,146.25000,-,88.5,88.5,"Alto Pass - Bald Knob Cross",Union,37.57030106,-89.31759644,K9GOX,OPEN,On-Air,Analog/analog,,817516,,45525,,2021-08-06
146.85000,146.25000,-,100.0,,"Chicago",Cook,41.84999847,-87.65010071,WA9DZO,OPEN,Unknown,Analog/analog,,,,,,2021-03-20
146.85000,146.25000,-,103.5,,"Glasford - Glasford Volunteer Fire Dept",Peoria,40.57059860,-89.81439972,K9PEO,OPEN,On-Air,Analog/analog,,,,,,2017-03-19
146.85000,146.25000,-,179.9,179.9,"Loda",Iroquois,40.51750183,-88.07199860,W9NKX,OPEN,Unknown,Analog/analog,,,,,,2021-04-07
146.85000,146.25000,-,114.8,114.8,"Sterling",Whiteside,41.78860092,-89.69619751,W9MEP,OPEN,On-Air,Analog/analog,,,,,,2019-08-19
146.86500,146.26500,-,94.8,,"Carlinville - Macoupin County Courthouse",Macoupin,39.27980042,-89.88179779,K9MCE,OPEN,On-Air,Analog/analog,,,,,,2020-03-22
146.86500,146.26500,-,103.5,103.5,"Lasalle",La Salle,41.33340073,-89.09179688,KB9LNK,OPEN,Unknown,Analog/analog,,,,,Wide area,2021-03-07
146.88000,146.28000,-,107.2,107.2,"Chicago",Cook,41.84999847,-87.65010071,K9GFY,OPEN,On-Air,Analog/analog,,,,,,2016-05-12
146.88000,146.28000,-,88.5,,"Herod - Williams Hill",Pope,37.58229828,-88.47560120,WS9CAN,OPEN,On-Air,Analog/analog,,,,,,2019-08-11
146.89500,146.29500,-,110.9,110.9,"Effingham - St. Anthony's Hospital",Effingham,39.12580109,-88.55220032,K9UXZ,OPEN,On-Air,Analog/analog,,,,,,2021-04-15
146.89500,146.29500,-,103.5,103.5,"Lasalle",La Salle,41.33340073,-89.09179688,KB9LNK,OPEN,On-Air,Analog/analog,,,,,Wide area,2016-07-15
146.91000,146.31000,-,103.5,,"Tremont",Tazewell,40.52750015,-89.49259949,WA9DKO,OPEN,On-Air,Analog/analog,,,,,,2019-03-22
146.92500,146.32500,-,100.0,100.0,"Schaumburg",Cook,42.03340149,-88.08339691,WA9VGI,OPEN,On-Air,Analog/analog,,,,,Wide area,2021-05-29
146.94000,146.34000,-,107.2,107.2,"Kankakee",Kankakee,41.11999893,-87.86119843,W9AZ,OPEN,On-Air,Analog/analog,,517002,,,Wide area,2017-04-24
146.94000,146.34000,-,94.8,,"Mount Carmel",Wabash,38.41090012,-87.76139832,AI9H,OPEN,On-Air,Analog/analog,,,,,,2021-03-20
146.94000,146.34000,-,123.0,123.0,"Quincy",Adams,39.93560028,-91.40989685,W9AWE,OPEN,On-Air,Analog/analog,,,,,Wide area,2016-03-17
146.95500,146.35500,-,103.5,103.5,"Princeton",Bureau,41.36339951,-89.39350128,N9UEJ,OPEN,On-Air,YSF/analog,,681139,,,Wide area,2019-02-10
146.95500,146.35500,-,77.0,77.0,"Rockford",Winnebago,42.27109909,-89.09400177,NN9P,OPEN,On-Air,YSF/analog,32,,,,,2020-03-22
146.95500,146.35500,-,79.7,,"Taylorville",Christian,39.54890060,-89.29450226,N9FU,OPEN,Unknown,Analog/analog,,,,,,2020-03-27
146.97000,146.37000,-,82.5,82.5,"Dixon",Lee,41.83890152,-89.47949982,WX9WL,OPEN,On-Air,Analog/analog,,153725,,,,2019-10-21
146.97000,146.37000,-,107.2,,"Hinsdale",Du Page,41.80089951,-87.93699646,K9ONA,OPEN,On-Air,Analog/analog,,,,,,2020-02-17
146.97000,146.37000,-,103.5,,"Kickapoo",Peoria,40.79000092,-89.75119781,W9BFD,OPEN,On-Air,Analog/analog,,,,,,2019-03-22
146.98500,146.38500,-,107.2,,"Arlington Heights",Cook,42.08840179,-87.98059845,WB9TAL,OPEN,On-Air,Analog/analog,,,,,,2017-01-06
146.98500,146.38500,-,107.2,,"Tamaroa",Perry,38.13779831,-89.23010254,N9LUD,OPEN,On-Air,Analog/analog,,,,,,2012-12-20
147.00000,146.40000,-,103.5,103.5,"Galesburg - St. Mary's Hospital",Knox,40.98669815,-90.36009979,W9GFD,OPEN,On-Air,YSF/analog,18,,,,,2020-03-22
147.00000,147.60000,+,114.8,114.8,"Rockford",Winnebago,42.27109909,-89.09400177,W9AXD,OPEN,On-Air,YSF/analog,,,,,,2019-08-04
147.01500,147.61500,+,156.7,156.7,"Bloomington",McLean,40.44800186,-89.03309631,N9BXI,OPEN,On-Air,YSF/analog,032,,,,,2017-07-06
147.01500,147.61500,+,107.2,107.2,"Elk Grove Village",Cook,42.00460052,-88.01679993,KB9L,OPEN,On-Air,YSF/analog,,,,,,2018-06-18
147.03000,147.63000,+,103.5,103.5,"Crescent City",Iroquois,40.77000046,-87.85890198,AD9L,OPEN,On-Air,Analog/analog,,,,,,2021-04-15
147.03000,147.63000,+,107.2,,"Greenup - Old Water Tower",Cumberland,39.25080109,-88.16729736,W9GWF,OPEN,On-Air,Analog/analog,,,,,,2018-10-15
147.03000,147.63000,+,107.2,107.2,"Lake Villa",Lake,42.41699982,-88.07399750,WB9RKD,OPEN,On-Air,YSF/analog,,,,,,2018-12-22
147.03000,147.63000,+,103.5,,"Quincy",Adams,39.93560028,-91.40989685,W9AWE,OPEN,On-Air,YSF/analog,,,,,,2021-08-07
147.04500,147.64500,+,103.5,,"Athens",Menard,40.00448600,-89.69709400,W9DUA,OPEN,On-Air,Analog/analog,,,,,Wide area,2020-05-19
147.04500,147.64500,+,67.0,,"Polo",Ogle,41.98609924,-89.57929993,KB9DBG,OPEN,Unknown,Analog/analog,,,,,,2020-10-17
147.04500,147.64500,+,97.4,,"West Frankfort",Franklin,37.89860153,-88.92340088,AB9ST,OPEN,Unknown,Analog/analog,,,,,,2021-04-08
147.06000,147.66000,+,103.5,,"Batavia",Kane,41.84999847,-88.31259918,W9ZGP,OPEN,On-Air,Analog/analog,,,,,Wide area,2021-03-20
147.06000,147.66000,+,103.5,,"Macomb - WIUM Tower",McDonough,40.46229935,-90.68029785,W9SSP,OPEN,On-Air,Analog/analog,,,,,,2017-06-19
147.06000,147.66000,+,162.2,162.2,"Urbana",Champaign,40.11059952,-88.20729828,KD9FDD,OPEN,On-Air,Analog/analog,,,,,,2021-04-15
147.07500,147.67500,+,156.7,156.7,"Groveland",Tazewell,40.59249878,-89.53450012,W9UVI,OPEN,On-Air,YSF/analog,,,,,,2021-10-17
147.09000,147.69000,+,88.5,,"Ava",Jackson,37.88840103,-89.49479675,W9RNM,OPEN,On-Air,Analog/analog,,,,,,2016-12-23
147.09000,147.69000,+,107.2,,"Hawthorne Woods",Cook,42.21699905,-88.04949951,KD9OLL,OPEN,On-Air,Analog/analog,,107690,,,,2020-03-22
147.10500,147.70500,+,103.5,,"Carthage",Hancock,40.41640091,-91.13629913,KC9LMF,OPEN,On-Air,Analog/analog,,,,,,2021-01-17
147.10500,147.70500,+,103.5,,"Decatur",Macon,39.84030151,-88.95480347,WA9RTI,OPEN,On-Air,Analog/analog,,,,,,2021-01-17
147.10500,147.70500,+,114.8,,"Mount Morris",Ogle,42.05030060,-89.43119812,K9AMJ,OPEN,Unknown,Analog/analog,,,,,Wide area,2020-10-10
147.12000,147.72000,+,CSQ,,"Belleville - Turkey Hill",Saint Clair,38.46979904,-89.90070343,K9GXU,OPEN,On-Air,Analog/analog,,,,,,2021-06-27
147.12000,147.72000,+,103.5,103.5,"Leonore",La Salle,41.18949890,-88.98059845,W9MKS,OPEN,On-Air,Analog/analog,,234725,,,Wide area,2021-03-08
147.13500,147.73500,+,,,"Markham",Cook,41.59360123,-87.69480133,W9YPC,OPEN,On-Air,Analog/analog,,808065,,,,2019-02-06
147.13500,147.73500,+,88.5,,"Mount Vernon",Jefferson,38.31729889,-88.90309906,KB9KDE,OPEN,On-Air,Analog/analog,,,,,,2015-09-28
147.13500,147.73500,+,107.2,,"Savanna",Carroll,42.09450150,-90.15679932,N9FID,OPEN,On-Air,Analog/analog,,,,,,2018-03-01
147.15000,147.75000,+,103.5,,"Bloomington",McLean,40.48419952,-88.99369812,WD9FTV,OPEN,Unknown,Analog/analog,,,,,,2021-03-09
147.15000,147.75000,+,107.2,107.2,"Chicago",Cook,41.84999847,-87.65010071,W9SRO,OPEN,On-Air,Analog/analog,,,,,Wide area,2019-12-02
147.16500,147.76500,+,146.2,146.2,"Chana",Ogle,41.98015700,-89.22015400,N9ST,OPEN,On-Air,P25/analog,293,,,,,2021-07-20
147.16500,147.76500,+,103.5,103.5,"Greenville - Water Tower",Bond,38.89580154,-89.41010284,AD9OV,OPEN,On-Air,P25/analog,31D,228190,,,Wide area,2021-08-13
147.16500,147.76500,+,107.2,,"Kankakee",Kankakee,41.11999893,-87.86119843,WD9HSY,OPEN,On-Air,Analog/analog,,,,,,2013-02-09
147.18000,147.78000,+,127.3,127.3,"Libertyville",Lake,42.28310013,-87.95310211,K9IQP,OPEN,On-Air,Analog/analog,,,,,,2014-12-13
147.18000,147.78000,+,103.5,,"Sparland",Marshall,41.02859879,-89.43840027,WB9NNS,OPEN,On-Air,Analog/analog,,,,,,2016-06-03
147.19500,147.79500,+,97.4,97.4,"Bloomington",McLean,40.47999954,-88.98999786,W9AML,OPEN,On-Air,Analog/analog,,,,,,2021-09-27
147.19500,147.79500,+,114.8,114.8,"Loves Park",Winnebago,42.31999969,-89.05819702,K9RFD,OPEN,On-Air,Analog/analog,,,,,,2021-10-16
147.19500,147.79500,+,,,"Quincy",Adams,39.97359848,-91.33049774,W9AWE,OPEN,On-Air,DStar,,,,,,2014-10-22
147.21000,147.81000,+,79.7,,"Aviston",Clinton,38.60670090,-89.60759735,KT9TR,OPEN,On-Air,Analog/analog,,,,,,2019-07-16
147.21000,147.81000,+,103.5,103.5,"Elburn",Kane,41.89229965,-88.47229767,W9CEQ,OPEN,On-Air,Analog/analog,,,,,,2020-09-16
147.21000,147.81000,+,107.2,,"Galesburg - Hawthorne Center",Knox,40.97269821,-90.35970306,KA9QMT,OPEN,On-Air,Analog/analog,,,,,,2020-11-23
147.22500,147.82500,+,,,"Batavia",Kane,41.85229874,-88.32790375,W9CEQ,OPEN,On-Air,DStar,,,,,Wide area,2021-01-25
147.22500,147.82500,+,123.0,,"Metropolis",Massac,37.15119934,-88.73200226,N9IBS,OPEN,On-Air,Analog/analog,,,,,,2020-08-11
147.22500,147.82500,+,141.3,141.3,"Olney",Richland,38.73089981,-88.08529663,KC9ZHV,OPEN,Unknown,Analog/analog,,,,,,2020-05-19
147.24000,147.84000,+,,,"Decatur",Macon,39.84030151,-88.95480347,KC9YFX,OPEN,On-Air,DStar,,,,,,2014-12-17
147.24000,147.84000,+,107.2,,"Ingleside - In the Chain of Lakes",Lake,42.39130020,-88.15110016,K9RUF,OPEN,On-Air,YSF/analog,,,,,,2021-02-07
147.25500,147.85500,+,151.4,,"Mount Carmel",Wabash,38.41090012,-87.76139832,KC9MAK,OPEN,On-Air,Analog/analog,,,,,,2019-12-16
147.25500,147.85500,+,118.8,118.8,"Olive Branch",Alexander,37.16870117,-89.35169983,K9IM,OPEN,On-Air,Analog/analog,,,,,,2021-04-15
147.25500,147.85500,+,103.5,103.5,"Roanoke - Woodford EMA Building",Woodford,40.79050064,-89.19570160,K9WRA,OPEN,Unknown,YSF/analog,,710520,,,,2020-07-09
147.25500,147.85500,+,114.8,114.8,"Rockford",Winnebago,42.31999969,-89.05819702,WX9MCS,OPEN,Unknown,P25,,,,,,2021-11-10
147.25500,147.85500,+,,,"Waterloo",Monroe,38.33219910,-90.15820313,KC0TPS,OPEN,On-Air,Analog/analog,,,,,,2020-12-05
147.27000,147.87000,+,107.2,107.2,"Morris",Grundy,41.35729980,-88.42120361,KB9SZK,OPEN,On-Air,P25/analog,293,,,,Wide area,2019-09-20
147.27000,147.87000,+,103.5,,"Pittsfield",Pike,39.60779953,-90.80509949,N9DO,OPEN,On-Air,Analog/analog,,,,,,2015-03-28
147.27000,147.87000,+,103.5,103.5,"Salem - I-57 and US-50",Marion,38.62429810,-88.97209930,W9CWA,OPEN,On-Air,Analog/analog,,820870,,,,2021-07-20
147.28500,147.88500,+,146.2,146.2,"Allerton",Champaign,39.91170120,-87.93640137,K9LOF,OPEN,On-Air,Analog/analog,,,,,,2021-04-15
147.28500,147.88500,+,103.5,,"Canton",Fulton,40.55810165,-90.03510284,K9ILS,OPEN,On-Air,Analog/analog,,,,,,2017-07-01
147.28500,147.88500,+,107.2,,"Schaumburg",Cook,42.03340149,-88.08339691,N9CXQ,OPEN,On-Air,Analog/analog,,,,,,2014-06-29
147.30000,147.90000,+,88.5,88.5,"Dakota",Stephenson,42.38859940,-89.52619934,N9WSQ,OPEN,On-Air,Analog/analog,,,,,,2016-08-31
147.30000,147.90000,+,,123.0,"Hardin",Calhoun,39.15670013,-90.61789703,ND2D,OPEN,On-Air,Analog/analog,,,,,,2017-11-14
147.30000,147.90000,+,D023,D023,"Herald",White,37.96640015,-88.18139648,W9KXP,OPEN,On-Air,Analog/analog,,,,,Wide area,2019-09-25
147.30000,147.90000,+,94.8,94.8,"Joliet - Joshua Arms Retirement Village",Will,41.52500153,-88.08170319,WD9AZK,OPEN,On-Air,Analog/analog,,,,,,2019-02-20
147.31500,147.91500,+,107.2,107.2,"Niles - Leaning Tower YMCA",Cook,42.01309967,-87.78420258,W9FO,OPEN,On-Air,YSF/analog,,,,,,2017-12-04
147.31500,147.91500,+,94.8,94.8,"Springfield",Sangamon,39.80170059,-89.64369965,W9HJA,OPEN,Unknown,Analog/analog,,,,,,2021-10-19
147.33000,147.93000,+,107.2,107.2,"Bolingbrook",Will,41.69860077,-88.06839752,K9BAR,OPEN,On-Air,Analog/analog,,,,,,2020-11-04
147.33000,147.93000,+,D023,D023,"Burnt Prairie",White,38.25049973,-88.25769806,W9KXP,OPEN,On-Air,YSF/analog,,,,,Wide area,2019-06-21
147.33000,147.93000,+,250.3,250.3,"Elizabeth",Jo Daviess,42.31779861,-90.22149658,W9SBA,OPEN,On-Air,Analog/analog,,,,,,2020-11-02
147.33000,147.93000,+,103.5,103.5,"Peoria - Office of Emergency Management",Peoria,40.72799200,-89.55579700,WX9PIA,OPEN,On-Air,Analog/analog,,629244,,,,2020-09-10
147.34500,147.94500,+,103.5,,"Lincoln",Logan,40.14839935,-89.36479950,K9ZM,OPEN,On-Air,Analog/analog,,,,,,2021-08-06
147.34500,147.94500,+,107.2,107.2,"Northbrook",Cook,42.10100174,-87.87300110,NS9RC,OPEN,On-Air,YSF/analog,,,,,,2021-03-06
147.34500,147.94500,+,88.5,88.5,"Tunnel Hill",Johnson,37.52370071,-88.83869934,W9WG,OPEN,On-Air,Analog/analog,,,,,,2021-04-15
147.36000,147.96000,+,107.2,,"Robinson - Water Tower",Crawford,39.00529861,-87.73919678,WA9ISV,OPEN,On-Air,Analog/analog,,,,,,2017-12-31
147.36000,147.96000,+,136.5,,"Wheaton",Du Page,41.86610031,-88.10700226,W9BZW,OPEN,On-Air,Analog/analog,,,,,,2021-03-15
147.37500,147.97500,+,100.0,100.0,"Belvidere",Boone,42.26390076,-88.84429932,K9ORU,OPEN,On-Air,Analog/analog,,,,,,2021-10-19
147.37500,147.97500,+,94.8,,"Springfield",Sangamon,39.80170059,-89.64369965,WA9KRL,OPEN,Unknown,Analog/analog,,,,,,2020-11-24
147.39000,147.99000,+,114.8,114.8,"Freeport",Stephenson,42.29669952,-89.62120056,KB9RNT,OPEN,On-Air,Analog/analog,,,,,,2020-10-10
147.39000,147.99000,+,,,"Inverness",Cook,42.09000000,-88.10000000,K9ORD,OPEN,On-Air,YSF,,,,,,2021-10-19
147.39000,147.99000,+,110.9,,"Pekin",Tazewell,40.56750107,-89.64070129,W9NAI,OPEN,On-Air,Analog/analog,,,,,,2021-03-23
147.39000,147.99000,+,127.3,,"Pontiac",Livingston,40.88090134,-88.62979889,WB9DUC,OPEN,Unknown,Analog/analog,,,,,,2021-03-09
147.39000,147.99000,+,203.5,203.5,"Towerhill - Williamsburg Hill",Shelby,39.43399811,-88.98200226,WB9QPM,OPEN,On-Air,P25/analog,656,,,,Wide area,2021-04-25
