Output Freq,Input Freq,Offset,Uplink Tone,Downlink Tone,"Location",County,Lat,Long,Call,Use,Op Status,Mode,Digital Access,EchoLink,IRLP,AllStar,Coverage,Last Update
440.04375,445.04375,+,,,"Huntley",McHenry,42.16809845,-88.42810059,W9IV,OPEN,On-Air,DMR,1,,,,,2019-12-07
440.05625,445.05625,+,,,"Winnebago",Winnebago,42.26610184,-89.24120331,W9TMW,OPEN,On-Air,DMR,3,,,,,2019-12-07
440.10625,445.10625,+,,,"Glendale Heights",Du Page,41.92020035,-88.07879639,KC9PWC,OPEN,On-Air,DStar,,,,,,2016-05-17
440.15000,445.15000,+,114.8,,"Joliet",Will,41.52500153,-88.08170319,KB9LWY,OPEN,On-Air,Analog/analog,,,,,,2019-08-09
440.30000,445.30000,+,,,"Chicago",Cook,41.84999847,-87.65010071,W9BMK,OPEN,On-Air,DMR,1,,,,,2019-12-07
440.57500,445.57500,+,114.8,,"Round Lake Beach",Lake,42.37419891,-88.09549713,KC9NSA,OPEN,On-Air,YSF/analog,,,,,,2015-06-15
440.64375,445.64375,+,,,"Cadwell",Moultrie,39.68109894,-88.52169800,W9BIL,OPEN,On-Air,DStar,,,,,,2013-01-21
440.80000,445.80000,+,114.8,114.8,"New Lenox",Will,41.51200104,-87.96559906,WA9WLN,OPEN,On-Air,Analog/analog,,,,,,2021-03-14
440.83125,445.83125,+,,,"Rock Island",Rock Island,41.50949860,-90.57879639,W9QCR,OPEN,Unknown,DStar,,,,,Wide area,2021-10-21
440.85000,445.85000,+,,,"Harvey",Cook,41.60466780,-87.64931840,N9LCR,OPEN,On-Air,Analog/analog,,,,,,2020-12-25
440.85000,445.85000,+,110.9,110.9,"Pontiac - Pontiac Police/Fire Dept",Livingston,40.88138900,-88.63000000,N9LOE,OPEN,On-Air,Analog/analog,,,,,,2021-01-02
440.85625,445.85625,+,,,"Chicago",Cook,41.87810135,-87.62979889,N9DIG,OPEN,Unknown,DStar,,,,,,2021-03-08
440.85625,445.85625,+,,,"Chicago",Cook,41.87810135,-87.62979889,W9DIG,OPEN,Off-Air,DStar,,,,,,2015-12-24
440.87500,445.87500,+,88.5,,"Rockton",Winnebago,42.45249939,-89.07230377,N9JTA,OPEN,On-Air,Analog/analog,,,,,,2017-01-04
441.05000,446.05000,+,,,"Inverness",Cook,42.11809921,-88.09619904,K9ORD,OPEN,On-Air,P25,1293,,,,,2021-10-19
441.21875,446.21875,+,,,"Chicago",Cook,41.87810135,-87.62979889,AA9VI,OPEN,On-Air,DMR,1,,,,,2019-12-07
441.23125,446.23125,+,,,"Lake Zurich",Lake,42.02999878,-88.08699799,KC9OKW,OPEN,On-Air,DStar,,,,,,2016-11-30
441.30000,446.30000,+,114.8,114.8,"Grant Park",Kankakee,41.24110031,-87.64610291,WA9WLN,OPEN,On-Air,Analog/analog,,,,,,2013-04-13
441.33750,446.33750,+,,,"Schiller Park",Cook,41.95589828,-87.87090302,K9TOW,OPEN,Off-Air,Analog/analog,,,,,,2012-11-13
441.37500,446.37500,+,88.5,,"Waukegan",Lake,42.36000061,-87.83999634,N9IJ,OPEN,On-Air,Analog/analog,,,,,,2017-01-29
441.47500,446.47500,+,114.8,114.8,"Lake Villa",Lake,42.38719940,-88.09310150,WB9RKD,OPEN,On-Air,DMR,7,,,,,2018-12-23
441.50000,446.50000,+,,,"Oak Park",Cook,41.87519836,-87.80249786,AC9CO,OPEN,On-Air,DMR,4,,,,,2021-03-23
441.62500,446.62500,+,D072,D072,"Huntley",McHenry,42.19910049,-88.43679810,KC9ONA,OPEN,On-Air,Analog/analog,,916580,,27220,,2017-11-23
441.80000,446.80000,+,107.2,,"Tinley Park",Cook,41.57339859,-87.78450012,W9IC,OPEN,On-Air,Analog/analog,,,,,,2019-02-06
441.85000,446.85000,+,114.8,,"West Chicago",Du Page,41.88479996,-88.20400238,KC9JBW,OPEN,Unknown,YSF/analog,,,,,,2020-05-12
441.87500,446.87500,+,114.8,,"Monee",Will,41.41999817,-87.74169922,KB9VR,OPEN,On-Air,Analog/analog,,,,,,2020-09-22
441.89375,446.89375,+,,,"Quincy",Adams,39.97359848,-91.33049774,W9AWE,OPEN,On-Air,DStar,,,,,,2014-01-26
441.90625,446.90625,+,,,"Park Ridge",Cook,42.01110077,-87.84059906,WA9ORC,OPEN,On-Air,DStar,,,,,,2019-08-05
441.97500,446.97500,+,114.8,,"Elwood",Will,41.40390015,-88.11170197,W0COP,OPEN,On-Air,Analog/analog,,,,,,2019-08-10
442.00000,447.00000,+,146.2,,"Freeport",Stephenson,42.29669952,-89.62120056,W9SBA,OPEN,On-Air,Analog/analog,,325770,,,,2021-07-16
442.00000,447.00000,+,,,"Morris",Grundy,41.35729980,-88.42120361,KC9KKO,OPEN,On-Air,DMR,1,,,,,2019-12-07
442.02500,447.02500,+,88.5,,"Carbondale",Jackson,37.72729874,-89.21679688,W9UIH,OPEN,Unknown,Analog/analog,,,,,,2021-04-08
442.02500,447.02500,+,100.0,,"Lockport",Will,41.58950043,-88.05780029,NC9T,OPEN,On-Air,Analog/analog,,,,,,2020-11-04
442.05000,447.05000,+,114.8,114.8,"Lisle",Du Page,41.80110168,-88.07479858,W9AUX,OPEN,On-Air,YSF,,,,,,2019-03-21
442.05000,447.05000,+,79.7,,"Taylorville",Christian,39.54890060,-89.29450226,N9HW,OPEN,On-Air,Analog/analog,,,,,,2021-02-18
442.07500,447.07500,+,114.8,,"Rockford",Winnebago,42.27109909,-89.09400177,N9CWQ,OPEN,On-Air,Analog/analog,,,,,,2019-08-04
442.09375,447.09375,+,,,"Chicago",Cook,41.98329926,-87.65470123,NS9RC,OPEN,On-Air,DStar,,,,,,2020-06-06
442.10625,447.10625,+,,,"Batavia",Kane,41.85229874,-88.32790375,W9CEQ,OPEN,On-Air,DStar,,,,,,2013-01-11
442.12500,447.12500,+,,,"McCook",Cook,41.79790115,-87.83750153,N9CWM,OPEN,Off-Air,DMR,1,,,,,2016-03-19
442.15000,447.15000,+,203.5,203.5,"Mount Carmel",Wabash,38.41593290,-87.76963920,W9KTL,OPEN,On-Air,Analog/analog,,,,,,2021-03-20
442.17500,447.17500,+,114.8,,"Chicago",Cook,41.84999847,-87.65010071,AB9OV,OPEN,Unknown,Analog/analog,,,,,Wide area,2020-11-24
442.17500,447.17500,+,103.5,,"Collinsville",Madison,38.67029953,-89.98459625,KD6TVP,OPEN,On-Air,Analog/analog,,,,,,2021-08-06
442.17500,447.17500,+,225.7,,"Kewanee - Abilities +",Henry,41.25805600,-89.21277800,W9GFD,OPEN,On-Air,Analog/analog,,,,,Wide area,2021-01-17
442.17500,447.17500,+,,,"Schaumburg",Cook,42.03340149,-88.08339691,K9MOT,OPEN,Off-Air,DMR,,,,,,2012-12-08
442.17500,447.17500,+,107.2,,"Waukegan",Lake,42.36360168,-87.84480286,AA9RA,OPEN,On-Air,YSF,,606638,,,,2020-01-04
442.20000,447.20000,+,103.5,103.5,"Salem - I-57 and US-50",Marion,38.62440109,-88.97200012,W9CWA,OPEN,On-Air,Analog/analog,,,,,,2021-06-26
442.20000,447.20000,+,,,"Washington",Tazewell,40.65902700,-89.40539100,KB9YVN,OPEN,On-Air,DMR,12,,,,,2020-09-10
442.22500,447.22500,+,123.0,123.0,"Alton - OSF Saint Anthony's Health Center",Madison,38.90800095,-90.17299652,K9HAM,OPEN,On-Air,Analog/analog,,,,,,2021-02-13
442.22500,447.22500,+,114.8,114.8,"Lisle",Du Page,41.80110168,-88.07479858,WA9WSL,OPEN,On-Air,YSF/analog,29,,,,,2020-11-04
442.25000,447.25000,+,103.5,,"Decatur",Macon,39.84030151,-88.95480347,WA9RTI,OPEN,On-Air,YSF/analog,,,,,,2015-05-15
442.25000,447.25000,+,D072,D072,"Downers Grove",Du Page,41.79339981,-87.99890137,KC9WPR,OPEN,On-Air,YSF/analog,,,,,,2019-10-22
442.27500,447.27500,+,127.3,,"Belleville - Kenneth Hall Memorial Hospital",Saint Clair,38.46979904,-89.90070343,K9GXU,OPEN,On-Air,Analog/analog,,,,,,2018-05-17
442.27500,447.27500,+,114.8,,"Schaumburg - water tower",Cook,42.05553200,-88.06065500,K9IIK,OPEN,On-Air,YSF/analog,,,,,,2021-05-19
442.30000,447.30000,+,114.8,,"Joliet",Will,41.52500153,-88.08170319,W9OFR,OPEN,On-Air,Analog/analog,,,,,,2020-11-04
442.32500,447.32500,+,107.2,,"Lake Villa",Lake,42.41699982,-88.07399750,N9FJS,OPEN,On-Air,Analog/analog,,,,,,2016-08-10
442.32500,447.32500,+,114.8,,"Morris",Grundy,41.35729980,-88.42120361,KB9SZK,OPEN,On-Air,DMR,,,,,,2019-12-07
442.32500,447.32500,+,114.8,,"Mount Carmel",Wabash,38.41090012,-87.76139832,AI9H,OPEN,On-Air,Analog/analog,,,,,,2017-02-04
442.35000,447.35000,+,123.0,,"Alton",Madison,38.89059830,-90.18430328,KB9GPF,OPEN,Unknown,Analog/analog,,,,,,2021-07-01
442.35000,447.35000,+,88.5,88.5,"Winnebago",Winnebago,42.26610184,-89.24120331,W9TMW,OPEN,On-Air,Analog/analog,,280970,,,,2019-08-05
442.37500,447.37500,+,91.5,,"Clinton",De Witt,40.15359879,-88.96450043,KA9KEI,OPEN,On-Air,Analog/analog,,,,,,2020-05-06
442.37500,447.37500,+,114.8,114.8,"Homewood",Cook,41.55730057,-87.66560364,WA9WLN,OPEN,On-Air,P25/analog,293,,,,,2021-07-26
442.37500,447.37500,+,,,"Noble",Richland,38.69749832,-88.22370148,KC9RHH,OPEN,On-Air,YSF,,,,,,2018-06-18
442.40000,447.40000,+,114.8,114.8,"Chicago",Cook,41.84999847,-87.65010071,K9NBC,OPEN,On-Air,Analog/analog,,,,,,2020-04-23
442.40000,447.40000,+,127.3,127.3,"Edwardsville - SIUE Water Tower",Madison,38.80009842,-90.00379944,W9AIU,OPEN,On-Air,P25/analog,2585,,,,Wide area,2021-02-08
442.42500,447.42500,+,,,"Elburn",Kane,41.89229965,-88.47229767,K9NRO,OPEN,Off-Air,DMR,1,,,,,2019-12-07
442.42500,447.42500,+,179.9,,"Loda",Iroquois,40.51750183,-88.07199860,K9UXC,OPEN,Off-Air,Analog/analog,,,,,,2012-12-24
442.45000,447.45000,+,114.8,114.8,"Oak Lawn",Cook,41.71997800,-87.74795280,KB9NTX,OPEN,On-Air,DMR/analog,15,,,,,2021-03-06
442.47500,447.47500,+,103.5,103.5,"Sugar Grove",Kane,41.76139832,-88.44370270,KA9HPL,OPEN,On-Air,Analog/analog,,,,,,2019-08-10
442.50000,447.50000,+,,,"Peoria - Office of Emergency Management",Peoria,40.69449997,-89.58769989,WX9PIA,OPEN,On-Air,DMR,12,,,,,2019-12-07
442.50000,447.50000,+,114.8,114.8,"Wauconda",Lake,42.27439880,-88.11930084,K9SGR,OPEN,On-Air,Analog/analog,,,,,,2016-08-04
442.52500,447.52500,+,114.8,,"Libertyville",Lake,42.28310013,-87.95310211,K9IQP,OPEN,On-Air,Analog/analog,,,,,,2015-09-15
442.52500,447.52500,+,,,"Olney",Richland,38.73059845,-88.05419922,KC9ZHV,OPEN,On-Air,DMR,8,,,,,2020-05-19
442.55000,447.55000,+,114.8,,"Downers Grove",Du Page,41.80889893,-88.01119995,W9DUP,OPEN,On-Air,YSF/analog,029,,,,,2020-11-04
442.55000,447.55000,+,127.3,,"Granite City",Madison,38.70140076,-90.14869690,KZ9D,OPEN,On-Air,Analog/analog,,,,,,2017-03-13
442.57500,447.57500,+,131.8,,"Chicago",Cook,41.84999847,-87.65010071,N9OZG,OPEN,On-Air,Analog/analog,,,,,,2021-11-08
442.60000,447.60000,+,94.8,94.8,"Pawnee",Sangamon,39.59170151,-89.58039856,N9RYR,OPEN,On-Air,Analog/analog,,,,,,2019-05-09
442.62500,447.62500,+,123.0,123.0,"Cherry Valley",Winnebago,42.23469925,-88.94899750,W9FT,OPEN,On-Air,Analog/analog,,,,48283,,2020-11-14
442.62500,447.62500,+,114.8,114.8,"Melrose Park",Cook,41.90060043,-87.85669708,W9FT,OPEN,On-Air,Analog/analog,,,,,Wide area,2014-05-13
442.64375,447.64375,+,,,"Decatur",Macon,39.84030151,-88.95480347,KC9YFX,OPEN,On-Air,DStar,,,,,,2017-09-09
442.65000,447.65000,+,192.8,192.8,"Rockford",Winnebago,42.27109909,-89.09400177,K9RFD,OPEN,On-Air,YSF/analog,001,,,,,2019-08-04
442.65625,447.65625,+,,,"Carbondale - SIU Morris Library",Jackson,37.72729874,-89.21679688,W9UIH,OPEN,On-Air,DStar,,,,,,2013-12-24
442.67500,447.67500,+,131.8,131.8,"Blue Island",Cook,41.65800095,-87.67749786,W9SRC,OPEN,On-Air,YSF/analog,29,,,,,2021-06-12
442.67500,447.67500,+,114.8,,"Mount Morris",Ogle,42.05030060,-89.43119812,K9AMJ,OPEN,Unknown,Analog/analog,,,,,,2021-07-16
442.67500,447.67500,+,151.4,151.4,"Tallula",Menard,39.94449997,-89.93730164,W9DUA,OPEN,On-Air,Analog/analog,,,,,,2020-03-30
442.70000,447.70000,+,203.5,,"Lisle",Du Page,41.80110168,-88.07479858,W9AEK,OPEN,Unknown,Analog/analog,,,,,,2020-11-04
442.70000,447.70000,+,107.2,107.2,"Normal",McLean,40.50830078,-88.98760223,WB9UUS,OPEN,On-Air,Analog/analog,,552822,,27468,,2021-08-04
442.72500,447.72500,+,114.8,114.8,"Chicago",Cook,41.98009872,-87.65489960,NS9RC,OPEN,On-Air,Analog/analog,,,,,,2020-04-22
442.72500,447.72500,+,103.5,,"Monticello",Piatt,40.02780151,-88.57340240,KB9ZAM,OPEN,On-Air,NXDN,,,,,,2020-09-08
442.75000,447.75000,+,,,"Belvidere",Boone,42.26390076,-88.84429932,K9VO,OPEN,On-Air,DMR,10,,,,,2019-12-07
442.75000,447.75000,+,,,"Roscoe",Winnebago,42.41329956,-89.00930023,WX9WAS,OPEN,On-Air,DMR,10,,,,,2019-08-05
442.75000,447.75000,+,,,"Woodson",Morgan,39.60993300,-90.23084400,KD9KOO,OPEN,On-Air,DMR,5,,,,,2021-07-20
442.77500,447.77500,+,123.0,,"Collinsville",Madison,38.68370056,-90.00109863,K9HAM,OPEN,On-Air,Analog/analog,,,,,,2021-06-27
442.77500,447.77500,+,110.9,,"Morris",Grundy,41.35729980,-88.42120361,K9RSR,OPEN,Unknown,DMR/analog,2,,,,,2020-11-04
442.77500,447.77500,+,118.8,118.8,"Rockford",Winnebago,42.30870056,-89.00090027,NN9P,OPEN,On-Air,YSF/analog,,,,,,2020-03-22
442.80000,447.80000,+,203.5,203.5,"Lincoln - ALMH",Logan,40.15950012,-89.45670319,KC9WMV,OPEN,On-Air,YSF/analog,,332252,,,,2021-08-06
442.80000,447.80000,+,107.2,,"Robinson - Water Tower",Crawford,39.00529861,-87.73919678,WA9ISV,OPEN,On-Air,Analog/analog,,,,,,2017-05-18
442.80000,447.80000,+,114.8,114.8,"Rolling Meadows",Cook,42.08000183,-88.01000214,KC9RBB,OPEN,On-Air,DStar,,,,,,2020-03-22
442.82500,447.82500,+,114.8,,"Belvidere",Boone,42.26390076,-88.84429932,N9KUX,OPEN,On-Air,Analog/analog,,,,,,2021-10-16
442.82500,447.82500,+,141.3,141.3,"Heyworth",McLean,40.31340027,-88.97370148,KG9DW,OPEN,On-Air,YSF/analog,,654759,,,,2016-04-29
442.83125,447.83125,+,,,"Homer Glen",Will,41.59999847,-87.93810272,KC9NCS,OPEN,Off-Air,DMR,3,,,,,2019-12-07
442.85000,447.85000,+,,,"Monticello",Piatt,40.03610000,-88.66600000,W9IPA,OPEN,On-Air,DMR,,,,,,2021-01-17
442.85000,447.85000,+,114.8,,"Plainfield",Jasper,41.63203000,-88.21201000,KA9OOP,OPEN,On-Air,Analog/analog,,,,,,2020-10-26
442.87500,447.87500,+,114.8,114.8,"Downers Grove",Du Page,41.83079910,-88.03289795,W9YRC,OPEN,On-Air,Analog/analog,,305654,4774,27093,Wide area,2019-03-21
442.90000,447.90000,+,123.0,123.0,"Alton - Verizon Cell Tower - Yaekel Ave",Madison,38.90250015,-90.19490051,K9HAM,OPEN,On-Air,Analog/analog,,,,,,2021-07-20
442.90000,447.90000,+,114.8,114.8,"Schaumburg",Iroquois,42.02536800,-88.06880300,WA9VGI,OPEN,On-Air,P25,,,,,,2021-05-29
442.92500,447.92500,+,114.8,114.8,"Belvidere",Brown,42.25660600,-88.83900200,WA9VGI,OPEN,On-Air,P25,,,,,,2021-05-29
442.92500,447.92500,+,103.5,103.5,"Greenville",Bond,38.89229965,-89.41310120,AD9OV,OPEN,On-Air,YSF/analog,,,,,,2021-08-10
442.92500,447.92500,+,114.8,114.8,"Schaumburg",Cook,42.03340149,-88.08339691,WA9VGI,OPEN,Unknown,Analog/analog,,,,,Wide area,2021-03-10
442.95000,447.95000,+,114.8,114.8,"Joliet",Will,41.52500153,-88.08170319,WA9VGI,OPEN,On-Air,P25,,,,27460,Wide area,2021-05-29
442.97500,447.97500,+,114.8,114.8,"Chicago",Cook,41.87820053,-87.62760162,WA9VGI,OPEN,On-Air,DMR,4,,,,Wide area,2021-05-29
443.00000,448.00000,+,114.8,114.8,"Palatine",Cook,42.11029816,-88.03420258,KA9ORD,OPEN,On-Air,Analog/analog,,,,,,2018-05-24
443.00000,448.00000,+,94.8,94.8,"Springfield",Sangamon,39.78170013,-89.65010071,W9DUA,OPEN,On-Air,YSF/analog,25,,,,Wide area,2020-08-20
443.02500,448.02500,+,114.8,114.8,"Elburn",Kane,42.09889984,-88.27149963,W9DWP,OPEN,On-Air,P25,293,,4455,,,2021-09-06
443.05000,448.05000,+,114.8,,"Naperville",Du Page,41.78590012,-88.14730072,NE9MA,OPEN,On-Air,Analog/analog,,,,,,2018-10-30
443.05000,448.05000,+,,,"Virden",Macoupin,39.47680900,-89.77107300,N9BIG,OPEN,On-Air,DMR,7,,,,,2021-09-19
443.06875,448.06875,+,,,"Schaumburg",Cook,42.21200180,-88.23809814,WB9PHK,OPEN,On-Air,DMR,,,,,,2019-12-07
443.08125,448.08125,+,,,"Batavia",Kane,41.84999847,-88.31259918,WB9PHK,OPEN,On-Air,DMR,1,,,,,2019-12-07
443.10000,448.10000,+,127.3,,"O'Fallon",Saint Clair,38.59230042,-89.91120148,K9AIR,OPEN,On-Air,Analog/analog,,,,,,2021-06-27
443.10000,448.10000,+,114.8,114.8,"Round Lake Beach",Lake,42.37170029,-88.09010315,N9VUD,OPEN,On-Air,YSF/analog,,,,,,2016-11-14
443.10000,448.10000,+,114.8,114.8,"Schaumburg",Cook,42.03340149,-88.08339691,WB9PHK,OPEN,On-Air,P25/analog,293,,,,Wide area,2019-04-05
443.12500,448.12500,+,156.7,,"Dunlap",Peoria,40.86169815,-89.67870331,N9BBO,OPEN,Off-Air,Analog/analog,,,,,,2012-12-20
443.12500,448.12500,+,,,"Oak Brook",Du Page,41.83980179,-87.95359802,N9XKY,OPEN,Off-Air,Analog/analog,,,,,,2017-05-28
443.15000,448.15000,+,114.8,114.8,"Gurnee",Lake,42.37030029,-87.90200043,N9OZB,OPEN,On-Air,P25/analog,293,,,,,2019-02-20
443.17500,448.17500,+,79.7,,"Aviston",Clinton,38.60670090,-89.60759735,KT9TR,OPEN,On-Air,Analog/analog,,,,,,2019-11-03
443.17500,448.17500,+,103.5,103.5,"Peoria - Proctor Hospital",Peoria,40.69359970,-89.58899689,K9WRA,OPEN,On-Air,Analog/analog,,,,,,2021-07-27
443.17500,448.17500,+,127.3,127.3,"Skokie - Near the Old Orchard Shopping Center",Cook,42.03239822,-87.74160004,KB9TAP,OPEN,On-Air,Analog/analog,,,,,,2020-11-06
443.20000,448.20000,+,131.8,,"Crystal Lake",McHenry,42.24110031,-88.31620026,N9EAO,OPEN,On-Air,Analog/analog,,,,,,2016-05-08
443.20000,448.20000,+,100.0,,"Downers Grove",Du Page,41.80889893,-88.01119995,N9EAO,OPEN,Unknown,Analog/analog,,,,,,2020-11-04
443.20000,448.20000,+,103.5,,"Maryville",Madison,38.72370148,-89.95590210,K9KLD,OPEN,Unknown,Analog/analog,,,4316,,,2021-10-01
443.22500,448.22500,+,,,"Lockport",Will,41.58950043,-88.05780029,N2BJ,OPEN,Off-Air,DMR,2,,,,,2019-12-07
443.25000,448.25000,+,114.8,114.8,"Lake Zurich",Lake,42.19699860,-88.09339905,K9SA,OPEN,On-Air,P25/analog,293,,,,,2019-09-20
443.27500,448.27500,+,100.0,,"Carlinville",Macoupin,39.27980042,-89.88179779,N9OWS,OPEN,On-Air,Analog/analog,,,,,,2021-02-17
443.27500,448.27500,+,114.8,,"Freeport",Stephenson,42.29669952,-89.62120056,KB9RNT,OPEN,On-Air,Analog/analog,,,,,,2013-07-26
443.27500,448.27500,+,123.0,,"Godfrey",Madison,38.95560074,-90.18679810,N9GGF,OPEN,On-Air,Analog/analog,,,,,,2017-06-13
443.27500,448.27500,+,114.8,,"Oak Forest",Cook,41.60279846,-87.74389648,N9ZD,OPEN,On-Air,DMR/analog,1,,,,,2021-10-11
443.30000,448.30000,+,103.5,103.5,"Galva",Henry,41.16719818,-90.03880310,WA9BA,OPEN,On-Air,YSF/analog,,,,,,2021-01-17
443.30000,448.30000,+,114.8,114.8,"La Grange Park",Cook,41.81000137,-87.81999969,K9ONA,OPEN,On-Air,P25/analog,293,,,,,2021-07-27
443.32500,448.32500,+,107.2,107.2,"Congerville - WYZZ Tower",Woodford,40.61700058,-89.20420074,KE9HB,OPEN,On-Air,Analog/analog,,,,,,2021-07-27
443.32500,448.32500,+,114.8,114.8,"Frankfort",Will,41.49589920,-87.84870148,WD9HSY,OPEN,On-Air,Analog/analog,,,,,,2019-02-06
443.32500,448.32500,+,,,"Rockford",Winnebago,42.27109909,-89.09400177,NN9P,OPEN,On-Air,DMR,1,,,,,2020-03-22
443.35000,448.35000,+,225.7,,"Galva",Henry,41.16749954,-90.04260254,W9YPS,OPEN,Off-Air,Analog/analog,,,,,,2021-01-17
443.35000,448.35000,+,114.8,114.8,"River Grove",Cook,41.95800018,-87.53399658,K9SA,OPEN,On-Air,YSF/analog,,,,,,2018-02-05
443.37500,448.37500,+,114.8,,"Chicago",Cook,41.84999847,-87.65010071,K9QKW,OPEN,Off-Air,Analog/analog,,,,,,2017-03-06
443.37500,448.37500,+,94.8,,"Springfield",Sangamon,39.80170059,-89.64369965,WA9KRL,OPEN,Unknown,Analog/analog,,,,,,2020-11-24
443.40000,448.40000,+,123.0,,"Godfrey",Madison,38.95560074,-90.18679810,N9GGF,OPEN,On-Air,Analog/analog,,,,,,2017-06-13
443.40000,448.40000,+,114.8,,"Schaumburg",Cook,42.03329849,-88.08339691,KB2MAU,OPEN,Off-Air,DMR,1,,,,,2019-04-09
443.42500,448.42500,+,,,"Aurora",Kane,41.76060104,-88.32009888,W9LSL,OPEN,On-Air,DMR,1,,,,,2019-12-07
443.43125,448.43125,+,,,"Greenville",Bond,38.99029922,-89.31359863,K7QLL,OPEN,On-Air,DMR,7,,,,,2019-12-07
443.45000,448.45000,+,,,"Rockford",Winnebago,42.27109909,-89.09400177,N9MCS,OPEN,On-Air,YSF/analog,,,,,,2020-10-26
443.47500,448.47500,+,114.8,,"Crystal Lake",McHenry,42.24110031,-88.31620026,N9HEP,OPEN,On-Air,Analog/analog,,,,,,2021-01-06
443.48125,448.48125,+,,,"Champaign",Champaign,40.12549973,-88.29129791,W9YR,OPEN,On-Air,DStar,,,,,,2012-09-02
443.50000,448.50000,+,123.0,123.0,"Sandwich - Sandwich High School",Dekalb,41.64590073,-88.62169647,N9EF,OPEN,On-Air,YSF/analog,,1,,,,2020-03-25
443.52500,448.52500,+,114.8,114.8,"Bolingbrook",Will,41.69860077,-88.06839752,K9BAR,OPEN,On-Air,P25/analog,293,,,,,2021-07-27
443.55000,448.55000,+,114.8,114.8,"Yorkville",Kendall,41.64110184,-88.44730377,WA9BSA,OPEN,On-Air,Analog/analog,,,,,,2019-08-10
443.57500,448.57500,+,85.4,,"Bement",Piatt,39.92200089,-88.57199860,K9IYP,OPEN,Unknown,Analog/analog,,,,,,2021-04-15
443.57500,448.57500,+,192.8,192.8,"Jonesboro - Union County Emergency Management Agency",Union,37.47829819,-89.20999991,WA9LM,OPEN,On-Air,Analog/analog,,,,,,2021-09-06
443.57500,448.57500,+,114.8,114.8,"Schaumburg",Cook,42.03340149,-88.08339691,K9MOT,OPEN,On-Air,DMR,1,7641,8721,,,2019-12-07
443.62500,448.62500,+,114.8,,"Schaumburg",Cook,42.03340149,-88.08339691,N9CXQ,OPEN,Off-Air,Analog/analog,,,,,,2013-04-22
443.64375,448.64375,+,,,"Elburn",Kane,41.89229965,-88.47229767,W9XA,OPEN,Off-Air,DMR,6,,,,,2019-12-07
443.65000,448.65000,+,114.8,,"Batavia",Kane,41.84999847,-88.31259918,W9XA,OPEN,On-Air,Analog/analog,,,,,,2019-08-09
443.65625,448.65625,+,,,"Plano",Kendall,41.66279984,-88.53700256,W9XA,OPEN,Off-Air,DMR,6,,,,,2019-12-07
443.67500,448.67500,+,118.8,118.8,"Chicago - AON Building (Old Amoco)",Cook,41.88529968,-87.62149811,KC9DFK,OPEN,On-Air,P25,603,122352,,,,2020-04-22
443.70000,448.70000,+,114.8,,"Bolingbrook",Will,41.69860077,-88.06839752,K9BAR,OPEN,On-Air,DMR,1,,,,,2019-12-07
443.70625,448.70625,+,,,"Springfield",Sangamon,39.80940800,-89.65586100,W9DUA,OPEN,Unknown,DMR,5,,,,,2020-03-25
443.72500,448.72500,+,,,"Danville",Vermilion,40.12450027,-87.62999725,NE9RD,OPEN,On-Air,DMR,1,,,,,2019-12-07
443.75000,448.75000,+,107.2,,"Carlinville",Macoupin,39.27980042,-89.88179779,N9OWS,OPEN,Unknown,Analog/analog,,,,,,2020-04-19
443.75000,448.75000,+,114.8,114.8,"Chicago",Cook,41.91139984,-87.62680054,WA9ORC,OPEN,On-Air,P25/analog,293,413656,,,,2020-04-22
443.76875,448.76875,+,,,"Champaign",Champaign,40.13619995,-88.28910065,W9IPA,OPEN,On-Air,DMR/analog,1,,,,,2021-01-02
443.77500,448.77500,+,88.5,,"Round Lake Beach",Lake,42.37170029,-88.09010315,N9JSF,OPEN,On-Air,P25/analog,057,,,,,2021-09-06
443.78125,448.78125,+,,,"Springfield",Sangamon,39.80530167,-89.64530182,W9DUA,OPEN,On-Air,DStar,,,,,,2020-05-07
443.80000,448.80000,+,114.8,,"Chicago",Cook,41.84999847,-87.65010071,K9SAD,OPEN,Unknown,Analog/analog,,,,,,2021-05-11
443.80000,448.80000,+,123.0,123.0,"Decatur",Macon,39.80972780,-88.99182862,K9HGX,OPEN,On-Air,Analog/analog,,,,,,2021-04-03
443.82500,448.82500,+,114.8,114.8,"Chicago",Cook,41.91103520,-87.68386160,W9BMK,OPEN,On-Air,Analog,,,,,,2021-03-03
443.82500,448.82500,+,94.8,94.8,"Mount Pulaski",Logan,40.01089859,-89.28230286,N9NWI,OPEN,On-Air,Analog/analog,,,,,,2020-03-30
443.85000,448.85000,+,114.8,,"Lake Zurich",Lake,42.19699860,-88.09339905,KD9GY,OPEN,On-Air,Analog/analog,,,,,,2020-01-05
443.90000,448.90000,+,114.8,,"Downers Grove",Du Page,41.80889893,-88.01119995,N9ATO,OPEN,On-Air,Analog/analog,,,,,,2019-08-04
443.90000,448.90000,+,103.5,,"Quincy",Adams,39.93560028,-91.40989685,W9AWE,OPEN,On-Air,YSF/analog,,,,,,2017-03-22
443.92500,448.92500,+,,,"Chicago",Cook,41.84999847,-87.65010071,K9VO,OPEN,On-Air,DMR,1,,,,,2019-12-07
443.92500,448.92500,+,118.8,,"Rockford",Winnebago,42.27109909,-89.09400177,K9AMJ,OPEN,Unknown,Analog/analog,,,,,Wide area,2021-09-06
443.95000,448.95000,+,103.5,,"Beardstown",Cass,40.01750183,-90.42430115,W9ACU,OPEN,On-Air,Analog/analog,,,,,,2021-02-17
443.95000,448.95000,+,141.3,,"Oregon",Ogle,42.01480103,-89.33229828,KB9DBG,OPEN,Unknown,Analog/analog,,,,,,2020-10-10
443.95625,448.95625,+,,,"Algonquin",McHenry,42.16559982,-88.29429626,WD9BBE,OPEN,On-Air,DMR,15,,,,,2021-02-18
443.97500,448.97500,+,114.8,114.8,"Chicago",Cook,41.97060013,-87.70310211,KB9PTI,OPEN,On-Air,Analog/analog,,,4134,,,2021-05-13
443.97500,448.97500,+,127.3,,"Stockton",Jo Daviess,42.34970093,-90.00679779,N9NIX,OPEN,On-Air,Analog/analog,,280970,,,,2014-06-30
444.00000,449.00000,+,,,"Deer Park",Lake,42.16090012,-88.08149719,KP4EOP,OPEN,On-Air,DMR,1,,,,,2019-10-01
444.02500,449.02500,+,103.5,,"Algonquin",McHenry,42.16559982,-88.29429626,N9IVM,OPEN,On-Air,Analog/analog,,,,,,2016-03-28
444.02500,449.02500,+,100.0,,"Arlington Heights",Cook,42.08840179,-87.98059845,N9IVM,OPEN,Off-Air,Analog/analog,,,,,,2017-03-06
444.02500,449.02500,+,82.5,,"Sterling",Whiteside,41.78860092,-89.69619751,N9JWI,OPEN,On-Air,Analog/analog,,,,,,2019-01-20
444.05000,449.05000,+,114.8,114.8,"Glendale Heights",Du Page,41.91690063,-88.07849884,WA9E,OPEN,On-Air,YSF/analog,29,,,,,2021-09-19
444.05000,449.05000,+,103.5,103.5,"Peoria - Office of Emergency Management",Peoria,40.72799200,-89.55579700,WX9PIA,OPEN,Unknown,Analog/analog,,,,,,2020-09-10
444.07500,449.07500,+,88.5,88.5,"McHenry",McHenry,42.33000183,-88.26599884,KB9I,OPEN,On-Air,Analog/analog,,,,,,2018-01-03
444.10000,449.10000,+,100.0,100.0,"Batavia",Kane,41.84999847,-88.31259918,KA9LFU,OPEN,On-Air,P25/analog,293,,,,Wide area,2019-02-20
444.10000,449.10000,+,162.2,162.2,"Champaign",Champaign,40.11640167,-88.24340057,K9SI,OPEN,On-Air,P25/analog,293,,,,,2021-10-05
444.12500,449.12500,+,156.7,156.7,"Chicago",Cook,41.87810000,87.62980000,KC9DTO,OPEN,On-Air,Analog/analog,,239462,,,,2020-05-19
444.12500,449.12500,+,110.9,110.9,"Effingham",Effingham,39.11999893,-88.54340363,K9UXZ,OPEN,On-Air,Analog/analog,,,,,,2021-04-15
444.15000,449.15000,+,146.2,146.2,"Berwyn",Cook,41.85060120,-87.79370117,WA9HIR,OPEN,On-Air,Analog/analog,,,,,,2021-05-11
444.17500,449.17500,+,114.8,,"Crystal Lake",McHenry,42.24110031,-88.31620026,KA9ATL,OPEN,On-Air,Analog/analog,,,,,,2016-07-05
444.17500,449.17500,+,100.0,100.0,"Decatur",Macon,39.84030151,-88.95480347,N9RBQ,OPEN,On-Air,Analog/analog,,,,,,2021-07-27
444.20000,449.20000,+,114.8,114.8,"Hinsdale",Du Page,41.80089951,-87.93699646,KB9OYP,OPEN,On-Air,Analog/analog,,,,,,2021-05-13
444.20000,449.20000,+,103.5,,"Kickapoo - Near Exit",Peoria,40.79000092,-89.75119781,K9WRA,OPEN,On-Air,Analog/analog,,,,,,2019-12-09
444.22500,449.22500,+,114.8,114.8,"Batavia",Kane,41.84999847,-88.31259918,WB9IKJ,OPEN,On-Air,Analog/analog,,,,,,2019-08-10
444.25000,449.25000,+,D073,D073,"Aledo",Mercer,41.19975680,-90.74930630,N1USA,OPEN,On-Air,Analog/analog,,,,,,2021-01-02
444.25000,449.25000,+,103.5,,"Gillespie",Macoupin,39.22600174,-89.76570129,K9MCE,OPEN,On-Air,Analog/analog,,,,,Wide area,2021-08-10
444.25000,449.25000,+,114.8,,"Lombard",Du Page,41.88000107,-88.00779724,W9JVC,OPEN,On-Air,Analog/analog,,,,,,2021-02-14
444.27500,449.27500,+,103.5,103.5,"Lovington - Grain Elevator",Moultrie,39.71559906,-88.63259888,WC9V,OPEN,On-Air,YSF/analog,,,,,,2021-07-27
444.27500,449.27500,+,114.8,,"Wheaton",Du Page,41.86610031,-88.10700226,KA9KDC,OPEN,On-Air,Analog/analog,,356799,4119,,,2020-11-04
444.30000,449.30000,+,114.8,114.8,"Batavia",Kane,41.85229874,-88.32790375,W9CEQ,OPEN,On-Air,P25/analog,293,,,,,2021-07-28
444.30000,449.30000,+,103.5,,"Macomb -  WIU",McDonough,40.46429825,-90.68579865,WB9TEA,OPEN,On-Air,Analog/analog,,,,,,2021-07-27
444.30000,449.30000,+,,,"Shiloh",Saint Clair,38.55879974,-89.90039825,WS9IDG,OPEN,On-Air,YSF,7293,,,,,2021-07-20
444.32500,449.32500,+,173.8,,"Monmouth",Warren,40.91139984,-90.64739990,KD9J,OPEN,On-Air,Analog/analog,,,,,,2018-05-11
444.32500,449.32500,+,94.8,94.8,"Springfield",Sangamon,39.78170013,-89.65010071,K9CZ,OPEN,On-Air,YSF/analog,25,,,,,2021-10-19
444.32500,449.32500,+,114.8,,"Wheeling",Cook,42.13919830,-87.92900085,WB9OUF,OPEN,Off-Air,Analog/analog,,,,,,0000-00-00
444.35000,449.35000,+,107.2,107.2,"Gridley",McLean,40.74340057,-88.88130188,KE9HB,OPEN,On-Air,NXDN,,682422,,27426,,2021-07-27
444.35000,449.35000,+,114.8,,"Rockford",Winnebago,42.27109909,-89.09400177,K9AMJ,OPEN,On-Air,Analog/analog,,,,,,2019-08-04
444.37500,449.37500,+,192.8,,"Arcola",Douglas,39.68479919,-88.30639648,WA9WOB,OPEN,Off-Air,YSF/analog,,,,,,2016-01-25
444.37500,449.37500,+,114.8,114.8,"Chicago - Lincoln Park",Cook,41.92547010,-87.64877830,KD9PIN,OPEN,On-Air,Analog/analog,,,,,,2021-06-12
444.37500,449.37500,+,156.7,,"Peoria",Peoria,40.69359970,-89.58899689,N9BBO,OPEN,Off-Air,Analog/analog,,,,,,2013-01-20
444.40000,449.40000,+,141.3,,"New Lenox",Will,41.51200104,-87.96559906,N2BJ,OPEN,Off-Air,DMR,2,,,,,2019-12-08
444.40000,449.40000,+,103.5,103.5,"Springfield",Sangamon,39.80170059,-89.64369965,N9BIG,OPEN,On-Air,Analog/analog,,,,,,2020-10-26
444.42500,449.42500,+,131.8,,"Sandwich",Dekalb,41.64590073,-88.62169647,KA9QPN,OPEN,On-Air,NXDN/analog,,,,,,2020-11-04
444.45000,449.45000,+,114.8,114.8,"Dekalb",Dekalb,41.92950058,-88.75039673,KB9FMU,OPEN,On-Air,Analog/analog,,,,,Wide area,2020-06-11
444.45000,449.45000,+,103.5,136.5,"Galesburg - St. Mary's Hospital",Knox,40.98669815,-90.36019897,W9GFD,OPEN,On-Air,YSF/analog,,,,,,2018-06-07
444.45000,449.45000,+,94.8,,"Litchfield",Montgomery,39.17530060,-89.65429688,W9BXR,OPEN,On-Air,Analog/analog,,,,,,2021-07-27
444.47500,449.47500,+,114.8,114.8,"Downers Grove - Butterfield and I-355",Du Page,41.83000183,-88.03199768,W9CCU,OPEN,On-Air,YSF/analog,,,,,Wide area,2020-12-19
444.47500,449.47500,+,103.5,103.5,"Peoria - Bradley University - Geisert Hall",Peoria,40.69879913,-89.61350250,W9JWC,OPEN,On-Air,Analog/analog,,,,,,2019-03-22
444.50000,449.50000,+,136.5,,"Geneseo",Henry,41.29589844,-90.14559937,KV4AA,OPEN,On-Air,YSF,,,,,Wide area,2016-04-11
444.50000,449.50000,+,114.8,,"Schaumburg",Cook,42.03340149,-88.08339691,K9PW,OPEN,On-Air,Analog/analog,,,,,,2016-05-08
444.50000,449.50000,+,103.5,,"Springfield",Sangamon,39.80170059,-89.64369965,WX9DX,OPEN,On-Air,DMR/analog,1,,,,,2021-10-19
444.52500,449.52500,+,162.2,162.2,"Champaign",Champaign,40.10939026,-88.23483276,W9YH,OPEN,On-Air,Analog/analog,,,,,,2021-01-17
444.52500,449.52500,+,114.8,114.8,"St. Charles",Kane,41.87012000,-88.29842700,N9NLE,OPEN,On-Air,YSF/analog,,,,,,2021-05-08
444.55000,449.55000,+,114.8,,"Frankfort",Will,41.49589920,-87.84870148,W9WIL,OPEN,On-Air,Analog/analog,,,,,,2019-02-06
444.55000,449.55000,+,103.5,103.5,"Groveland",Tazewell,40.60441600,-89.53310600,W9TAZ,OPEN,On-Air,YSF/analog,,,,,,2020-09-10
444.57500,449.57500,+,114.8,114.8,"Bellwood",Cook,41.88140106,-87.88310242,KC9ZI,OPEN,On-Air,Analog/analog,,,,,,2021-06-17
444.60000,449.60000,+,,,"Channahon",Will,41.52500153,-88.08170319,W9CHI,OPEN,On-Air,YSF,,,,,,2020-05-07
444.60000,449.60000,+,114.8,,"Round Lake",Lake,42.34450150,-88.04170227,W9GWP,OPEN,On-Air,Analog/analog,,,,,,2015-04-14
444.62500,449.62500,+,127.3,,"Belleville - Turkey Hill",Saint Clair,38.46979904,-89.90070343,K9GXU,OPEN,On-Air,Analog/analog,,,,,,2017-09-22
444.62500,449.62500,+,110.9,110.9,"Chicago",Cook,41.84999847,-87.65010071,N9SHB,OPEN,On-Air,Analog/analog,,,,,,2021-06-12
444.62500,449.62500,+,103.5,103.5,"Watseka",Iroquois,40.77610016,-87.73639679,AD9L,OPEN,On-Air,Analog/analog,,,,,,2021-04-15
444.65000,449.65000,+,110.9,,"Oak Lawn",Cook,41.71089935,-87.75810242,KB9WGA,OPEN,Unknown,Analog/analog,,,,,,2020-11-24
444.67500,449.67500,+,114.8,,"Hampshire",Kane,42.09780121,-88.53040314,W8ZS,OPEN,Unknown,Analog/analog,,,,,,2021-10-16
444.67500,449.67500,+,103.5,,"Jacksonville",Morgan,39.73389816,-90.22899628,K9JX,OPEN,On-Air,Analog/analog,,,,,,2019-11-22
444.70000,449.70000,+,114.8,,"Plato Center",Kane,42.02659988,-88.43060303,W8ZS,OPEN,On-Air,Analog/analog,,,,,,2019-08-09
444.70000,449.70000,+,,167.9,"Rock Falls",Whiteside,41.77980042,-89.68900299,KB9LRT,OPEN,On-Air,Analog/analog,,,,,,2016-05-01
444.70000,449.70000,+,127.3,,"Waterloo",Monroe,38.33589935,-90.14980316,N9OMD,OPEN,On-Air,Analog/analog,,,,,,2021-07-27
444.72500,449.72500,+,103.5,,"Canton",Fulton,40.55810165,-90.03510284,K9ILS,OPEN,On-Air,Analog/analog,,,,,,2013-06-05
444.72500,449.72500,+,103.5,,"Chicago",Cook,41.87810135,-87.62979889,W9TMC,OPEN,Unknown,Analog/analog,,,,,Wide area,2020-11-24
444.72500,449.72500,+,94.8,,"Pana",Christian,39.38890076,-89.08010101,KB9TZQ,OPEN,On-Air,Analog/analog,,,,,,2015-11-30
444.72500,449.72500,+,118.8,114.8,"Rockford",Winnebago,42.27109909,-89.09400177,WX9MCS,OPEN,Unknown,P25/analog,293,,,,Wide area,2021-11-10
444.75000,449.75000,+,D464,D464,"Roanoke - Woodford County EMA Building",Woodford,40.79614650,-89.19730420,K9WRA,OPEN,On-Air,YSF/analog,,,,,,2021-02-22
444.77500,449.77500,+,114.8,,"Mount Carmel",Wabash,38.41090012,-87.76139832,AI9H,OPEN,On-Air,Analog/analog,,,,,,2020-03-30
444.77500,449.77500,+,114.8,114.8,"Orland Park",Cook,41.63029861,-87.85389709,WA9PAC,OPEN,On-Air,Analog/analog,,,,,,2019-08-10
444.79375,449.79375,+,,,"Schaumburg",Cook,42.03340149,-88.08339691,K9MOT,OPEN,On-Air,DMR,1,,,,,2019-12-08
444.80000,449.80000,+,203.5,,"Crystal Lake",McHenry,42.24110031,-88.31620026,KB2MAU,OPEN,On-Air,Analog/analog,,,,,,2016-08-03
444.80000,449.80000,+,114.8,114.8,"Grand Detour - IL Route 2",Ogle,41.89659882,-89.41169739,W9DXN,OPEN,On-Air,Analog/analog,,,4350,,,2021-07-16
444.80000,449.80000,+,88.5,88.5,"Herod - Williams Hill",Pope,37.58029938,-88.43620300,K9OWU,OPEN,On-Air,YSF/analog,,,,,,2019-08-11
444.80000,449.80000,+,100.0,,"Kankakee",Kankakee,41.11999893,-87.86119843,W9AZ,OPEN,On-Air,Analog/analog,,,,,,2013-04-22
444.80000,449.80000,+,103.5,,"Mount Zion",Macon,39.77140045,-88.87419891,KO9I,OPEN,On-Air,Analog/analog,,,,,,2018-11-30
444.80000,449.80000,+,203.5,,"Schaumburg",Cook,42.02999878,-88.08000183,KB2MAU,OPEN,On-Air,DMR,,,,,,2017-01-19
444.80625,449.80625,+,,,"Crystal Lake",McHenry,42.24110031,-88.31620026,K9VI,OPEN,On-Air,DMR,4,,,,,2019-12-08
444.82500,449.82500,+,,,"Fairfield",Wayne,38.37889862,-88.35980225,N9BRG,OPEN,On-Air,P25,,,,,,2017-01-05
444.82500,449.82500,+,127.3,,"Hoopeston",Vermilion,40.46730042,-87.66840363,KB9YZI,OPEN,Unknown,Analog/analog,,142469,,,,2021-04-07
444.82500,449.82500,+,103.5,,"Paxton",Ford,40.46030045,-88.09529877,K9TA,OPEN,Unknown,Analog/analog,,,,,,2021-04-07
444.82500,449.82500,+,74.4,,"Zion",Lake,42.44609833,-87.83280182,KA9VMV,OPEN,Off-Air,Analog/analog,,,,,,2014-06-29
444.85000,449.85000,+,71.9,,"Orland Park",Cook,41.63029861,-87.85389709,WD9HGO,OPEN,On-Air,Analog/analog,,55233,,,,2019-01-30
444.87500,449.87500,+,136.5,,"Geneseo",Henry,41.44810104,-90.15429688,W9MVG,OPEN,On-Air,Analog/analog,,,,,,2019-02-10
444.87500,449.87500,+,114.8,114.8,"Glendale Heights",Du Page,41.91030121,-88.07170105,K9XD,OPEN,On-Air,Analog/analog,,,,,,2018-08-11
444.87500,449.87500,+,,,"Oblong",Crawford,39.01050186,-87.90969849,W9DJF,OPEN,On-Air,DMR,1,,,,,2019-12-08
444.90000,449.90000,+,114.8,,"Oak Lawn",Cook,41.71089935,-87.75810242,W9OAR,OPEN,Unknown,Analog/analog,,,,,,2021-03-14
444.90000,449.90000,+,100.0,100.0,"Rock Island - Trinity Hospital",Rock Island,41.50949860,-90.57879639,W9QCR,OPEN,On-Air,YSF/analog,,,,,,2019-02-10
444.90000,449.90000,+,151.4,151.4,"Tallula",Menard,39.94449997,-89.93730164,W9DUA,OPEN,On-Air,Analog/analog,,,,,,2020-03-30
444.92500,449.92500,+,123.0,123.0,"Dallas City",Hancock,40.63619995,-91.16739655,KA9JNG,OPEN,On-Air,YSF/analog,,,,,Wide area,2017-07-01
444.92500,449.92500,+,103.5,103.5,"Mattoon",Coles,39.48310089,-88.37280273,W9MBD,OPEN,On-Air,YSF/analog,,,,,,2021-04-15
444.92500,449.92500,+,118.8,118.8,"Princeton - 911 Tower",Bureau,41.34149933,-89.59420013,KD9ABX,OPEN,On-Air,YSF/analog,,,,,,2019-02-10
444.92500,449.92500,+,114.8,114.8,"Rolling Meadows",Cook,42.10060120,-88.02999878,N9EW,OPEN,On-Air,YSF,,,,,,2016-08-31
444.95000,449.95000,+,97.4,97.4,"Bloomington",McLean,40.48419952,-88.99369812,W9AML,OPEN,On-Air,Analog/analog,,,,,,2021-09-27
444.95000,449.95000,+,114.8,114.8,"Elgin",Kane,42.03730011,-88.28119659,WR9ABQ,OPEN,On-Air,P25/analog,293,,,,,2019-09-06
444.97500,449.97500,+,114.8,,"Parkersburgh",Richland,38.58980179,-88.05670166,N9QZA,OPEN,On-Air,Analog/analog,,,,,,2015-12-09
444.97500,449.97500,+,,,"Plato Center",Kane,42.02669907,-88.43009949,W9ZS,OPEN,On-Air,DMR,1,,,,,2020-02-02
445.15000,440.15000,-,,,"Fairfield",Wayne,38.37889862,-88.35980225,N9BRG,OPEN,On-Air,DMR,1,,,,,2016-11-30
