Output Freq,Input Freq,Offset,Uplink Tone,Downlink Tone,"Location",County,Lat,Long,Call,Use,Op Status,Mode,Digital Access,EchoLink,IRLP,AllStar,Coverage,Last Update
421.25000,439.25000,s,,,"West Lafayette",Tippecanoe,40.42589951,-86.90809631,KB9KHM,OPEN,Off-Air,Analog,,,,,,0000-00-00
425.25000,439.25000,s,CSQ,CSQ,"Indianapolis",Marion,39.76839828,-86.15799713,K9LPW,OPEN,Unknown,Analog/analog,,,,,,2020-11-08
440.47500,445.47500,+,192.8,CSQ,"South Bend",Saint Joseph,41.68339920,-86.25000000,N9UPW,OPEN,On-Air,Analog/analog,,,,,,2017-12-24
440.50000,445.50000,+,173.8,173.8,"Whiting",Lake,41.68514700,-87.50348000,KD9GLW,OPEN,Unknown,P25/analog,293,,,,,2021-11-12
441.02500,446.02500,+,,,"Indianapolis",Marion,39.76839828,-86.15809631,NF9K,OPEN,Unknown,DMR,1,815131,8154,,,2021-10-04
441.17500,446.17500,+,CSQ,CSQ,"Saratoga",Randolph,40.23699951,-84.91829681,N9CZV,OPEN,Off-Air,Analog/analog,,,,,,2017-12-22
441.20000,446.20000,+,,,"Indianapolis",Marion,39.76860046,-86.15799713,W9AMT,OPEN,On-Air,DMR,1,,,,,2020-07-29
441.22500,446.22500,+,136.5,136.5,"Bloomington",Monroe,39.16529846,-86.52639771,K7JOE,OPEN,On-Air,Analog/analog,,,,,,2017-12-20
441.27500,446.27500,+,,,"Connersville",Fayette,39.60449982,-85.11280060,KB9JDB,OPEN,On-Air,DMR,1,,,,,2019-12-08
441.28750,446.28750,+,,,"Muncie",Delaware,40.16320038,-85.41619873,W9AMT,OPEN,On-Air,DMR,1,,,,,2019-12-08
441.30000,446.30000,+,,,"Muncie",Delaware,40.19340134,-85.38639832,N9CZV,OPEN,On-Air,DMR,1,,,,Wide area,2019-12-08
441.32500,446.32500,+,97.4,CSQ,"Decatur",Adams,40.83060074,-84.92910004,KC9WAE,OPEN,On-Air,Analog/analog,,,,,,2017-12-24
441.35000,446.35000,+,77.0,CSQ,"Indianapolis",Marion,39.76839828,-86.15799713,W9ICE,OPEN,Unknown,Analog/analog,,,,,,2021-05-26
441.37500,446.37500,+,141.3,CSQ,"Roanoke",Huntington,40.96250153,-85.37329865,WD9JFC,OPEN,On-Air,Analog/analog,,,,,,2018-08-26
441.40000,446.40000,+,141.3,141.3,"New Castle",Henry,39.92890167,-85.37020111,K9TDX,OPEN,On-Air,Analog/analog,,,,,,2020-05-08
441.47500,446.47500,+,,,"Montpelier - Central States Grain Elevator",Blackford,40.55390167,-85.27749634,N9CZV,OPEN,On-Air,DMR,1,,,,,2019-12-08
441.48750,446.48750,+,,,"Shelbyville - Drake Electric",Shelby,39.51279831,-85.77700043,W9NTP,OPEN,On-Air,DMR,1,,,,,2019-12-08
441.51250,446.51250,+,,,"Lynn",Randolph,40.04980087,-84.93969727,K9NZF,OPEN,On-Air,DMR,1,,,,,2019-12-08
441.52500,446.52500,+,131.8,131.8,"West Lafayette - Indiana Veterans Home Water Tower",Tippecanoe,40.41669846,-86.87529755,KA9VXS,OPEN,On-Air,Analog/analog,,,,,,2018-06-07
441.55000,446.55000,+,103.5,,"Brownstown",Jackson,38.87799835,-86.03970337,KC9JOY,OPEN,On-Air,Analog/analog,,,,,,2019-07-27
441.57500,446.57500,+,,,"Valparaiso",Porter,41.47309875,-87.06109619,N9IAA,OPEN,On-Air,DMR,1,,,,Wide area,2019-12-08
441.65000,446.65000,+,131.8,CSQ,"Richmond",Wayne,39.82889938,-84.89019775,KD8AKE,OPEN,On-Air,Analog/analog,,,,,,2017-12-24
441.67500,446.67500,+,131.8,131.8,"Russiaville",Howard,40.40969849,-86.26930237,W9SMJ,OPEN,On-Air,YSF,,,,,,2018-06-07
441.70000,446.70000,+,127.3,127.3,"Yorktown",Delaware,40.17369843,-85.49410248,W9YFD,OPEN,On-Air,Analog/analog,,,,,,2018-01-14
441.75000,446.75000,+,,,"Anderson",Madison,40.10530090,-85.68029785,WA9EOC,OPEN,On-Air,DStar,,,,,,2018-06-05
441.77500,446.77500,+,CSQ,CSQ,"Versailles",Ripley,39.07199860,-85.25189972,WY9L,OPEN,On-Air,Analog/analog,,,,,Wide area,2017-12-22
441.80000,446.80000,+,110.9,CSQ,"Winchester",Randolph,40.19340134,-85.38639832,N9CZV,OPEN,On-Air,Analog/analog,,,,,,2017-12-24
441.81250,446.81250,+,,,"Cloverdale",Putnam,39.51480103,-86.79389954,N9NDS,OPEN,Testing,DMR,1,,,,,2020-03-26
441.82500,446.82500,+,110.9,110.9,"Muncie",Delaware,40.19340134,-85.38639832,N9CZV,OPEN,On-Air,P25,293,,,,Wide area,2019-04-12
441.85000,446.85000,+,,,"Galveston",Cass,40.57889938,-86.19029999,W9SMJ,OPEN,On-Air,DMR,1,,,,,2019-12-08
441.87500,446.87500,+,D043,D043,"Indianapolis",Marion,39.81190109,-86.05079651,W9CRC,OPEN,On-Air,YSF/analog,,,,,,2017-12-22
441.90000,446.90000,+,CSQ,CSQ,"Alfordsville",Daviess,38.56060028,-86.94830322,KC9QAG,OPEN,On-Air,Analog/analog,,,,,,2017-12-24
441.90000,446.90000,+,127.3,127.3,"Muncie",Delaware,40.19340134,-85.38639832,K9NZF,OPEN,On-Air,Analog/analog,,,,,,2018-04-16
441.93125,446.93125,+,,,"Brookville",Franklin,40.26720047,-86.13490295,KD9COF,OPEN,Off-Air,DMR,1,,,,,2019-12-08
441.95000,446.95000,+,131.8,131.8,"Michigan City",La Porte,41.64649963,-86.76609802,W9LY,OPEN,On-Air,YSF/analog,,,,,,2019-02-10
441.95000,446.95000,+,146.2,,"New Albany",Ohio,38.28559875,-85.82409668,N9VQ,OPEN,Off-Air,YSF,,,,,,2018-05-21
441.95625,446.95625,+,,,"Reynolds",Shelby,40.75809860,-87.04170227,KC9PQA,OPEN,On-Air,DMR,1,,,,,2021-06-23
442.00000,447.00000,+,CSQ,CSQ,"Indianapolis",Marion,39.76839828,-86.15799713,KA9GIX,OPEN,Off-Air,Analog/analog,,,,,,2017-12-22
442.02500,447.02500,+,88.5,88.5,"Avon",Hendricks,39.76279831,-86.39969635,W9YZU,OPEN,Unknown,YSF/analog,23,,,,,2021-06-17
442.02500,447.02500,+,151.4,151.4,"Danville",Hendricks,39.76060104,-86.52639771,KD9EST,OPEN,Unknown,YSF/analog,,,,,,2021-06-17
442.05000,447.05000,+,CSQ,CSQ,"Connersville",Fayette,39.64120102,-85.14109802,N9TU,OPEN,Off-Air,Analog/analog,,,,,,2017-12-22
442.05000,447.05000,+,210.7,210.7,"Princeton",Gibson,38.33229828,-87.44529724,KC9MEW,OPEN,On-Air,YSF/analog,,,,,,2019-04-12
442.07500,447.07500,+,131.8,131.8,"Merrillville",Lake,41.46689987,-87.32679749,W9LJ,OPEN,On-Air,Analog/analog,,,,,,2021-06-07
442.08750,447.08750,+,,,"Terre Haute",Vigo,39.46670151,-87.41390228,K9IKQ,OPEN,On-Air,DMR,1,,,,,2019-12-08
442.10000,447.10000,+,131.8,CSQ,"South Bend",Saint Joseph,41.68339920,-86.25000000,WB9AGX,OPEN,Off-Air,Analog/analog,,,,,,2017-12-24
442.11250,447.11250,+,173.8,173.8,"Greentown",Howard,40.48970032,-85.94719696,N9ZEZ,OPEN,On-Air,YSF/analog,,,,,,2019-04-12
442.12500,447.12500,+,136.5,,"Newburgh",Warrick,37.94449997,-87.40529633,KC9DPD,OPEN,Off-Air,Analog/analog,,,,,,2018-06-08
442.15000,447.15000,+,131.8,CSQ,"Reynolds",White,40.75809860,-87.04170227,WA9RAY,OPEN,Unknown,Analog/analog,,,,,,2021-07-27
442.17500,447.17500,+,151.4,CSQ,"Clinton",Vermillion,39.65700150,-87.39810181,W9COD,OPEN,On-Air,Analog/analog,,,,,,2017-12-24
442.18750,447.18750,+,,,"Evansville",Vanderburgh,37.97159958,-87.57109833,W9OG,OPEN,On-Air,DMR,1,,,,,2019-12-08
442.18750,447.18750,+,,,"Shelbyville",Shelby,39.51409912,-85.79049683,W9NTP,OPEN,On-Air,DStar,,,,,,2019-04-12
442.20000,447.20000,+,131.8,131.8,"Hammond",Lake,41.58340073,-87.50000000,W9FXT,OPEN,On-Air,Analog/analog,,,,,,2021-06-07
442.20000,447.20000,+,97.4,97.4,"Portland - North Water Tower",Jay,40.44100189,-84.97579956,WA9JAY,OPEN,On-Air,YSF/analog,,,,,,2020-10-14
442.22500,447.22500,+,CSQ,CSQ,"Greencastle",Putnam,39.64450073,-86.86470032,WB9EOC,OPEN,On-Air,YSF,,,,,,2020-04-05
442.25000,447.25000,+,136.5,CSQ,"Bedford",Lawrence,38.86119843,-86.48719788,N9UMJ,OPEN,On-Air,NXDN,,338340,4253,,Wide area,2018-03-26
442.25000,447.25000,+,131.8,131.8,"Valparaiso",Porter,41.47309875,-87.06109619,K9PC,OPEN,On-Air,Analog/analog,,,,,,2021-02-12
442.27500,447.27500,+,123.0,CSQ,"Plainfield",Hendricks,39.70420074,-86.39939880,AB9D,OPEN,Unknown,Analog/analog,,,,,,2021-06-17
442.30000,447.30000,+,146.2,,"Floyds Knobs",Floyd,38.32450104,-85.87359619,WB9GNA,OPEN,On-Air,NXDN,,,,,,2018-03-14
442.30000,447.30000,+,146.2,,"Frenchtown",Harrison,38.31480026,-86.21440125,WB9GNA,OPEN,On-Air,NXDN,,,,,,2018-06-07
442.30000,447.30000,+,173.8,173.8,"Kokomo",Howard,40.48640060,-86.13359833,W9KRC,OPEN,On-Air,Analog/analog,,,,,,2018-06-07
442.35000,447.35000,+,151.4,151.4,"Greenwood",Johnson,39.61660004,-86.17800140,KQ9Y,OPEN,On-Air,YSF/analog,,,,,,2021-09-11
442.35000,447.35000,+,131.8,CSQ,"Hebron",Porter,41.31859970,-87.19999695,N9TAX,OPEN,On-Air,Analog/analog,,,,,,2017-12-24
442.37500,447.37500,+,131.8,CSQ,"Elkhart",Elkhart,41.68199921,-85.97669983,KC9GMH,OPEN,On-Air,Analog/analog,,,,,,2017-12-25
442.37500,447.37500,+,D043,,"Indianapolis",Marion,39.76839828,-86.15799713,K9DC,CLOSED,On-Air,Analog/analog,,,4732,,,2017-12-25
442.40000,447.40000,+,107.2,CSQ,"Boonville",Warrick,38.04919815,-87.27420044,KC9SOC,OPEN,On-Air,Analog/analog,,,,,,2017-12-25
442.40000,447.40000,+,,,"Kokomo",Howard,40.48640060,-86.13359833,KB9TTX,OPEN,On-Air,DMR,1,,,,,2019-12-08
442.42500,447.42500,+,131.8,CSQ,"New Carlisle",Saint Joseph,41.70029831,-86.50949860,AB9OZ,OPEN,On-Air,Analog/analog,,,,,,2017-07-21
442.42500,447.42500,+,118.8,CSQ,"Vicksburg",Greene,39.09059906,-87.19809723,KB9SIP,OPEN,On-Air,Analog/analog,,,,,Wide area,2017-12-25
442.45000,447.45000,+,141.3,CSQ,"Auburn",De Kalb,41.36700058,-85.05889893,KA9LCF,OPEN,Off-Air,Analog/analog,,,,,,2021-08-09
442.47500,447.47500,+,131.8,131.8,"Middlebury",Elkhart,41.67530060,-85.70610046,AA9JC,OPEN,On-Air,Analog/analog,,,,,Wide area,2021-09-21
442.50000,447.50000,+,100.0,100.0,"Indianapolis",Marion,39.76839828,-86.15799713,W9EMO,OPEN,On-Air,YSF/analog,,,,,,2021-05-26
442.50000,447.50000,+,CSQ,CSQ,"South Bend",Saint Joseph,41.68339920,-86.25000000,N9OCB,OPEN,On-Air,Analog/analog,,,,,,2017-12-25
442.52500,447.52500,+,131.8,CSQ,"Russiaville",Howard,40.41749954,-86.27140045,W9SMJ,OPEN,On-Air,Analog/analog,,,,,,2017-12-25
442.55000,447.55000,+,141.3,141.3,"Columbia City",Whitley,41.17167180,-85.48708070,N9WNH,OPEN,On-Air,YSF/analog,,,,,,2021-07-17
442.55000,447.55000,+,CSQ,CSQ,"Terre Haute",Vigo,39.46670151,-87.41390228,NC9U,OPEN,On-Air,Analog/analog,,,,,,2017-12-24
442.57500,447.57500,+,173.8,173.8,"Frankfort",Clinton,40.27949905,-86.51080322,W9SMJ,OPEN,On-Air,YSF/analog,,,,,,2018-06-07
442.60000,447.60000,+,131.8,CSQ,"Elkhart",Elkhart,41.68199921,-85.97669983,N8AES,OPEN,On-Air,Analog/analog,,,,,,2017-12-25
442.60000,447.60000,+,127.3,CSQ,"Rushville",Rush,39.60919952,-85.44640350,W9NTP,OPEN,On-Air,Analog/analog,,,,,,2018-10-11
442.63750,447.63750,+,,,"Fort Wayne - Parkview Randallia Hospital",Allen,41.07929993,-85.13939667,N9MTF,OPEN,On-Air,DMR,1,,,,,2019-12-08
442.65000,447.65000,+,77.0,CSQ,"Indianapolis",Marion,39.89479828,-86.20059967,KM9E,OPEN,On-Air,Analog/analog,,,,,Wide area,2020-04-10
442.65000,447.65000,+,131.8,CSQ,"South Bend",Saint Joseph,41.68339920,-86.25000000,KC9MEC,OPEN,On-Air,Analog/analog,,,,,,2017-12-25
442.67500,447.67500,+,CSQ,CSQ,"Bedford",Lawrence,38.90668700,-86.47630100,N9WEV,OPEN,On-Air,Analog/analog,,,,,Wide area,2020-03-29
442.70000,447.70000,+,CSQ,CSQ,"Fulton",Fulton,40.94729996,-86.26280212,WD8IEJ,OPEN,On-Air,Analog/analog,,,,,,2017-12-25
442.70000,447.70000,+,107.2,CSQ,"Washington",Daviess,38.65919876,-87.17279816,KB9LOW,OPEN,On-Air,Analog/analog,,,,,,2017-12-25
442.72500,447.72500,+,CSQ,CSQ,"Indianapolis",Marion,39.76850128,-86.15809631,W9SEM,OPEN,Unknown,Analog/analog,,,,,,2021-05-26
442.72500,447.72500,+,CSQ,CSQ,"Yorktown",Delaware,40.17369843,-85.49410248,N9TIG,OPEN,On-Air,Analog/analog,,,,,,2017-12-24
442.75000,447.75000,+,,,"Gary",Lake,41.59339905,-87.34639740,W9CTO,OPEN,On-Air,DMR,1,,,,,2019-12-08
442.75000,447.75000,+,131.8,,"Marion",Grant,40.55839920,-85.65910339,KB9CRA,OPEN,On-Air,DMR,1,,,,,2019-12-08
442.75000,447.75000,+,136.5,CSQ,"Monroe City",Knox,38.61529922,-87.35449982,W9KXP,OPEN,On-Air,Analog/analog,,,,,,2017-12-25
442.75000,447.75000,+,107.2,107.2,"Mount Vernon",Posey,37.93230057,-87.89499664,KD9ABT,OPEN,On-Air,YSF/analog,029,,,,,2018-01-07
442.77500,447.77500,+,,,"Danville",Hendricks,39.76060104,-86.52639771,KO9F,OPEN,Unknown,Analog,,,,,,2021-06-17
442.80000,447.80000,+,,,"Columbia City",Whitley,41.15729904,-85.48829651,N9MTF,OPEN,On-Air,DMR,1,,,,,2021-06-17
442.85000,447.85000,+,100.0,CSQ,"Indianapolis",Marion,39.76839828,-86.15799713,NF9K,OPEN,Unknown,Analog/analog,,9600,8642,,,2021-05-26
442.85000,447.85000,+,,,"New Albany",Floyd,38.28559875,-85.82409668,KC4ZMZ,OPEN,On-Air,YSF,,,,,,2017-12-25
442.85000,447.85000,+,97.4,CSQ,"Warsaw",Kosciusko,41.23809814,-85.85310364,W9CJC,OPEN,On-Air,Analog/analog,,,,,,2017-07-21
442.87500,447.87500,+,131.8,131.8,"Angola",Steuben,41.63479996,-84.99939728,KC9QDO,OPEN,On-Air,Analog/analog,,,,,,2018-06-07
442.87500,447.87500,+,110.9,CSQ,"Muncie",Delaware,40.19340134,-85.38639832,N9TIG,OPEN,On-Air,Analog/analog,,,,,,2017-12-25
442.90000,447.90000,+,67.0,CSQ,"Clarksville",Clark,38.29669952,-85.76000214,NA6Q,OPEN,On-Air,Analog/analog,,,,,,2019-09-15
442.90000,447.90000,+,141.3,CSQ,"Columbia City",Whitley,41.15729904,-85.48829651,K9BLU,OPEN,On-Air,Analog/analog,,,,,,2017-07-21
442.90000,447.90000,+,CSQ,CSQ,"Danville",Hendricks,39.76060104,-86.52639771,WB9CIF,OPEN,Unknown,Analog/analog,,,,,Wide area,2021-06-17
442.92500,447.92500,+,131.8,131.8,"Morocco",Newton,40.94020081,-87.34870148,KI9U,OPEN,On-Air,Analog/analog,,,,,,2020-05-15
442.92500,447.92500,+,,,"Roanoke",Huntington,40.96250153,-85.37329865,K9MMQ,OPEN,On-Air,DMR,1,,,,,2019-12-08
442.95000,447.95000,+,CSQ,CSQ,"Indianapolis",Marion,39.76839828,-86.15799713,KB9RBF,OPEN,Unknown,Analog/analog,,,,,,2021-05-26
442.95000,447.95000,+,131.8,CSQ,"Knox",Starke,41.29589844,-86.62500000,W9QN,OPEN,On-Air,Analog/analog,,,,,,2019-02-10
442.97500,447.97500,+,,,"Attica",Fountain,40.29079819,-87.24310303,W9ABH,OPEN,On-Air,DMR,1,,,,,2019-12-08
442.97500,447.97500,+,103.5,CSQ,"Scipio",Jennings,39.06750107,-85.70279694,KC9TME,OPEN,On-Air,Analog/analog,,,,,,2017-12-25
442.99375,447.99375,+,,,"Fort Wayne - Freemason Hall",Allen,41.07730103,-85.13680267,W9TE,OPEN,On-Air,DStar,,,,,,2019-04-12
443.00000,448.00000,+,100.0,CSQ,"Indianapolis",Marion,39.76839828,-86.15799713,WB9PGW,OPEN,On-Air,Analog/analog,,,,,,2021-05-26
443.00000,448.00000,+,67.0,CSQ,"Magnet",Perry,38.09669876,-86.46330261,W9WKY,OPEN,On-Air,Analog/analog,,,,,,2017-12-25
443.02500,448.02500,+,103.5,103.5,"Edinburgh",Shelby,39.06750107,-85.70279694,N9JWR,OPEN,On-Air,Analog/analog,,,,,,2021-01-13
443.02500,448.02500,+,97.4,CSQ,"Nappanee",Elkhart,41.44279861,-86.00140381,WD9ATU,OPEN,On-Air,Analog/analog,,,,,,2017-12-24
443.02500,448.02500,+,114.8,CSQ,"Terre Haute - Indiana State University",Vigo,39.47119904,-87.40809631,NS9M,OPEN,On-Air,Analog/analog,,748517,7810,,,2017-12-25
443.05000,448.05000,+,CSQ,CSQ,"Kirksville",Monroe,39.06769943,-86.62680054,WB9TLH,PRIVATE,On-Air,YSF/analog,1,247501,4187,,,2019-12-08
443.05000,448.05000,+,141.3,CSQ,"Warsaw",Kosciusko,41.23809814,-85.85310364,K9DEW,OPEN,On-Air,YSF,,,,,Wide area,2017-10-25
443.07500,448.07500,+,103.5,CSQ,"Columbus - Carr Hill",Bartholomew,39.18640137,-85.95970154,WB9AEP,OPEN,On-Air,Analog/analog,,,,,,2017-12-25
443.10000,448.10000,+,141.3,141.3,"Fort Wayne",Allen,41.09429932,-85.17649841,K9MMQ,OPEN,On-Air,DMR/analog,1,,,,,2019-12-08
443.12500,448.12500,+,136.5,CSQ,"Petersburg",Pike,38.49200058,-87.27860260,K9MNS,OPEN,On-Air,Analog/analog,,,,,,2017-12-25
443.12500,448.12500,+,CSQ,CSQ,"Tipton",Tipton,40.28229904,-86.04109955,K9TRC,OPEN,On-Air,Analog/analog,,,,,,2017-12-25
443.15000,448.15000,+,CSQ,CSQ,"English",Crawford,38.33449936,-86.46410370,KC9IUY,OPEN,On-Air,Analog/analog,,,,,,2017-12-24
443.15000,448.15000,+,,,"Floyds Knobs",Floyd,38.35609818,-85.84750366,AF9H,OPEN,On-Air,P25,185,,,,,2021-07-29
443.15000,448.15000,+,77.0,CSQ,"Lebanon",Boone,40.04840088,-86.46920013,N9HLL,CLOSED,On-Air,Analog/analog,,,,,,2017-12-25
443.17500,448.17500,+,131.8,CSQ,"Peru",Miami,40.75370026,-86.06890106,K9ZEV,OPEN,On-Air,Analog/analog,,,,,,2017-12-25
443.20000,448.20000,+,103.5,103.5,"East Enterprise - Water tower",Switzerland,38.78422950,-84.92439300,K9PVC,OPEN,On-Air,DMR,1,,,,,2021-01-17
443.20000,448.20000,+,103.5,103.5,"Florence",Adams,38.86130000,84.97940000,KD9PVC,OPEN,On-Air,DMR,,,,,,2020-12-11
443.20000,448.20000,+,103.5,103.5,"Florence",Clinton,38.86130000,84.97940000,KD9PVC,OPEN,On-Air,DMR,,,,,,2020-12-16
443.22500,448.22500,+,107.2,107.2,"Washington",Daviess,38.65919876,-87.17279816,KC9ZAR,OPEN,On-Air,YSF/analog,,946276,80,54691,,2021-06-14
443.25000,448.25000,+,131.8,CSQ,"Culver",Marshall,41.21889877,-86.42310333,N9GPY,OPEN,On-Air,Analog/analog,,,,,,2018-01-03
443.25000,448.25000,+,146.2,CSQ,"Evansville",Vanderburgh,37.97480011,-87.55580139,W9KXP,OPEN,On-Air,Analog/analog,,,,,Wide area,2017-12-25
443.25000,448.25000,+,100.0,CSQ,"Indianapolis",Marion,39.76839828,-86.15799713,KM9E,OPEN,On-Air,Analog/analog,,,,,,2021-05-26
443.27500,448.27500,+,141.3,141.3,"Fort Wayne",Allen,41.09429932,-85.17649841,K9MMQ,OPEN,On-Air,P25,293,,,,,2018-11-16
443.27500,448.27500,+,136.5,136.5,"Nashville - Indiana ",Brown,39.16189957,-86.22129822,KA9SWI,OPEN,On-Air,Analog/analog,,,,,,2020-06-26
443.30000,448.30000,+,CSQ,CSQ,"Kokomo",Howard,40.48640060,-86.13359833,KA9GFS,OPEN,On-Air,Analog/analog,,,,,,2018-11-22
443.30000,448.30000,+,103.5,CSQ,"Leavenworth",Crawford,38.19979858,-86.34410095,KC9OLF,OPEN,On-Air,Analog/analog,,,,,,2017-12-24
443.32500,448.32500,+,123.0,CSQ,"Evansville",Vanderburgh,37.97480011,-87.55580139,N9JCA,OPEN,On-Air,Analog/analog,,,4368,,,2017-12-25
443.32500,448.32500,+,156.7,156.7,"Indianapolis ",Marion,39.58459854,-86.19629669,KB9RRN,OPEN,On-Air,Analog/analog,,541081,,,,2021-10-07
443.32500,448.32500,+,103.5,103.5,"Modoc",Randolph,40.04529953,-85.12640381,K9NZF,OPEN,On-Air,Analog/analog,,443325,,,Wide area,2020-04-12
443.35000,448.35000,+,110.9,110.9,"Anderson - WGNR Broadcast Tower",Madison,40.10530090,-85.68029785,WA9CWE,OPEN,On-Air,Analog/analog,,,,,,2019-04-12
443.35000,448.35000,+,131.8,CSQ,"South Bend - Notre Dame",Saint Joseph,41.69900131,-86.23699951,ND1U,OPEN,On-Air,Analog/analog,,,,,,2019-02-06
443.37500,448.37500,+,,,"Frankfort",Clinton,40.27949905,-86.51080322,W9SMJ,OPEN,On-Air,DMR,1,,,,,2019-12-08
443.40000,448.40000,+,141.3,,"Marion - WXCC tower",Grant,40.55839920,-85.65910339,W9EBN,OPEN,On-Air,DStar,,,,,,2020-10-14
443.40000,448.40000,+,,,"Muncie",Delaware,40.19340134,-85.38639832,W9DUK,OPEN,On-Air,DStar,,,,,,2019-03-09
443.40000,448.40000,+,107.2,CSQ,"Suplhur",Crawford,38.22760010,-86.47080231,NA6Q,OPEN,On-Air,Analog/analog,,,,,,2017-12-24
443.42500,448.42500,+,D043,D043,"Indianapolis",Marion,39.76839828,-86.15799713,K9IP,OPEN,On-Air,Analog/analog,,,4730,,,2021-01-03
443.45000,448.45000,+,131.8,131.8,"Crown Point",Lake,41.41699982,-87.36530304,W9EMA,OPEN,Unknown,Analog/analog,,,,,,2021-09-19
443.45000,448.45000,+,88.5,CSQ,"Foster",Warren,40.14670181,-87.47139740,N9UWE,OPEN,On-Air,Analog/analog,,,,,,2017-12-25
443.45000,448.45000,+,127.3,CSQ,"Muncie",Delaware,40.19340134,-85.38639832,WD9HQH,OPEN,On-Air,Analog/analog,,,,,,2017-12-24
443.47500,448.47500,+,131.8,131.8,"Elkhart",Elkhart,41.68199921,-85.97669983,AA9JC,OPEN,On-Air,Analog/analog,,,,,Wide area,2021-09-21
443.47500,448.47500,+,103.5,CSQ,"Madison",Jefferson,38.73590088,-85.37999725,W9EFU,OPEN,On-Air,Analog/analog,,,,,,2020-07-29
443.47500,448.47500,+,100.0,100.0,"Portland",Jay,40.42440033,-84.98600006,W9JCA,OPEN,On-Air,Analog/analog,,,,,,2021-04-06
443.50000,448.50000,+,131.8,CSQ,"Rossville",Clinton,40.41699982,-86.59470367,WI9RES,OPEN,On-Air,Analog/analog,,,,,,2017-12-25
443.52500,448.52500,+,151.4,151.4,"Greenwood - Tower of White river twnsp FD",Johnson,39.59270096,-86.16139984,W9MID,OPEN,On-Air,YSF,,,,,,2019-12-16
443.55000,448.55000,+,CSQ,CSQ,"Evansville",Vanderburgh,37.97480011,-87.55580139,K9RVB,OPEN,Off-Air,Analog/analog,,,,,,2017-12-22
443.55000,448.55000,+,77.0,CSQ,"Noblesville",Hamilton,40.05250168,-85.98930359,N9EOC,OPEN,On-Air,Analog/analog,,,4816,,,2017-12-25
443.57500,448.57500,+,127.3,127.3,"Hartford City",Blackford,40.45579910,-85.37500000,WB9HLA,OPEN,On-Air,YSF,,,,,,2020-02-26
443.58750,448.58750,+,,,"Nashville - Brown County State Park",Brown,39.16949844,-86.22160339,KC9TKJ,OPEN,On-Air,DMR,1,,,,,2019-12-08
443.60000,448.60000,+,CSQ,CSQ,"Chrisney",Spencer,38.01480103,-87.03639984,W9DRB,OPEN,On-Air,Analog/analog,,,,,,2017-12-24
443.60000,438.60000,-,97.4,CSQ,"Kendallville",Noble,41.44139862,-85.26499939,K9NDU,OPEN,On-Air,Analog/analog,,,,,,2017-12-25
443.60000,448.60000,+,,,"West Lafayette",Tippecanoe,40.42290115,-86.91159821,W9YB,OPEN,On-Air,DMR,1,,,,,2019-12-08
443.65000,448.65000,+,173.8,173.8,"Logansport",Cass,40.75450134,-86.35669708,W9VMW,OPEN,On-Air,YSF,,,,,,2019-07-12
443.67500,448.67500,+,,,"Lagrange - WTHD tower",LaGrange,41.62329865,-85.34670258,NT9M,OPEN,On-Air,DMR,1,,,,,2019-12-08
443.67500,448.67500,+,91.5,91.5,"Vincennes - Hillcrest Park",Knox,38.72349930,-87.51959991,W9EOC,OPEN,On-Air,YSF/analog,,,,,,2021-03-19
443.67500,448.67500,+,156.7,CSQ,"Williamsport",Warren,40.28839874,-87.29389954,WB9ARC,OPEN,On-Air,Analog/analog,,,,,,2017-12-25
443.70000,448.70000,+,131.8,131.8,"Sharpsville",Tipton,40.37950134,-86.08860016,K9TRC,OPEN,On-Air,Analog/analog,,,,,,2021-06-06
443.72500,448.72500,+,103.5,CSQ,"Seymour",Jackson,38.95920181,-85.89029694,N9KPA,OPEN,On-Air,Analog/analog,,,,,,2017-12-25
443.75000,448.75000,+,100.0,CSQ,"Indianapolis",Marion,39.76839828,-86.15799713,K9LPW,OPEN,On-Air,YSF/analog,,,,,,2021-05-26
443.77500,448.77500,+,136.5,CSQ,"Bloomington",Monroe,39.16529846,-86.52639771,KB9SGN,OPEN,On-Air,Analog/analog,,,,,Wide area,2018-02-27
443.80000,448.80000,+,CSQ,CSQ,"Fort Wayne - WANE-TV tower",Allen,41.09400177,-85.18019867,W9INX,OPEN,On-Air,Analog/analog,,,,,,2017-12-22
443.80000,448.80000,+,CSQ,CSQ,"Indianapolis",Marion,39.76839828,-86.15799713,KC9COP,OPEN,Off-Air,Analog/analog,,,,,,2017-12-22
443.82500,448.82500,+,141.3,,"Jonesboro",Grant,40.47969818,-85.62770081,N9PKL,OPEN,On-Air,Analog/analog,,,,,,2018-07-12
443.82500,448.82500,+,136.5,136.5,"Sullivan - Sullivan EMA",Sullivan,39.09531990,-87.40585250,W9SCA,OPEN,On-Air,Analog/analog,,,,,,2020-04-20
443.85000,448.85000,+,131.8,CSQ,"Goshen",Elkhart,41.58229828,-85.83439636,KB9ORC,OPEN,On-Air,Analog/analog,,,,,,2017-12-25
443.85000,448.85000,+,88.5,88.5,"Indianapolis",Marion,39.92860031,-86.18190002,W9IRA,OPEN,On-Air,Analog/analog,,,,,Wide area,2021-05-29
443.85000,448.85000,+,136.5,CSQ,"Lynnville",Warrick,38.19620132,-87.29669952,W9KXP,OPEN,On-Air,Analog/analog,,,,,,2017-12-25
443.87500,448.87500,+,141.3,141.3,"Bluffton",Wells,40.73860168,-85.17099762,AB9HP,OPEN,On-Air,Analog/analog,,,,,,2020-01-23
443.87500,448.87500,+,146.2,CSQ,"Lawrenceburg",Dearborn,39.09090042,-84.84999847,KB9GYO,OPEN,On-Air,Analog/analog,,922292,,,,2019-03-11
443.90000,448.90000,+,77.0,CSQ,"Noblesville",Hamilton,40.01509857,-85.98269653,W9ICE,OPEN,On-Air,Analog/analog,,,,,,2017-12-25
443.92500,448.92500,+,,,"Monterey",Marshall,41.13840103,-86.41639709,N9GPY,OPEN,On-Air,DMR,1,,,,,2019-12-08
443.95000,448.95000,+,77.0,,"Hortonville",Hamilton,40.08611000,-86.16083000,N9EOC,OPEN,On-Air,YSF,,,,,,2021-04-11
443.95000,448.95000,+,131.8,CSQ,"Lowell",Lake,41.29140091,-87.42060089,KA9OOI,OPEN,On-Air,Analog/analog,,,,,,2019-05-06
443.97500,448.97500,+,131.8,CSQ,"Huntington",Huntington,40.88309860,-85.49749756,KC9GX,OPEN,On-Air,Analog/analog,,,,,Wide area,2017-12-25
443.98750,448.98750,+,,,"Covington",Fountain,40.14170074,-87.39469910,W9ABH,OPEN,On-Air,DMR,1,,,,,2019-12-08
444.00000,449.00000,+,100.0,100.0,"Indianapolis",Marion,39.76839828,-86.15799713,NE9T,OPEN,On-Air,Analog/analog,,,,,,2021-05-29
444.00000,449.00000,+,107.2,107.2,"Petersburg",Pike,38.49200058,-87.27860260,KB9EDT,OPEN,On-Air,Analog/analog,,,,,,2019-11-13
444.02500,449.02500,+,103.5,CSQ,"Paoli",Orange,38.55619812,-86.46829987,KB9OHY,OPEN,On-Air,Analog/analog,,,,,,2017-12-25
444.02500,449.02500,+,131.8,131.8,"Russiaville",Howard,40.41749954,-86.27140045,W9SMJ,OPEN,On-Air,P25,293,,,,,2019-04-12
444.05000,449.05000,+,,,"Elkhart",Elkhart,41.68199921,-85.97669983,K9DEW,OPEN,On-Air,DMR,1,,,,,2019-12-08
444.05000,449.05000,+,CSQ,CSQ,"Mitchell",Lawrence,38.73279953,-86.47360229,W9QYQ,OPEN,On-Air,YSF/analog,,,,,Wide area,2021-03-29
444.07500,449.07500,+,151.4,151.4,"Coatesville",Hendricks,39.68780136,-86.67030334,K9ERV,OPEN,Off-Air,YSF/analog,,,,,,2019-04-12
444.07500,449.07500,+,88.5,CSQ,"Otterbein",Benton,40.49060059,-87.09639740,KC9BPE,OPEN,On-Air,Analog/analog,,,,,,2017-12-25
444.07500,449.07500,+,100.0,CSQ,"Whiteland",Johnson,39.54999924,-86.07969666,KM9S,OPEN,On-Air,Analog/analog,,,,,,2017-12-25
444.10000,449.10000,+,127.3,127.3,"Eaton",Delaware,40.34030151,-85.35079956,K9NZF,PRIVATE,On-Air,Analog/analog,,,,,,2018-06-05
444.10000,449.10000,+,131.8,CSQ,"Mishawaka",Saint Joseph,41.66199875,-86.15859985,N9GVU,OPEN,On-Air,Analog/analog,,,,,,2017-12-25
444.15000,449.15000,+,167.9,CSQ,"Evansville",Vanderburgh,37.97480011,-87.55580139,AA9MM,OPEN,On-Air,Analog/analog,,,,,,2017-12-25
444.15000,449.15000,+,141.3,141.3,"Roanoke",Huntington,40.96250153,-85.37329865,K9MMQ,OPEN,On-Air,P25/analog,1293,,,,,2018-03-26
444.16250,449.16250,+,,,"West Lafayette - Purdue Memorial Union Tower",Tippecanoe,40.42279816,-86.91159821,W9YB,OPEN,On-Air,P25,396,,,,,2019-01-26
444.16250,449.16250,+,,,"West Lafayette",Tippecanoe,40.42290115,-86.91159821,W9YB,OPEN,On-Air,P25,396,,,,,2019-01-24
444.17500,449.17500,+,,,"Ferdinand",Dubois,38.22389984,-86.86219788,K9CFM,OPEN,On-Air,DMR,1,,,,,2019-04-12
444.17500,449.17500,+,131.8,,"South Bend",Saint Joseph,41.68339920,-86.25000000,KA9LAW,OPEN,On-Air,YSF/analog,,,,,,2017-11-17
444.20000,449.20000,+,CSQ,CSQ,"Brownsburg",Hendricks,39.84339905,-86.39779663,W9BU,OPEN,Unknown,Analog/analog,,,,,,2021-06-17
444.20000,449.20000,+,67.0,67.0,"Floyds Knobs - WHAS TV-11 Tower registration NR. 1031016",Floyd,38.33890152,-85.87090302,N9CVA,OPEN,On-Air,Analog/analog,,19255,,,,2019-09-29
444.20000,449.20000,+,141.3,,"Warsaw",Kosciusko,41.23809814,-85.85310364,K9CWD,OPEN,On-Air,YSF,,,,,,2019-04-12
444.22500,449.22500,+,107.2,CSQ,"Carlisle",Sullivan,38.96229935,-87.40260315,W9AZM,OPEN,On-Air,Analog/analog,,,,,,2018-03-26
444.25000,449.25000,+,141.3,CSQ,"Fort Wayne",Allen,41.13059998,-85.12889862,W9AVW,OPEN,On-Air,Analog/analog,,,,,Wide area,2017-12-25
444.25000,449.25000,+,100.0,CSQ,"Martinsville",Morgan,39.42779922,-86.42829895,W9ZSK,OPEN,On-Air,Analog/analog,,,,,,2017-12-25
444.27500,449.27500,+,131.8,CSQ,"Elkhart",Elkhart,41.68199921,-85.97669983,AA9JC,OPEN,On-Air,Analog/analog,,,,,,2017-12-25
444.27500,449.27500,+,131.8,131.8,"New Castle",Henry,39.92890167,-85.37020111,NT9J,OPEN,On-Air,Analog/analog,,,,,,2020-05-11
444.30000,449.30000,+,131.8,CSQ,"Fort Wayne",Allen,41.13059998,-85.12889862,W9VD,OPEN,On-Air,Analog/analog,,,,,,2017-07-21
444.30000,449.30000,+,,,"West Lafayette",Tippecanoe,40.47370148,-86.89219666,W9ARP,OPEN,On-Air,DStar,,,,,,2018-06-07
444.32500,449.32500,+,97.4,CSQ,"Decatur",Adams,40.87689972,-84.88069916,K9OMW,OPEN,On-Air,Analog/analog,,,,,,2017-12-25
444.32500,449.32500,+,136.5,136.5,"Indianapolis",Marion,39.76839828,-86.15799713,KB9SGN,OPEN,On-Air,Analog/analog,,,,,Wide area,2021-11-12
444.35000,449.35000,+,131.8,131.8,"Angola",Steuben,41.63479996,-84.99939728,KC9QDO,OPEN,Unknown,YSF/analog,,,,,,2021-07-25
444.35000,449.35000,+,,,"Crown Point",Lake,41.41699982,-87.36530304,N9IAA,OPEN,On-Air,DMR,1,,,,Wide area,2019-12-08
444.35000,449.35000,+,100.0,CSQ,"Linton",Greene,39.03480148,-87.16580200,KA9JOK,OPEN,On-Air,Analog/analog,,,,,,2017-12-25
444.35000,449.35000,+,127.3,CSQ,"Richmond - Reid Hospital",Wayne,39.86389923,-84.88310242,W1IDX,OPEN,On-Air,Analog/analog,,,,,,2017-12-25
444.35000,449.35000,+,CSQ,CSQ,"Terre Haute",Vigo,39.46670151,-87.41390228,W9SKI,OPEN,On-Air,Analog/analog,,,,,Wide area,2017-12-22
444.37500,449.37500,+,127.3,127.3,"Muncie - Ball State University",Delaware,40.19340134,-85.38639832,WB9HXG,OPEN,On-Air,Analog/analog,,,,,,2018-01-13
444.40000,449.40000,+,151.4,CSQ,"Coatesville",Hendricks,39.68780136,-86.67030334,KC9HKT,OPEN,On-Air,Analog/analog,,,,,,2017-12-25
444.41250,449.41250,+,,,"Noblesville",Hamilton,40.04560089,-86.00859833,K3HTK,OPEN,Unknown,DMR,1,,,,,2020-06-12
444.42500,449.42500,+,131.8,CSQ,"Sidney",Kosciusko,41.10559845,-85.74359894,WB9VLE,OPEN,On-Air,Analog/analog,,,,,,2017-12-25
444.45000,449.45000,+,D465,D465,"Greenfield",Hancock,39.86275900,-85.74479400,W9ATG,OPEN,On-Air,Analog/analog,,,,,,2021-02-12
444.47500,449.47500,+,136.5,CSQ,"Cloverdale",Putnam,39.51480103,-86.79389954,KB9SGN,OPEN,On-Air,Analog/analog,,,,,Wide area,2017-12-25
444.50000,449.50000,+,167.9,CSQ,"Evansville",Vanderburgh,37.97480011,-87.55580139,W9MAR,OPEN,On-Air,Analog/analog,,,,,,2017-12-25
444.50000,449.50000,+,131.8,CSQ,"West Lafayette",Tippecanoe,40.42589951,-86.90809631,W9YB,OPEN,On-Air,Analog/analog,,,4319,,,2018-03-27
444.52500,449.52500,+,146.2,CSQ,"Greensburg",Decatur,39.33729935,-85.48359680,N9LQL,OPEN,On-Air,Analog/analog,,,,,,2017-12-25
444.52500,449.52500,+,CSQ,CSQ,"New Carlisle",Saint Joseph,41.70029831,-86.50949860,AB9OZ,OPEN,On-Air,Analog/analog,,,,,,2017-07-21
444.55000,449.55000,+,141.3,141.3,"Columbia City",Whitley,41.15729904,-85.48829651,WC9AR,OPEN,On-Air,Analog/analog,,,,,,2019-08-28
444.55000,449.55000,+,110.9,110.9,"Richmond",Wayne,39.82889938,-84.89019775,N9CZV,OPEN,On-Air,Analog/analog,,,,,Wide area,2021-09-11
444.55000,449.55000,+,,,"Terre Haute",Vigo,39.33940000,-87.47750000,KC9ZAR,OPEN,Testing,YSF/analog,,946276,80,54691,,2021-06-14
444.57500,449.57500,+,,,"Danville",Hendricks,39.76060104,-86.52639771,WX9HC,OPEN,On-Air,DMR,1,,,,Wide area,2019-12-08
444.57500,449.57500,+,141.3,CSQ,"Huntington",Huntington,40.88309860,-85.49749756,AB7CC,OPEN,On-Air,Analog/analog,,,,,,2017-12-25
444.60000,449.60000,+,131.8,CSQ,"Angola",Steuben,41.63479996,-84.99939728,W9LKI,OPEN,Unknown,Analog/analog,,,,,Wide area,2021-07-25
444.60000,449.60000,+,,,"Kokomo",Howard,40.24000168,-86.04000092,W9SMJ,OPEN,On-Air,DMR,1,,,,,2019-12-08
444.60000,449.60000,+,CSQ,CSQ,"Terre Haute",Vigo,39.46670151,-87.41390228,W0THI,OPEN,On-Air,Analog/analog,,,,,,2021-06-16
444.65000,449.65000,+,131.8,,"Flora",Carroll,40.54729843,-86.52439880,W9RJB,OPEN,On-Air,Analog/analog,,,,,,2019-12-02
444.67500,449.67500,+,CSQ,CSQ,"Anderson",Madison,40.10530090,-85.68029785,WA9EOC,OPEN,On-Air,Analog/analog,,,,,,2017-12-22
444.67500,449.67500,+,107.2,CSQ,"Jasper",Dubois,38.39139938,-86.93109894,N9MZF,OPEN,On-Air,Analog/analog,,,,,,2021-10-06
444.67500,449.67500,+,,,"Laporte",La Porte,41.61109924,-86.72270203,N9IAA,OPEN,On-Air,DMR,1,,,,Wide area,2019-12-08
444.70000,449.70000,+,D023,CSQ,"Mooresville",Morgan,39.61280060,-86.37419891,KB9DJA,OPEN,On-Air,Analog/analog,,,,,,2018-03-26
444.72500,449.72500,+,CSQ,CSQ,"Greenfield",Hancock,39.78499985,-85.76940155,W9ATG,OPEN,Unknown,Analog/analog,,,,,,2020-04-04
444.75000,449.75000,+,131.8,131.8,"Hobart",Lake,41.54290009,-87.26419830,KA9QJG,OPEN,On-Air,Analog,,,,,,2021-07-25
444.75000,449.75000,+,141.3,141.3,"Marion",Grant,40.61550140,-85.64649963,K9MMQ,OPEN,On-Air,Analog/analog,,,,,,2019-04-12
444.75000,449.75000,+,151.4,151.4,"Terre Haute",Vigo,39.43190002,-87.50499725,K9ITK,OPEN,On-Air,YSF/analog,69,,,,,2021-01-03
444.77500,449.77500,+,88.5,CSQ,"Edinburgh",Johnson,39.35419846,-85.96669769,KC9AWX,OPEN,On-Air,Analog/analog,,,,,,2017-12-25
444.77500,449.77500,+,D023,D023,"Mooresville",Morgan,39.61280060,-86.37419891,N9AWM,OPEN,Unknown,Analog/analog,,,,,,2021-06-17
444.80000,449.80000,+,CSQ,CSQ,"Bloomfield - CINCINNATI,IN",Greene,39.03480148,-87.16580200,W9HD,OPEN,On-Air,YSF,,946276,80,,,2021-06-17
444.80000,449.80000,+,77.0,CSQ,"Crawfordsville",Montgomery,40.04119873,-86.87449646,KB9GPB,OPEN,On-Air,Analog/analog,,,,,,2017-12-25
444.80000,449.80000,+,141.3,CSQ,"Fort Wayne",Allen,41.13059998,-85.12889862,W9FEZ,OPEN,On-Air,Analog/analog,,,8177,,,2018-07-19
444.85000,449.85000,+,151.4,,"Farmersburg",Sullivan,39.24860001,-87.38200378,W9TH,OPEN,On-Air,YSF/analog,,,,,,2021-09-13
444.87500,449.87500,+,141.3,141.3,"Fort Wayne",Allen,41.13059998,-85.12889862,W9TE,OPEN,On-Air,Analog/analog,,,,,,2020-03-19
444.87500,449.87500,+,CSQ,CSQ,"Indianapolis",Marion,39.76839828,-86.15799713,KA9GIX,OPEN,Off-Air,Analog/analog,,,,,,2017-12-22
444.90000,449.90000,+,,,"Bloomington - IU",Monroe,39.16759872,-86.52380371,K9IU,OPEN,On-Air,DStar,,,,,,2018-06-07
444.92500,449.92500,+,,,"Plymouth",Marshall,41.34370041,-86.30970001,N9GPY,OPEN,On-Air,DMR,1,,,,,2019-12-08
444.92500,449.92500,+,136.5,CSQ,"Salem",Washington,38.60559845,-86.10109711,KB9SGN,OPEN,On-Air,Analog/analog,,,,,Wide area,2017-12-25
444.95000,449.95000,+,CSQ,CSQ,"Evansville",Vanderburgh,37.97480011,-87.55580139,N9WYN,OPEN,Off-Air,Analog/analog,,,,,,2017-12-22
444.95000,449.95000,+,131.8,131.8,"Laporte",La Porte,41.61059952,-86.72250366,W9SAL,OPEN,On-Air,Analog/analog,,,,,,2021-09-16
444.95000,449.95000,+,100.0,CSQ,"Martinsville",Morgan,39.42779922,-86.42829895,K9PYI,OPEN,On-Air,Analog/analog,,,,,,2017-12-25
444.97500,449.97500,+,CSQ,CSQ,"Shelbyville",Shelby,39.52140045,-85.77690125,W9NTP,OPEN,On-Air,YSF/analog,,,,,,2017-12-22
444.97500,449.97500,+,107.2,107.2,"South Bend",Saint Joseph,41.68339920,-86.25000000,K9SIQ,OPEN,On-Air,Analog/analog,,,,,,2021-06-08
444.98000,449.98000,+,131.8,CSQ,"Richmond - Downtown",Wayne,39.82889938,-84.89019775,W1IDX,OPEN,On-Air,Analog/analog,,,,,,2017-12-25
445.95000,440.95000,-,131.8,131.8,"Portage - Port of Indiana",Porter,41.57590103,-87.17610168,W9BUZ,OPEN,Unknown,YSF/analog,,434942,,,,2020-10-20
446.03750,448.32500,s,D654,156.7,"Greenwood",Johnson,39.35079956,-86.11779785,KB9RRN,OPEN,On-Air,Analog/analog,,643333,,,,2018-05-17
