Output Freq,Input Freq,Offset,Uplink Tone,Downlink Tone,"Location",County,Lat,Long,Call,Use,Op Status,Mode,Digital Access,EchoLink,IRLP,AllStar,Coverage,Last Update
145.11000,144.51000,-,107.2,CSQ,"Evansville",Vanderburgh,37.97480011,-87.55580139,AB9JT,OPEN,On-Air,Analog/analog,,,,,,2017-12-22
145.11000,144.51000,-,88.5,88.5,"Mooresville",Morgan,39.61800003,-86.37249756,W9WWV,OPEN,On-Air,Analog/analog,,,,,,2021-06-17
145.12000,144.52000,-,127.3,,"Connersville",Fayette,39.60440063,-85.11329651,KB9JDB,OPEN,On-Air,YSF/analog,,,,,,2021-06-06
145.13000,144.53000,-,88.5,88.5,"Danville",Hendricks,39.76060104,-86.52639771,WX9HC,OPEN,Unknown,YSF/analog,,,,,Wide area,2021-06-17
145.14500,144.54500,-,CSQ,CSQ,"Newport",Vermillion,39.88420105,-87.40859985,W9MJW,OPEN,On-Air,Analog/analog,,,,,,2017-12-22
145.15000,144.55000,-,136.5,CSQ,"Fort Branch",Gibson,38.25120163,-87.58110046,KB9SGN,OPEN,Unknown,Analog/analog,,,,,Wide area,2021-09-27
145.15000,144.55000,-,141.3,CSQ,"Huntington",Huntington,40.88309860,-85.49749756,KB9UMI,OPEN,On-Air,Analog/analog,,,,,,2017-12-23
145.17000,144.57000,-,100.0,CSQ,"Linton",Greene,39.03480148,-87.16580200,N9BII,OPEN,On-Air,YSF/analog,,,,,,2021-01-07
145.17000,144.57000,-,103.5,,"Madison",Jefferson,38.73590088,-85.37999725,W9EFU,OPEN,On-Air,Analog/analog,,,,,,2020-01-15
145.17000,144.57000,-,77.0,CSQ,"Noblesville",Hamilton,40.04560089,-86.00859833,N9EOC,OPEN,On-Air,Analog/analog,,,4816,,,2020-11-21
145.19000,144.59000,-,88.5,88.5,"Attica",Fountain,40.29420090,-87.24890137,WB9ARC,OPEN,On-Air,Analog/analog,,,,,,2019-04-12
145.19000,144.59000,-,131.8,131.8,"Bremen",Marshall,41.44639969,-86.14810181,W9LRT,OPEN,On-Air,Analog/analog,,,,,,2017-12-06
145.19000,144.59000,-,107.2,CSQ,"Leopold",Perry,38.10390091,-86.58239746,KC9OBN,OPEN,On-Air,Analog/analog,,,,,,2017-12-22
145.21000,144.61000,-,100.0,CSQ,"Indianapolis",Marion,39.76839828,-86.15799713,NE9T,OPEN,On-Air,Analog/analog,,,,,,2021-05-26
145.21000,144.61000,-,97.4,CSQ,"Pennville",Jay,40.49390030,-85.14830017,W9JCA,OPEN,On-Air,Analog/analog,,,,,,2021-04-04
145.21000,144.61000,-,CSQ,CSQ,"Shoals",Martin,38.66640091,-86.79109955,KA9PSX,OPEN,On-Air,Analog/analog,,,,,,2017-12-22
145.23000,144.63000,-,173.8,173.8,"Logansport - EMA Building",Cass,40.75450134,-86.35669708,W9VMW,OPEN,On-Air,Analog/analog,,,,,,2019-06-16
145.23000,144.63000,-,CSQ,CSQ,"Terre Haute",Vigo,39.46670151,-87.41390228,W9SKI,OPEN,On-Air,Analog/analog,,,,,Wide area,2017-12-22
145.25000,144.65000,-,141.3,CSQ,"Elkhart",Elkhart,41.68199921,-85.97669983,KC9GMH,OPEN,On-Air,Analog/analog,,,,,,2017-12-23
145.25000,144.65000,-,136.5,CSQ,"Lynnville",Warrick,38.19620132,-87.29669952,W9KXP,OPEN,On-Air,Analog/analog,,,,,,2017-12-23
145.25000,144.65000,-,CSQ,CSQ,"Scipio ",Jennings,39.06750107,-85.70279694,KC9PIE,OPEN,On-Air,Analog/analog,,,,,,2018-01-10
145.25000,144.65000,-,173.8,173.8,"West Lafayette - Indiana Veterans Home",Tippecanoe,40.42589951,-86.90809631,KA9VXS,OPEN,On-Air,YSF,,,,,,2018-02-15
145.27000,144.67000,-,141.3,141.3,"Columbia City - Parkview Whitley Hospital",Whitley,41.15850067,-85.46489716,WC9AR,OPEN,On-Air,Analog/analog,,,,,,2017-11-02
145.27000,144.67000,-,88.5,CSQ,"Foster",Warren,40.14670181,-87.47139740,N9UWE,OPEN,On-Air,Analog/analog,,,,,,2018-12-27
145.29000,144.69000,-,131.8,CSQ,"South Bend",Saint Joseph,41.68339920,-86.25000000,N9OCB,OPEN,On-Air,Analog/analog,,,,,,2021-06-08
145.29000,144.69000,-,88.5,CSQ,"Stilesville",Hendricks,39.63840103,-86.63359833,AB9D,OPEN,On-Air,Analog/analog,,,,,,2017-12-23
145.30000,144.70000,-,131.8,131.8,"Kendallville",Noble,41.44139862,-85.26499939,,OPEN,On-Air,Analog/analog,,,,,,2021-07-25
145.31000,144.71000,-,107.2,CSQ,"Bedford",Lawrence,38.86119843,-86.48719788,W9QYQ,OPEN,On-Air,Analog/analog,,,,,Wide area,2017-12-23
145.31000,144.71000,-,CSQ,CSQ,"Marion - General Motors Metal Fabricating plant",Grant,40.55839920,-85.65910339,WB9UCF,OPEN,On-Air,Analog/analog,,,,,,2017-07-28
145.33000,144.73000,-,141.3,141.3,"Fort Wayne - Freemason Hall",Allen,41.13059998,-85.12889862,W9FEZ,OPEN,On-Air,Analog/analog,,,,,,2021-07-25
145.33000,144.73000,-,88.5,88.5,"Greenfield",Hancock,39.86275900,-85.74479400,W9ATG,OPEN,On-Air,Analog/analog,,,,,,2021-03-03
145.33000,144.73000,-,131.8,131.8,"Morocco",Newton,40.94020081,-87.34870148,KI9U,OPEN,On-Air,YSF/analog,,,,,,2020-10-31
145.33000,144.73000,-,131.8,131.8,"Rensselaer",Jasper,40.93669891,-87.15090179,KC9HUS,OPEN,On-Air,Analog/analog,,,,,,2021-07-29
145.35000,144.75000,-,131.8,131.8,"Kokomo",Howard,40.40599823,-86.06829834,W9SMJ,OPEN,On-Air,Analog/analog,,,,,,2021-07-27
145.35000,144.75000,-,CSQ,CSQ,"Terre Haute",Vigo,39.46670151,-87.41390228,NC9U,OPEN,On-Air,Analog/analog,,,,,,2017-12-22
145.36000,144.76000,-,151.4,,"Danville",Hendricks,39.76060104,-86.52639771,KD9EST,OPEN,Unknown,Analog/analog,,,,,,2021-06-17
145.37000,144.77000,-,88.5,CSQ,"Indianapolis",Marion,39.76839828,-86.15799713,W9GTA,OPEN,Unknown,Analog/analog,,,,,,2021-05-26
145.37000,144.77000,-,131.8,CSQ,"Rossville",Clinton,40.41699982,-86.59470367,WI9RES,OPEN,On-Air,Analog/analog,,,,,,2017-12-23
145.39000,144.79000,-,151.4,CSQ,"Anderson - Community Hospital",Madison,40.13000107,-85.69300079,W9VCF,OPEN,On-Air,Analog/analog,,,,,,2017-12-26
145.39000,144.79000,-,118.8,CSQ,"Linton",Greene,39.03480148,-87.16580200,W9GCR,OPEN,On-Air,Analog/analog,,,,,Wide area,2017-12-24
145.39000,144.79000,-,131.8,CSQ,"South Bend",Saint Joseph,41.67639923,-86.25199890,N9YOU,OPEN,On-Air,Analog/analog,,,,,,2021-06-08
145.41000,144.81000,-,,,"Indianapolis",Marion,39.76839828,-86.15809631,W9AMT,OPEN,Unknown,DMR,1,,,,Wide area,2021-05-18
145.41000,144.81000,-,131.8,131.8,"Knox",Starke,41.29589844,-86.62500000,KN9OX,OPEN,On-Air,YSF/analog,,,,,,2018-06-08
145.41000,144.81000,-,136.5,CSQ,"Princeton",Gibson,38.35530090,-87.56749725,KB9NEJ,OPEN,On-Air,YSF/analog,,,,,,2017-12-24
145.41000,144.81000,-,173.8,CSQ,"South Bend",Saint Joseph,41.65539932,-86.16799927,N9ABN,OPEN,Off-Air,Analog/analog,,,,,,2017-12-23
145.42000,144.82000,-,CSQ,CSQ,"Bluffton",Wells,40.73870087,-85.17160034,AB9HP,OPEN,On-Air,Analog/analog,,,,,,2017-12-22
145.42000,144.82000,-,151.4,151.4,"Center Point",Clay,39.41699982,-87.07720184,N9CCA,OPEN,On-Air,YSF/analog,,,,,,2017-12-21
145.43000,144.83000,-,141.3,141.3,"Elkhart",Elkhart,41.68199921,-85.97669983,K9DEW,OPEN,On-Air,Analog/analog,,,,,Wide area,2021-02-12
145.43000,144.83000,-,136.5,136.5,"Newburgh",Warrick,37.92530060,-87.31780243,AE9OZ,OPEN,On-Air,YSF/analog,,,,,,2020-04-13
145.43000,144.83000,-,103.5,CSQ,"Seymour",Jackson,38.95920181,-85.89029694,KC9JOY,OPEN,On-Air,Analog/analog,,,,,,2017-12-23
145.44000,144.84000,-,151.4,151.4,"Rockville - Parke County Jail",Parke,39.76250076,-87.22920227,AD0TY,OPEN,On-Air,Analog/analog,,,,,,2020-10-14
145.45000,144.85000,-,131.8,131.8,"Crown Point",Lake,41.41699982,-87.36530304,W9FXT,OPEN,On-Air,Analog/analog,,,,,,2019-08-08
145.45000,144.85000,-,131.8,131.8,"New Castle",Henry,39.92890167,-85.37020111,NT9J,OPEN,On-Air,Analog/analog,,,,,,2020-05-11
145.45000,144.85000,-,CSQ,CSQ,"Petersburg",Pike,38.49200058,-87.27860260,WA9FGT,OPEN,On-Air,Analog/analog,,,,,,2017-12-22
145.47000,144.87000,-,97.4,CSQ,"Decatur",Adams,40.79850006,-84.89790344,KB9KYM,OPEN,On-Air,Analog/analog,,,,,,2017-12-23
145.47000,144.87000,-,136.5,CSQ,"Ridgeport",Greene,39.04560089,-86.80359650,KB9SIP,OPEN,On-Air,Analog/analog,,,,,Wide area,2017-12-24
145.48000,144.88000,-,88.5,88.5,"Shelbyville - Drake Electric",Shelby,39.52140045,-85.77690125,W9NTP,OPEN,On-Air,YSF/analog,,,,,,2021-02-23
145.48000,144.88000,-,131.8,131.8,"Winamac",Pulaski,41.05139923,-86.60310364,KC9VBQ,OPEN,On-Air,Analog/analog,,,,,,2020-10-14
145.49000,144.89000,-,136.5,CSQ,"Bedford",Lawrence,38.86119843,-86.48719788,AA9WR,OPEN,On-Air,Analog/analog,,,,,Wide area,2017-12-23
145.49000,144.89000,-,88.5,CSQ,"Covington",Fountain,40.14170074,-87.39469910,WB9ARC,OPEN,On-Air,Analog/analog,,,,,,2017-12-23
145.78500,145.18500,-,131.8,CSQ,"Centerville - County Highway garage",Wayne,39.81779861,-84.99639893,W1IDX,OPEN,On-Air,Analog/analog,,,,,,2017-12-24
146.61000,146.01000,-,CSQ,CSQ,"Cyclone",Clinton,40.22840118,-86.43250275,KC9HNP,OPEN,On-Air,Analog/analog,,,,,,2018-02-15
146.61000,146.01000,-,131.8,131.8,"La Porte",La Porte,41.61059952,-86.72250366,K9JSI,OPEN,On-Air,Analog/analog,,,,,,2021-06-06
146.61000,146.01000,-,103.5,CSQ,"Scottsburg",Scott,38.68539810,-85.76959991,WR9G,OPEN,On-Air,Analog/analog,,,,,,2017-12-24
146.62500,146.02500,-,88.5,88.5,"Indianapolis",Marion,39.77920151,-86.14980316,W9IRA,OPEN,On-Air,Analog/analog,,,,,,2020-10-14
146.62500,146.02500,-,141.3,141.3,"Roanoke",Huntington,40.96250153,-85.37329865,K9MMQ,OPEN,On-Air,Analog/analog,,,,,,2018-06-07
146.64000,146.04000,-,136.5,136.5,"Bloomington - Indiana University",Monroe,39.16699982,-86.52690125,WB9TLH,OPEN,On-Air,Analog/analog,,,,,Wide area,2018-06-07
146.64000,146.04000,-,141.3,141.3,"Middlebury",Elkhart,41.67860031,-85.97619629,K9DEW,OPEN,On-Air,Analog/analog,,645025,,,Wide area,2021-02-11
146.65500,146.05500,-,141.3,141.3,"Hartford City",Blackford,40.45119858,-85.37000275,K9VND,OPEN,On-Air,Analog/analog,,239090,,,,2018-06-07
146.65500,146.05500,-,103.5,CSQ,"Salem",Washington,38.60559845,-86.10109711,KB9KPG,OPEN,On-Air,Analog/analog,,,,,,2017-12-24
146.67000,146.07000,-,131.8,CSQ,"Culver",Marshall,41.21789932,-86.42250061,K9ZLQ,OPEN,On-Air,Analog/analog,,,,,,2017-12-06
146.67000,146.07000,-,123.0,123.0,"Indianapolis",Marion,39.76839828,-86.15799713,K9IPL,OPEN,On-Air,YSF/analog,,,,,,2019-04-12
146.67000,146.07000,-,91.5,91.5,"Vincennes - Vincennes University Tower",Knox,38.68840027,-87.52100372,W9EOC,OPEN,On-Air,Analog/analog,,,4365,,Wide area,2021-01-07
146.68500,146.08500,-,131.8,CSQ,"Glenwood",Rush,39.62590027,-85.30020142,WB9SBI,OPEN,On-Air,Analog/analog,,,,,,2017-12-23
146.68500,146.08500,-,141.3,CSQ,"Huntington",Huntington,40.88309860,-85.49749756,K9HC,OPEN,On-Air,Analog/analog,,,,,,2017-12-24
146.68500,146.08500,-,151.4,151.4,"Terre Haute - Commercial Radio Services Tower",Vigo,39.43230057,-87.50469971,K9IKQ,OPEN,On-Air,Analog/analog,,,,,Wide area,2021-06-17
146.68500,146.08500,-,173.8,173.8,"Valparaiso",Porter,41.47309875,-87.06109619,N9IAA,OPEN,On-Air,Analog/analog,,,,,,2021-06-07
146.70000,146.10000,-,131.8,131.8,"Crown Point",Lake,41.41699982,-87.36530304,W9EMA,OPEN,Unknown,Analog/analog,,,,,,2021-09-21
146.70000,146.10000,-,CSQ,CSQ,"Indianapolis",Marion,39.92860031,-86.18190002,W9IRA,OPEN,On-Air,Analog/analog,,,,,Wide area,2020-11-19
146.71500,146.11500,-,151.4,151.4,"Clinton",Vermillion,39.65700150,-87.39810181,W9COD,OPEN,On-Air,Analog/analog,,,,,,2018-06-17
146.71500,146.11500,-,141.3,141.3,"Columbia City",Whitley,41.15729904,-85.48829651,K9BLU,OPEN,On-Air,Analog/analog,,,,,,2017-11-24
146.73000,146.13000,-,107.2,CSQ,"Mitchell",Lawrence,38.76390076,-86.52130127,W9QYQ,OPEN,On-Air,Analog/analog,,,,,Wide area,2017-12-23
146.73000,146.13000,-,127.3,CSQ,"Muncie - Teachers College, Ball State Univerity",Delaware,40.20080185,-85.40840149,WB9HXG,OPEN,On-Air,Analog/analog,,,,,,2021-06-06
146.73000,146.13000,-,,,"West Lafayette",Tippecanoe,40.47370148,-86.89219666,W9ARP,OPEN,On-Air,DStar,,,,,,2012-02-04
146.74500,146.14500,-,CSQ,CSQ,"Connersville",Fayette,39.64120102,-85.14109802,KB9RVR,OPEN,On-Air,Analog/analog,,,,,,2021-06-06
146.74500,146.14500,-,CSQ,CSQ,"Elkhart",Elkhart,41.66049957,-85.94809723,N8AES,OPEN,On-Air,YSF/analog,,72766,,,,2017-08-20
146.74500,146.14500,-,151.4,CSQ,"New Albany",Floyd,38.28559875,-85.82409668,WD9HMH,OPEN,On-Air,Analog/analog,,,,,,2021-03-27
146.76000,146.16000,-,107.2,CSQ,"Cannelton",Perry,37.91139984,-86.74440002,K4DJF,OPEN,On-Air,Analog/analog,,,,,,2017-12-21
146.76000,146.16000,-,CSQ,141.3,"Fort Wayne",Allen,41.16899872,-85.09380341,W9TE,OPEN,On-Air,Analog/analog,,,,,,2017-07-19
146.76000,146.16000,-,151.4,151.4,"Indianapolis",Marion,39.76839828,-86.15799713,K9LPW,OPEN,On-Air,YSF/analog,69,,,,,2021-05-29
146.76000,146.16000,-,131.8,131.8,"West Lafayette - Hawkins Graduate Residence Hall",Tippecanoe,40.42459869,-86.91030121,W9YB,OPEN,On-Air,Analog/analog,,,4315,,,2018-01-22
146.77500,146.17500,-,103.5,CSQ,"Corydon",Harrison,38.21200180,-86.12190247,WD9HMH,OPEN,On-Air,Analog/analog,,,,,,2019-08-22
146.77500,146.17500,-,136.5,CSQ,"Dugger",Sullivan,39.06039810,-87.26049805,KC9AK,OPEN,On-Air,Analog/analog,,,,,,2017-12-23
146.77500,146.17500,-,141.3,CSQ,"Fremont",Steuben,41.73089981,-84.93270111,KC9QDO,OPEN,Unknown,Analog/analog,,,,,,2021-07-25
146.77500,146.17500,-,131.8,131.8,"Valparaiso",Porter,41.47309875,-87.06109619,K9PC,OPEN,On-Air,Analog/analog,,,,,,2021-02-12
146.79000,146.19000,-,103.5,103.5,"Columbus",Bartholomew,39.19639969,-85.80860138,W9ALQ,OPEN,On-Air,Analog/analog,,,,,Wide area,2018-07-17
146.79000,146.19000,-,88.5,88.5,"Evansville - State Police Post",Vanderburgh,37.97480011,-87.55580139,W9OG,OPEN,On-Air,Analog/analog,,,,,Wide area,2019-04-12
146.79000,146.19000,-,141.3,CSQ,"Marion",Grant,40.59701900,-85.65559500,W9EBN,OPEN,On-Air,Analog/analog,,,,,,2021-07-05
146.80500,146.20500,-,CSQ,CSQ,"Napoleon",Ripley,39.20479965,-85.33080292,KC9MBX,OPEN,On-Air,Analog/analog,,,,,,2021-09-07
146.80500,146.20500,-,131.8,131.8,"Rochester",Fulton,41.05059814,-86.13449860,KB9WSL,OPEN,On-Air,YSF/analog,23,,,,,2020-07-10
146.80500,146.20500,-,CSQ,CSQ,"Terre Haute - WTHI Radio Station Tower",Vigo,39.46670151,-87.41390228,KC9SJJ,OPEN,On-Air,Analog/analog,,,,,,2021-07-27
146.82000,146.22000,-,110.9,CSQ,"Anderson",Madison,40.10530090,-85.68029785,W9OBH,OPEN,On-Air,Analog/analog,,,,,,2017-12-15
146.82000,146.22000,-,103.5,CSQ,"Frenchtown",Harrison,38.31480026,-86.21440125,W9GNA,OPEN,On-Air,Analog/analog,,,,,,2021-02-26
146.83500,146.23500,-,131.8,CSQ,"Cedar Lake",Lake,41.36479950,-87.44110107,WB9VRG,OPEN,On-Air,Analog/analog,,,,,,2019-08-11
146.83500,146.23500,-,CSQ,CSQ,"Evansville",Vanderburgh,37.97480011,-87.55580139,W9KXP,OPEN,On-Air,YSF,,,,,Wide area,2021-11-12
146.83500,146.23500,-,151.4,151.4,"Greenwood",Johnson,39.59270096,-86.16139984,W9MID,OPEN,On-Air,Analog/analog,,,,,,2020-08-15
146.85000,146.25000,-,127.3,127.3,"Muncie",Delaware,40.19340134,-85.38639832,K9NZF,OPEN,On-Air,Analog/analog,,,,,,2018-06-05
146.85000,146.25000,-,CSQ,CSQ,"New Albany",Clark,38.28559875,-85.82409668,KC9UMH,OPEN,On-Air,Analog/analog,,,,,,2020-09-23
146.85000,146.25000,-,136.5,136.5,"Sullivan - Sullivan EMA building",Sullivan,36.53295760,-82.32701150,W9SCA,OPEN,On-Air,Analog/analog,,,,,,2020-07-16
146.86500,146.26500,-,77.0,CSQ,"Crawfordsville",Montgomery,40.04119873,-86.87449646,KB9GPB,OPEN,On-Air,Analog/analog,,,,,,2017-12-23
146.88000,146.28000,-,CSQ,CSQ,"Fort Wayne - WANE-TV Tower",Allen,41.09429932,-85.17649841,W9INX,OPEN,On-Air,Analog/analog,,,,,Wide area,2021-06-08
146.88000,146.28000,-,88.5,88.5,"Indianapolis",Marion,39.76839828,-86.15799713,W9RCA,OPEN,On-Air,YSF/analog,,6522,,,,2021-05-26
146.89500,146.29500,-,136.5,CSQ,"Gosport",Owen,39.35089874,-86.66690063,KB9SGN,OPEN,Off-Air,Analog/analog,,,,,Wide area,2021-06-17
146.89500,146.29500,-,97.4,97.4,"Portland ",Jay,40.43450165,-84.97769928,WA9JAY,OPEN,On-Air,YSF/analog,,,,,,2020-10-14
146.91000,146.31000,-,CSQ,CSQ,"Chrisney",Spencer,38.01480103,-87.03639984,KC9FTG,OPEN,On-Air,YSF/analog,,,,,,2017-12-22
146.91000,146.31000,-,CSQ,141.3,"Fort Wayne - IPFW Campus",Allen,41.13059998,-85.12889862,W9TE,OPEN,On-Air,Analog/analog,,519521,,,,2021-06-08
146.91000,146.31000,-,,,"Gary",Lake,41.59339905,-87.34639740,W9CTO,OPEN,On-Air,DMR,1,,,,,2019-12-08
146.91000,146.31000,-,173.8,173.8,"Kokomo",Howard,40.48640060,-86.13359833,W9KRC,OPEN,On-Air,Analog/analog,,,,,,2018-06-07
146.92500,146.32500,-,141.3,141.3,"Hartford City",Blackford,40.45199966,-85.36889648,WB9HLA,OPEN,On-Air,Analog/analog,,,,,,2018-06-07
146.92500,146.32500,-,107.2,107.2,"Paxton - Indiana",Knox,38.67729950,-87.52860260,KC9ZAR,OPEN,On-Air,Analog/analog,,,,,Wide area,2021-01-08
146.94000,146.34000,-,141.3,141.3,"Fort Wayne - New Haven",Allen,41.07645000,-85.04532100,W9TE,OPEN,On-Air,YSF/analog,,,,,,2021-08-24
146.95500,146.35500,-,131.8,131.8,"Galveston",Cass,40.57889938,-86.19029999,W9SMJ,OPEN,On-Air,Analog/analog,,,,,,2021-07-27
146.95500,146.35500,-,146.2,146.2,"Greensburg",Decatur,39.33729935,-85.48359680,N9LQP,OPEN,On-Air,Analog/analog,,,,,,2019-04-12
146.95500,146.35500,-,146.2,CSQ,"Troy",Perry,37.99530029,-86.79779816,W9KXP,OPEN,On-Air,Analog/analog,,,,,Wide area,2017-12-23
146.97000,146.37000,-,97.4,97.4,"Berne",Adams,40.64272500,-84.95395500,KB9KYM,OPEN,On-Air,Analog/analog,,808685,,,,2021-01-11
146.97000,146.37000,-,107.2,CSQ,"Indianapolis",Marion,39.89030075,-86.20549774,W9ICE,OPEN,On-Air,Analog/analog,,,7531,,,2021-05-26
146.97000,146.37000,-,131.8,131.8,"Michigan City",La Porte,41.65650177,-86.76650238,W9LY,OPEN,On-Air,YSF/analog,,,,,,2019-02-06
146.98500,146.38500,-,136.5,CSQ,"Spencer",Owen,39.28670120,-86.76249695,K9QZX,OPEN,On-Air,Analog/analog,,,,,,2017-12-24
146.98500,146.38500,-,141.3,141.3,"Warsaw",Kosciusko,41.23809814,-85.85310364,K9DEW,OPEN,On-Air,Analog/analog,,,4098,,Wide area,2020-10-14
147.00000,147.60000,+,131.8,131.8,"Merrillville",Lake,41.46689987,-87.32679749,W9LJ,OPEN,On-Air,Analog/analog,,,,,,2020-07-08
147.00000,147.60000,+,107.2,107.2,"Petersburg",Pike,38.38230133,-87.21279907,W9UL,OPEN,On-Air,Analog/analog,,,,,,2019-11-04
147.00000,147.60000,+,127.3,CSQ,"Rushville",Rush,39.60919952,-85.44640350,W9NTP,OPEN,On-Air,Analog/analog,,,,,,2021-02-01
147.01500,147.61500,+,141.3,141.3,"Auburn",De Kalb,41.34999847,-85.07469940,W9OU,OPEN,On-Air,Analog/analog,,,,,,2021-11-06
147.01500,147.61500,+,88.5,88.5,"Belleville",Hendricks,39.67729950,-86.48829651,K9PZ,OPEN,On-Air,Analog/analog,,,,,,2021-06-17
147.03000,147.63000,+,131.8,CSQ,"Wabash",Wabash,40.79779816,-85.82050323,KB9LDZ,OPEN,On-Air,Analog/analog,,,,,,2019-07-20
147.04500,147.64500,+,173.8,173.8,"Frankfort",Clinton,40.27949905,-86.51080322,W9SMJ,OPEN,On-Air,Analog/analog,,,,,,2021-07-27
147.04500,147.64500,+,131.8,131.8,"Hobart",Lake,41.54290009,-87.26419830,KA9QJG,OPEN,On-Air,Analog/analog,,,,,,2020-12-23
147.04500,147.64500,+,103.5,CSQ,"Paoli",Orange,38.55619812,-86.46829987,KB9OHY,OPEN,On-Air,Analog/analog,,16002,,,,2017-12-23
147.06000,147.66000,+,CSQ,CSQ,"Bluffton",Wells,40.73870087,-85.17160034,W9SR,OPEN,On-Air,Analog/analog,,,,,,2017-12-22
147.06000,147.66000,+,88.5,CSQ,"Martinsville",Morgan,39.42779922,-86.42829895,K9PYI,OPEN,On-Air,Analog/analog,,,,,,2017-12-23
147.07500,147.67500,+,88.5,88.5,"Boonville",Warrick,38.04919815,-87.27420044,KC9SOC,OPEN,On-Air,Analog/analog,,,,,,2019-10-26
147.07500,147.67500,+,CSQ,CSQ,"Indianapolis",Marion,39.76839828,-86.15799713,KA9GIX,OPEN,Unknown,Analog/analog,,,,,,2021-05-26
147.09000,147.69000,+,110.9,CSQ,"Linwood - Linwood EOC",Madison,40.19300079,-85.68099976,KB9VE,OPEN,Off-Air,Analog/analog,,,4834,,,2017-12-24
147.09000,147.69000,+,CSQ,CSQ,"Louisville",Floyd,38.21640015,-85.93599701,N9GTO,OPEN,On-Air,Analog/analog,,,,,Wide area,2017-12-22
147.09000,147.69000,+,131.8,CSQ,"Mishawaka",Saint Joseph,41.66199875,-86.15859985,N9GVU,OPEN,On-Air,Analog/analog,,,,,,2019-02-06
147.09000,147.69000,+,,,"Terre Haute",Vigo,39.46670151,-87.41390228,W0DQJ,OPEN,On-Air,Analog/analog,,,,,,2018-07-12
147.10500,147.70500,+,131.8,131.8,"Angola",Steuben,41.63479996,-84.99939728,KC9QDO,OPEN,Unknown,Analog/analog,,,,,Wide area,2021-07-25
147.10500,147.70500,+,94.8,CSQ,"Evansville",Vanderburgh,37.97480011,-87.55580139,W9MAR,OPEN,Off-Air,Analog/analog,,,,,,2017-12-24
147.10500,147.70500,+,,,"Valparaiso",Porter,41.52420044,-87.01860046,N9IAA,OPEN,On-Air,P25,1293,5762,,,Wide area,2021-03-09
147.12000,147.72000,+,88.5,CSQ,"Indianapolis",Marion,39.82229996,-86.06569672,W9IRA,OPEN,On-Air,Analog/analog,,,,,,2021-09-21
147.12000,147.72000,+,107.2,107.2,"Vincennes",Knox,38.67729950,-87.52860260,KC9ZAR,OPEN,Testing,Analog/analog,,,,,,2020-03-26
147.13500,147.73500,+,131.8,CSQ,"West Lafayette",Tippecanoe,40.42589951,-86.90809631,WI9RES,OPEN,On-Air,Analog/analog,,,,,,2017-12-23
147.15000,147.75000,+,107.2,107.2,"Evansville - Deaconess Hospital",Vanderburgh,37.98310089,-87.57129669,W9OG,OPEN,On-Air,YSF/analog,,,,,,2019-04-12
147.15000,147.75000,+,97.4,97.4,"Ligonier",Noble,41.46590042,-85.58750153,N9BCP,OPEN,On-Air,Analog/analog,,,,,,2019-01-26
147.15000,147.75000,+,88.5,88.5,"Terre Haute",Vigo,39.46670151,-87.41390228,K9ITK,OPEN,On-Air,YSF/analog,69,972619,,,,2021-01-03
147.16500,147.76500,+,CSQ,CSQ,"Danville",Hendricks,39.76060104,-86.52639771,K9LMK,OPEN,On-Air,Analog/analog,,,,,Wide area,2021-06-17
147.18000,147.78000,+,131.8,131.8,"Angola",Steuben,41.63479996,-84.99939728,KC9QDO,OPEN,On-Air,Analog/analog,,,,,Wide area,2020-09-13
147.18000,147.78000,+,136.5,136.5,"Bloomington - IU",Monroe,39.16759872,-86.52380371,K9IU,OPEN,On-Air,YSF/analog,,,,,,2018-02-27
147.18000,147.78000,+,173.8,173.8,"Logansport - EMA Building",Cass,40.75450134,-86.35669708,W9VMW,OPEN,On-Air,Analog/analog,,,,,,2019-07-12
147.18000,147.78000,+,82.5,82.5,"Richmond - RP&amp;L Tower",Wayne,39.80289841,-84.89510345,KB9SJZ,OPEN,On-Air,YSF/analog,027,,,,,2019-04-12
147.19500,147.79500,+,131.8,131.8,"Hammond",Lake,41.58340073,-87.50000000,W9FXT,OPEN,Unknown,Analog/analog,,,,,,2020-10-11
147.19500,147.79500,+,107.2,CSQ,"Jasper",Dubois,38.39139938,-86.93109894,KB9LHX,OPEN,On-Air,Analog/analog,,,,,,2017-12-23
147.19500,147.79500,+,141.3,CSQ,"Marion",Grant,40.55839920,-85.65910339,W9EBN,OPEN,On-Air,Analog/analog,,,,,,2017-12-23
147.21000,147.81000,+,97.4,97.4,"Angola - Hanson Aggregates tower",Steuben,41.63479996,-84.99939728,K9HD,OPEN,On-Air,YSF/analog,,,,,,2021-09-29
147.21000,147.81000,+,88.5,CSQ,"Indianapolis",Marion,39.76839828,-86.15809631,W9FBZ,OPEN,On-Air,Analog/analog,,,,,,2021-07-05
147.22500,147.82500,+,88.5,CSQ,"Crawfordsville",Montgomery,40.04119873,-86.87449646,KC9ZED,OPEN,On-Air,Analog/analog,,,,,,2017-12-23
147.22500,147.82500,+,131.8,CSQ,"South Bend - Downtown WNIT Studios",Saint Joseph,41.68339920,-86.25000000,W9AB,OPEN,On-Air,Analog/analog,,,,,,2021-06-08
147.24000,147.84000,+,103.5,CSQ,"Bloomfield",Greene,39.02140045,-86.72360229,W9HD,OPEN,On-Air,Analog/analog,,,,,,2021-07-27
147.24000,147.84000,+,173.8,173.8,"Kokomo",Howard,40.48640060,-86.13359833,W9KRC,OPEN,On-Air,Analog/analog,,,,,,2021-06-06
147.24000,147.84000,+,131.8,131.8,"Saint John - Lake Central High School",Lake,41.44660187,-87.47329712,W9LJ,OPEN,On-Air,Analog/analog,,,,,,2021-03-08
147.25500,147.85500,+,CSQ,CSQ,"Fort Wayne - AEP Robison Park substation",Allen,41.16989899,-85.09310150,W9INX,OPEN,On-Air,Analog/analog,,,,,Wide area,2021-10-24
147.25500,147.85500,+,88.5,CSQ,"Martinsville",Morgan,39.42779922,-86.42829895,W9ZSK,OPEN,On-Air,YSF/analog,,,,,,2017-12-24
147.25500,147.85500,+,131.8,131.8,"Monticello",White,40.66310120,-86.86949921,KC9PQA,OPEN,On-Air,Analog/analog,,46052,,,,2021-08-07
147.27000,147.87000,+,CSQ,CSQ,"Crawfordsville",Montgomery,40.04119873,-86.87449646,KC9QKL,OPEN,On-Air,Analog/analog,,,,,,2017-12-22
147.27000,147.87000,+,131.8,CSQ,"Richmond - Cummins Electric",Wayne,39.82350159,-84.94869995,W1IDX,OPEN,On-Air,Analog/analog,,,,,,2021-06-06
147.27000,147.87000,+,,,"West Lafayette",Tippecanoe,40.42589951,-86.90809631,W9YB,OPEN,On-Air,P25,293,,,,,2019-01-21
147.28500,147.88500,+,146.2,CSQ,"Lawrenceburg",Dearborn,39.09090042,-84.84999847,KB9GYO,OPEN,On-Air,Analog/analog,,,,,,2019-03-11
147.28500,147.88500,+,107.2,CSQ,"Loogootee",Martin,38.67699814,-86.91419983,N9NGA,OPEN,On-Air,Analog/analog,,,,,,2017-12-24
147.28500,147.88500,+,131.8,131.8,"Plymouth",Marshall,41.34370041,-86.30970001,K9WZ,OPEN,On-Air,Analog/analog,,,,,Wide area,2021-06-08
147.30000,147.90000,+,136.5,CSQ,"Nashville - Brown County State Park",Brown,39.20729828,-86.25109863,KA9SWI,OPEN,On-Air,Analog/analog,,,,,,2020-06-26
147.30000,147.90000,+,110.9,CSQ,"Winchester - IN",Randolph,40.17200089,-84.98139954,WD9EXZ,OPEN,On-Air,Analog/analog,,,,,,2021-06-28
147.31500,147.91500,+,94.8,94.8,"Indianapolis",Marion,39.76839828,-86.15799713,K9DC,OPEN,On-Air,Analog/analog,,,4735,,,2021-05-26
147.31500,147.91500,+,107.2,CSQ,"Washington",Daviess,38.65919876,-87.17279816,WA9IN,OPEN,On-Air,Analog/analog,,,,,,2021-01-08
147.33000,147.93000,+,CSQ,CSQ,"Greencastle - Putnam County EOC",Putnam,39.64450073,-86.86470032,WB9EOC,OPEN,On-Air,YSF/analog,,,,,,2021-03-16
147.33000,147.93000,+,131.8,131.8,"Mishawaka",Saint Joseph,41.59049988,-86.15630341,K9DEW,OPEN,On-Air,Analog/analog,,,,,Wide area,2021-05-26
147.34500,147.94500,+,CSQ,CSQ,"Mitchell",Lawrence,38.73279953,-86.47360229,N9UMJ,OPEN,On-Air,YSF,1,,,,Wide area,2021-03-29
147.34500,147.94500,+,131.8,131.8,"Peru",Miami,40.75370026,-86.06890106,K9ZEV,OPEN,On-Air,Analog/analog,,692641,,,,2020-10-14
147.36000,147.96000,+,CSQ,CSQ,"New Castle",Henry,39.92890167,-85.37020111,N9WB,OPEN,On-Air,Analog/analog,,,,,,2017-12-22
147.36000,147.96000,+,131.8,131.8,"Oxford - Masonic Building",Allen,40.51979828,-87.24780273,WQ9P,OPEN,On-Air,Analog/analog,,,,,,2017-12-22
147.36000,147.96000,+,141.3,CSQ,"Spencerville",De Kalb,41.28310013,-84.92189789,W9QR,OPEN,On-Air,Analog/analog,,,,,,2021-06-08
147.37500,147.97500,+,136.5,CSQ,"Cloverdale",Owen,39.51480103,-86.79389954,WB9STA,OPEN,On-Air,Analog/analog,,974052,,,,2017-12-23
147.37500,147.97500,+,173.8,173.8,"Kokomo",Howard,40.48640060,-86.13359833,W9KRC,OPEN,On-Air,YSF/analog,,529155,,,,2018-06-07
147.39000,147.99000,+,127.3,127.3,"New Castle ",Henry,40.26719410,-86.13490190,W9OB,OPEN,On-Air,Analog,,,,29687,,2021-03-19
147.39000,147.99000,+,131.8,CSQ,"Princeton",Gibson,38.35530090,-87.56749725,W9KXP,OPEN,Off-Air,Analog/analog,,,,,Wide area,2017-12-23
147.39000,147.99000,+,131.8,CSQ,"South Bend",Saint Joseph,41.68339920,-86.25000000,WB9AGX,OPEN,On-Air,Analog/analog,,,,,,2021-06-08
147.46500,146.56500,s,131.8,131.8,"Richmond - Wayne County ",Wayne,39.86510086,-84.87899780,KC9ITT,OPEN,On-Air,Analog/analog,,,,,,2018-01-17
