Output Freq,Input Freq,Offset,Uplink Tone,Downlink Tone,"Location",County,Lat,Long,Call,Use,Op Status,Mode,Digital Access,EchoLink,IRLP,AllStar,Coverage,Last Update
223.80000,222.20000,-,107.2,CSQ,"Springville",Lawrence,38.93619919,-86.61940002,N9HXU,OPEN,On-Air,Analog/analog,,,,,,2017-12-22
223.86000,222.26000,-,151.4,CSQ,"Anderson",Madison,41.01639938,-85.68170166,KC9JWO,OPEN,On-Air,Analog/analog,,,,,,2017-12-22
223.90000,222.30000,-,141.3,CSQ,"Columbia City",Whitley,41.15729904,-85.48829651,K9BLU,OPEN,On-Air,Analog/analog,,,,,,2017-12-24
223.92000,222.32000,-,CSQ,CSQ,"Muncie",Delaware,40.19340134,-85.38639832,WB9HXG,OPEN,On-Air,Analog/analog,,,,,,2017-12-22
223.94000,222.34000,-,131.8,CSQ,"Elkhart",Elkhart,41.68199921,-85.97669983,N8AES,OPEN,Off-Air,Analog/analog,,,,,,2017-12-22
223.96000,222.36000,-,151.4,CSQ,"Franklin",Johnson,39.48059845,-86.05500031,KC9LGZ,OPEN,Off-Air,Analog/analog,,,,,,2017-12-22
223.98000,222.38000,-,131.8,131.8,"South Bend",Saint Joseph,41.65079880,-86.26080322,WB9YPA,OPEN,On-Air,Analog/analog,,,,51560,,2021-09-13
224.00000,222.40000,-,131.8,CSQ,"Hammond",Lake,41.58340073,-87.50000000,W9FXT,OPEN,On-Air,Analog/analog,,,,,,2018-03-26
224.04000,222.44000,-,127.3,127.3,"Parker City",Randolph,40.18889999,-85.20410156,K9EKP,OPEN,On-Air,Analog/analog,,,,,,2018-07-23
224.08000,222.48000,-,141.3,CSQ,"Elkhart",Elkhart,41.68199921,-85.97669983,KC9GMH,OPEN,On-Air,Analog/analog,,,,,,2017-12-22
224.22000,222.62000,-,88.5,CSQ,"Danville",Hendricks,39.76060104,-86.52639771,KD9EST,OPEN,On-Air,Analog/analog,,,,,,2017-12-22
224.26000,222.66000,-,131.8,131.8,"Russiaville",Howard,40.41749954,-86.27140045,W9SMJ,OPEN,On-Air,Analog/analog,,,,,,2019-04-12
224.28000,222.68000,-,CSQ,CSQ,"Brookville",Franklin,39.42309952,-85.01270294,N9HHM,OPEN,On-Air,Analog/analog,,,,,,2017-12-22
224.28000,222.68000,-,131.8,131.8,"Valparaiso",Porter,41.47309875,-87.06109619,KC9YNM,OPEN,On-Air,Analog/analog,,,,,Wide area,2018-01-08
224.30000,222.70000,-,88.5,88.5,"Covington",Fountain,40.14170074,-87.39469910,W9ABH,OPEN,On-Air,Analog/analog,,,,,,2018-06-07
224.36000,222.76000,-,97.4,CSQ,"Decatur",Adams,40.79850006,-84.89790344,KB9KYM,OPEN,On-Air,Analog/analog,,,,,,2017-12-22
224.40000,222.80000,-,141.3,141.3,"Roanoke",Huntington,40.96250153,-85.37329865,K9MMQ,OPEN,On-Air,Analog/analog,,,,,,2018-06-07
224.44000,222.84000,-,CSQ,CSQ,"Shelbyville",Shelby,39.52140045,-85.77690125,W9NTP,OPEN,On-Air,Analog/analog,,,,,,2017-12-22
224.46000,222.86000,-,131.8,131.8,"Gary",Lake,41.59339905,-87.34639740,W9CTO,OPEN,On-Air,Analog/analog,,,,,,2019-04-12
224.46000,222.86000,-,CSQ,CSQ,"Versailes",Ripley,39.07199860,-85.25189972,KC9MBX,OPEN,Off-Air,Analog/analog,,,,,,2017-12-22
224.46000,222.86000,-,171.3,CSQ,"Warren",Huntington,40.68280029,-85.42720032,N9QVI,OPEN,On-Air,Analog/analog,,,,,,2017-12-22
224.50000,222.90000,-,CSQ,CSQ,"Indianapolis",Marion,39.76839828,-86.15799713,KC9COP,OPEN,On-Air,Analog/analog,,,,,,2017-12-22
224.54000,222.94000,-,141.3,141.3,"Columbia City",Whitley,41.17167180,-85.48708070,N9WNH,OPEN,On-Air,Analog/analog,,,,,,2021-07-17
224.54000,222.94000,-,CSQ,CSQ,"Indianapolis",Marion,39.76839828,-86.15799713,KB9RBF,OPEN,On-Air,Analog/analog,,,,,,2017-12-22
224.60000,223.00000,-,94.8,94.8,"Vincennes",Knox,38.67729950,-87.52860260,KC9ZAR,OPEN,On-Air,Analog/analog,,,,,,2019-04-17
224.64000,223.04000,-,107.2,CSQ,"Bloomington - BHSS",Monroe,39.14300156,-86.53150177,K9SOU,OPEN,On-Air,Analog/analog,,,,,,2017-12-22
224.66000,223.06000,-,CSQ,CSQ,"Martinsville",Morgan,39.42779922,-86.42829895,K9PYI,OPEN,On-Air,Analog/analog,,,,,,2021-08-24
224.70000,223.10000,-,103.5,CSQ,"Frenchtown",Harrison,38.31480026,-86.21440125,WB9GNA,OPEN,Off-Air,Analog/analog,,,,,,2017-12-22
224.70000,223.10000,-,CSQ,CSQ,"Muncie",Delaware,40.19340134,-85.38639832,WD9HQH,OPEN,On-Air,Analog/analog,,,,,,2018-01-13
224.74000,223.14000,-,131.8,131.8,"Hammond",Lake,41.58470154,-87.50370026,KA9QJG,OPEN,On-Air,Analog/analog,,,,,,2017-07-18
224.74000,223.14000,-,127.3,CSQ,"Richmond - Reid Hospital",Wayne,39.82889938,-84.89019775,KG9ND,OPEN,On-Air,Analog/analog,,,,,Wide area,2018-06-05
224.78000,223.18000,-,141.3,CSQ,"Fort Wayne - Freemason Hall",Allen,41.07730103,-85.13680267,W9FEZ,OPEN,On-Air,Analog/analog,,,,,,2017-12-22
224.78000,223.18000,-,100.0,CSQ,"Greensburg",Decatur,39.33729935,-85.48359680,N9LQP,OPEN,On-Air,Analog/analog,,,,,,2017-12-22
224.82000,223.22000,-,CSQ,CSQ,"Floyds Knobs",Floyd,38.33890152,-85.87090302,W9BGW,OPEN,Off-Air,Analog/analog,,,,,,2019-09-29
224.84000,223.24000,-,146.2,CSQ,"Logan",Dearborn,39.24800110,-84.89459991,KB9GYO,OPEN,On-Air,Analog/analog,,499944,,,,2019-03-11
224.86000,223.26000,-,CSQ,CSQ,"Columbia City",Whitley,41.15729904,-85.48829651,N9FGN,OPEN,On-Air,Analog/analog,,,,,,2017-12-22
224.86000,223.26000,-,218.1,CSQ,"Seymour",Jackson,38.95920181,-85.89029694,N9PUG,OPEN,On-Air,Analog/analog,,,,,,2017-12-22
224.90000,223.30000,-,131.8,CSQ,"Elkhart",Elkhart,41.68199921,-85.97669983,K9DEW,OPEN,On-Air,Analog/analog,,,,,Wide area,2018-01-09
224.90000,223.30000,-,127.3,127.3,"Winchester",Randolph,40.06380081,-85.00199890,K5VOM,OPEN,On-Air,Analog/analog,,,3563,40668,,2020-10-14
224.92000,223.32000,-,88.5,CSQ,"McCordsville",Hancock,39.89429855,-85.91979980,WA4QQR,OPEN,On-Air,Analog/analog,,,,,,2017-12-22
224.96000,223.36000,-,131.8,CSQ,"West Lafayette",Tippecanoe,40.42589951,-86.90809631,W9YB,OPEN,On-Air,Analog/analog,,,,,,2017-12-22
224.98000,223.38000,-,77.0,CSQ,"Indianapolis",Marion,39.76800156,-86.15329742,W9ICE,OPEN,On-Air,Analog/analog,,,,,,2017-12-22
