Output Freq,Input Freq,Offset,Uplink Tone,Downlink Tone,"Location",County,Lat,Long,Call,Use,Op Status,Mode,Digital Access,EchoLink,IRLP,AllStar,Coverage,Last Update
421.25000,439.25000,s,,,"Wichita - Main &amp; Central",Sedgwick,37.69420000,-97.33920000,KA0TV,OPEN,On-Air,Analog,,,,,,2020-11-08
432.20000,432.20000,x,,,"Arkansas City",Cowley,37.08320000,-97.04940000,KC5FM,OPEN,On-Air,DStar,,,,,,2021-10-23
435.10000,435.10000,x,162.2,,"Arkansas City",Cowley,37.08320000,-97.04940000,KC5FM,OPEN,On-Air,Analog,,,,28849,,2021-10-23
438.80000,438.80000,x,,,"Arkansas City",Cowley,37.08320000,-97.04940000,KC5FM,OPEN,On-Air,YSF,,,,,,2021-10-23
442.00000,447.00000,+,88.5,88.5,"Manhattan",Riley,39.20080185,-96.62750244,KS0MAN,OPEN,On-Air,YSF/analog,,,,,,2019-05-02
442.00000,447.00000,+,100.0,D073,"Mulvane - 103rd &amp; K-15",Sedgwick,37.50436000,-97.25569000,N8NCC,OPEN,Testing,YSF,,,,,,2021-01-20
442.00000,447.00000,+,,,"Russell",Russell,38.88270187,-98.85949707,KB0SJR,OPEN,On-Air,DMR,1,,,,,2019-12-08
442.00000,447.00000,+,,,"Shawnee",Johnson,39.00216400,-94.83336300,K0GBW,OPEN,On-Air,YSF,,,,,,2021-07-19
442.02500,447.02500,+,103.5,103.5,"Isabel",Barber,37.40250015,-98.58110046,K0HPO,OPEN,On-Air,Analog/analog,,,,,,2018-01-14
442.02500,447.02500,+,,,"Topeka",Shawnee,39.04830170,-95.67800140,W0SIK,OPEN,Unknown,DStar,,,,,,2021-08-07
442.05000,447.05000,+,100.0,100.0,"Clay Center",Clay,39.37009811,-97.12519836,KD7QAS,OPEN,On-Air,Analog/analog,,410789,,,,2020-01-23
442.05000,447.05000,+,151.4,,"Osawatomie",Miami,38.49850082,-94.97859955,N0SWP,OPEN,On-Air,Analog/analog,,,,,,2019-11-03
442.07500,447.07500,+,,,"Great Bend",Barton,38.40359879,-98.72920227,KE0PTS,OPEN,On-Air,DMR,1,,,,,2019-12-15
442.10000,447.10000,+,162.2,,"Miltonvale - K-Link",Cloud,39.36600113,-97.49900055,WB0SRP,OPEN,Unknown,Analog/analog,,,,,,2021-08-12
442.10000,447.10000,+,167.9,167.9,"Mission",Johnson,39.02529907,-94.66660309,KC1WIZ,OPEN,On-Air,Analog/analog,,,,,,2018-03-31
442.10000,447.10000,+,97.4,97.4,"Winfield - Downtown",Cowley,37.24000168,-96.99800110,N5API,OPEN,On-Air,Analog/analog,,,,46285,,2021-10-29
442.12500,447.12500,+,103.5,103.5,"Kingman",Kingman,37.66139984,-98.13210297,KD0SLE,OPEN,On-Air,Analog/analog,,,,,,2018-10-15
442.12500,447.12500,+,,,"Louisburg",Miami,38.58720016,-94.62100220,K0HAM,OPEN,On-Air,YSF,,,,,,2019-02-18
442.15000,447.15000,+,82.5,82.5,"Overland Park",Johnson,38.90719986,-94.67079926,W0LHK,OPEN,On-Air,Analog/analog,,,,,,2018-03-30
442.17500,447.17500,+,156.7,,"Tribune",Greeley,38.46969986,-101.75299835,K0WPM,OPEN,On-Air,Analog/analog,,,,,,2019-05-07
442.20000,447.20000,+,146.2,146.2,"Neodesha",Wilson,37.42869949,-95.68689728,KC0QYD,OPEN,On-Air,Analog/analog,,,,,,2019-08-11
442.20000,447.20000,+,151.4,151.4,"Olathe - I-35 and 135th St.",Johnson,38.88140106,-94.81890106,KE5BR,OPEN,On-Air,Analog/analog,,,3534,,,2016-10-30
442.20000,447.20000,+,162.2,162.2,"Salina - K-Link",Saline,38.84030151,-97.61139679,N0KSC,OPEN,On-Air,Analog/analog,,,,,,2021-05-18
442.22500,447.22500,+,88.5,88.5,"Topeka",Shawnee,39.26129913,-95.65599823,W0CET,OPEN,On-Air,Analog/analog,,157353,7874,,,2019-12-14
442.25000,447.25000,+,,,"Spring Hill",Miami,38.71152500,-94.78037300,KC0KW,OPEN,On-Air,YSF,,,,,,2021-07-19
442.25000,447.25000,+,,,"Wichita - WMC",Sedgwick,37.69520187,-97.29740143,W0SOE,OPEN,On-Air,YSF,,,,,,2018-12-30
442.32500,447.32500,+,,,"Olathe - KU Med",Wyandotte,39.05609894,-94.61000061,KU0MED,OPEN,On-Air,YSF/analog,,,,,,2021-07-19
442.32500,447.32500,+,103.5,103.5,"Wichita - WMC",Sedgwick,37.69520187,-97.29740143,W0SOE,OPEN,On-Air,Analog/analog,,,,,,2019-03-22
442.35000,447.35000,+,,,"Leavenworth",Leavenworth,39.31679916,-94.96199799,KC0DMR,OPEN,On-Air,DMR,1,,,,Wide area,2019-12-08
442.37500,447.37500,+,123.0,,"Dodge City",Ford,37.75279999,-100.01699829,K0ECT,OPEN,On-Air,Analog/analog,,,,,,2019-09-02
442.40000,447.40000,+,103.5,,"Isabel",Barber,37.45999908,-98.55999756,W5ALZ,OPEN,On-Air,Analog/analog,,,,,,2019-02-20
442.42500,447.42500,+,88.5,,"Topeka",Shawnee,39.05799866,-95.71700287,W0CET,OPEN,Unknown,Analog/analog,,,,,,2021-08-07
442.45000,447.45000,+,179.9,,"Gas",Allen,37.92359924,-95.34609985,KD0EAX,OPEN,Unknown,Analog/analog,,,,45984,,2019-03-23
442.45000,447.45000,+,162.2,162.2,"Hays - K-Link",Ellis,38.93399811,-99.31500244,N7JYS,OPEN,Unknown,Analog/analog,,,,42940,,2020-07-30
442.47500,447.47500,+,151.4,107.2,"Paola - K-Link",Miami,38.62250137,-94.98719788,N0SWP,OPEN,On-Air,Analog/analog,,,,46175,,2020-02-04
442.47500,447.47500,+,131.8,131.8,"Russell",Russell,38.87500000,-98.86699677,N7JYS,OPEN,On-Air,YSF/analog,7,,,,,2021-06-23
442.50000,447.50000,+,141.3,141.3,"Garden City - Tennis",Finney,38.16400146,-100.80100250,K0ECT,OPEN,On-Air,Analog/analog,,,3885,,,2018-07-12
442.50000,447.50000,+,162.2,162.2,"Hillsboro - K-Link",Marion,38.35459900,-97.20700073,WX0RG,OPEN,On-Air,YSF/analog,,,,,,2020-08-25
442.52500,447.52500,+,,,"Olathe - Garmin Building",Johnson,38.85689926,-94.79989624,WA0RC,OPEN,On-Air,DStar,,,,,,2017-04-18
442.57500,447.57500,+,,,"Kansas City",Wyandotte,39.13899994,-94.73010254,WA0SLL,OPEN,On-Air,DMR,1,,,,,2019-12-08
442.57500,447.57500,+,103.5,103.5,"Kingman",Kingman,37.64907400,-98.11703300,KD0YWV,OPEN,On-Air,Analog/analog,,,,,,2020-06-15
442.60000,447.60000,+,,,"Haysville",Sedgwick,37.56449890,-97.35230255,KA0RT,OPEN,On-Air,DStar,,,,,,2019-12-23
442.60000,447.60000,+,,,"Shawnee",Johnson,39.01070023,-94.72129822,W0ERH,OPEN,On-Air,YSF,,,,,,2019-04-09
442.62500,447.62500,+,91.5,91.5,"Olathe - Sheridan Bridge",Johnson,38.86619949,-94.77310181,N0CRD,OPEN,On-Air,YSF/analog,,,,,,2019-03-18
442.65000,447.65000,+,91.5,91.5,"Independence",Montgomery,37.22420120,-95.70829773,KW0I,OPEN,On-Air,Analog/analog,,,,,,2019-02-25
442.67500,447.67500,+,91.5,91.5,"Pittsburg",Crawford,37.43099976,-94.71399689,K0SEK,OPEN,On-Air,YSF/analog,,,,,,2019-09-17
442.72500,447.72500,+,,,"Phillipsburg",Phillips,39.75609970,-99.32399750,KD0ARW,OPEN,On-Air,Analog/analog,,,3682,,,2020-03-07
442.75000,447.75000,+,162.2,162.2,"Clay Center - K-Link, KS-DMR",Clay,39.46760178,-97.06269836,N0XRM,OPEN,On-Air,DMR/analog,1,,,,,2020-05-08
442.80000,447.80000,+,D162,D162,"Beloit",Mitchell,39.34500122,-98.11699677,NV8Q,OPEN,Unknown,Analog/analog,,,,,,2021-05-14
442.85000,447.85000,+,,,"Kansas City",Wyandotte,39.08330154,-94.61689758,WD0GQA,OPEN,Off-Air,DMR,1,,,,,2019-12-08
442.85000,447.85000,+,141.3,141.3,"Russell",Russell,38.89530182,-98.85980225,KC0HFA,OPEN,Unknown,Analog/analog,,,,,,2021-05-30
442.87500,447.87500,+,91.5,91.5,"Coffeyville",Montgomery,37.06549835,-95.63950348,WR0MG,OPEN,On-Air,YSF/analog,,,,,,2018-01-25
442.87500,447.87500,+,,,"Topeka",Shawnee,39.19049835,-95.66040039,KC0DMR,OPEN,On-Air,DMR,1,,,,,2019-12-08
443.00000,448.00000,+,103.5,103.5,"Emporia",Lyon,38.42750168,-96.22049713,K0ESU,OPEN,Unknown,DMR/analog,1,929140,,,,2021-08-08
443.10000,448.10000,+,162.2,162.2,"El Dorado - K-Link",Butler,37.89699936,-96.93299866,K0JWH,OPEN,On-Air,Analog/analog,,,,,,2021-03-25
443.10000,448.10000,+,141.3,,"Liberal",Seward,37.05899811,-100.93000031,K0ECT,OPEN,On-Air,Analog/analog,,,,,,2019-05-07
443.10000,448.10000,+,,,"Mission",Johnson,39.02529907,-94.66590118,WB0YRG,OPEN,On-Air,DMR,1,,,,,2019-09-28
443.12500,448.12500,+,,,"Carbondale",Osage,38.82059860,-95.68299866,WB0PTD,OPEN,On-Air,Analog/analog,,,,,,2018-03-31
443.27500,448.27500,+,156.7,,"Derby",Sedgwick,37.60770035,-97.16169739,KC0SOK,OPEN,Unknown,Analog/analog,,,,,,2021-08-07
443.27500,448.27500,+,100.0,,"Phillipsburg",Phillips,39.90800095,-99.39700317,AA0HJ,OPEN,On-Air,Analog/analog,,,,,,2020-03-07
443.32500,448.32500,+,162.2,162.2,"Wichita - K-Link",Sedgwick,37.68299866,-97.39900208,W0VFW,OPEN,On-Air,Analog/analog,,,,46013,,2021-05-30
443.35000,448.35000,+,123.0,123.0,"Dodge City",Ford,37.75239944,-100.07700348,KY0J,OPEN,On-Air,Analog/analog,,6891,,27140,,2019-03-18
443.50000,448.50000,+,141.3,,"Plains",Meade,37.26029968,-100.59300232,WK0DX,OPEN,On-Air,Analog/analog,,,,,Wide area,2016-11-19
443.52500,448.52500,+,156.7,156.7,"Beaumont",Butler,37.58629990,-96.54489899,KD5IMA,OPEN,On-Air,Analog/analog,,,,,,2020-09-06
443.52500,448.52500,+,167.9,CSQ,"Shawnee Mission",Johnson,39.04159927,-94.72019958,K0GXL,OPEN,On-Air,Analog/analog,,,,,,2019-12-11
443.55000,448.55000,+,151.4,151.4,"Basehor",Leavenworth,39.14179993,-94.98079681,N0GRQ,OPEN,On-Air,Analog/analog,,,,41601,,2018-02-25
443.55000,448.55000,+,,,"Mulvane",Sedgwick,37.49100113,-97.24389648,N0KTA,OPEN,On-Air,Analog/analog,,,,,,2021-07-21
443.57500,448.57500,+,162.2,162.2,"Ransom",Ness,38.63100052,-99.98999786,K0HAM,OPEN,Unknown,Analog/analog,,,,,,2021-05-30
443.60000,448.60000,+,100.0,CSQ,"Hays",Ellis,38.94250107,-99.35569763,K0HYS,OPEN,On-Air,YSF/analog,,,,,,2021-11-14
443.67500,448.67500,+,162.2,162.2,"Dodge City - K-Link",Ford,37.76599884,-100.03500366,K0HAM,OPEN,On-Air,Analog/analog,,,,46012,,2021-02-20
443.70000,448.70000,+,162.2,,"Hill City - K-Link",Graham,39.26570129,-99.83360291,N0NM,OPEN,Unknown,Analog/analog,,,,46425,,2021-05-30
443.72500,448.72500,+,103.5,,"Hutchinson",Reno,38.06079865,-97.92980194,KA0HN,OPEN,On-Air,YSF/analog,,,,,,2021-04-27
443.72500,448.72500,+,,,"Overland Park",Johnson,38.92449951,-94.65589905,W0ERH,OPEN,On-Air,YSF,,,,,,2019-04-09
443.85000,448.85000,+,,,"Kansas City",Wyandotte,39.08330154,-94.61689758,WD0GQA,OPEN,Off-Air,DMR,1,,,,,2016-11-30
443.87500,448.87500,+,,,"Effingham  - Water tower",Atchison,39.52220154,-95.40080261,,OPEN,On-Air,Analog/analog,,,,,,2019-01-05
443.90000,448.90000,+,118.8,118.8,"Salina",Saline,38.84030151,-97.61139679,W0CY,OPEN,On-Air,Analog/analog,,,,,,2021-03-26
443.92500,448.92500,+,88.5,,"Topeka",Shawnee,39.05830002,-95.71669769,WA0VRS,OPEN,On-Air,Analog/analog,,,,,,2016-08-15
444.00000,449.00000,+,141.3,141.3,"Syracuse",Hamilton,38.17499924,-101.76100159,K0ECT,OPEN,On-Air,Analog/analog,,,,,,2018-07-12
444.00000,449.00000,+,100.0,100.0,"Wichita - Colwich",Sedgwick,37.79529953,-97.53309631,WA0RJE,OPEN,On-Air,DMR/analog,1,,,,Wide area,2021-08-10
444.02500,449.02500,+,97.4,97.4,"Winfield",Cowley,37.35660172,-96.96549988,WA0JBW,OPEN,On-Air,P25/analog,293,,,,,2021-10-24
444.10000,449.10000,+,100.0,100.0,"Great Bend",Barton,38.36259842,-98.76409912,KE0PTS,OPEN,On-Air,YSF/analog,,,,,,2019-09-22
444.12500,449.12500,+,91.5,91.5,"Bartlett",Labette,37.05450058,-95.21040344,WR0MG,OPEN,On-Air,Analog/analog,,,,,,2018-08-17
444.12500,449.12500,+,156.7,156.7,"Haviland",Kiowa,37.61399841,-99.10299683,KB0VFV,OPEN,On-Air,Analog/analog,,,,,,2020-11-26
444.17500,449.17500,+,88.5,,"Fort Scott",Bourbon,37.85060120,-94.76799774,K0EFJ,OPEN,On-Air,Analog/analog,,,,,,2019-03-31
444.17500,449.17500,+,88.5,,"Manhattan",Riley,39.18360138,-96.57170105,W0QQQ,OPEN,On-Air,Analog/analog,,,,,,2021-05-22
444.25000,449.25000,+,141.3,141.3,"Montezuma",Gray,37.63449860,-100.46399689,K0ECT,OPEN,On-Air,Analog/analog,,,,,,2018-07-12
444.25000,449.25000,+,,,"Olathe",Johnson,38.85200119,-94.81500244,K0HAM,OPEN,On-Air,YSF,,,,,Wide area,2021-07-19
444.30000,449.30000,+,141.3,141.3,"Elkader",Logan,38.78499985,-100.92099762,K0ECT,OPEN,On-Air,Analog/analog,,,,,,2021-05-30
444.30000,449.30000,+,97.4,CSQ,"Udall",Cowley,37.38750076,-97.11419678,KD0HNA,OPEN,On-Air,Analog/analog,,,,,,2021-10-24
444.32500,449.32500,+,,,"Pawnee Rock",Barton,38.26530075,-98.98090363,KE0PTS,OPEN,On-Air,DMR,1,,,,Wide area,2019-12-15
444.35000,449.35000,+,88.5,88.5,"Marysville",Marshall,39.87600000,-96.63450000,N0NB,OPEN,On-Air,Analog/analog,,783578,,519320,,2021-10-17
444.37500,449.37500,+,88.5,88.5,"Lawrence - KS-DMR",Douglas,38.99700165,-95.38800049,K0USY,OPEN,On-Air,YSF/analog,1293,,,,,2021-05-30
444.37500,449.37500,+,,,"Manhattan - KS-DMR",Riley,39.21670151,-96.58730316,K0USY,OPEN,On-Air,YSF,1,,,,,2021-05-30
444.40000,449.40000,+,,,"Olathe",Johnson,38.88140106,-94.81909943,K0HCV,OPEN,On-Air,YSF,,,,,,2016-10-28
444.42500,449.42500,+,91.5,91.5,"Mound City",Linn,38.14220047,-94.80200195,W0PT,OPEN,On-Air,Analog/analog,,,,,,2020-02-09
444.45000,449.45000,+,162.2,162.2,"Sterling - K-Link",Rice,38.20650101,-98.20590210,WB0LUN,OPEN,Unknown,Analog/analog,,,,,,2021-05-10
444.47500,449.47500,+,,,"Hutchinson - KS-DMR",Reno,38.10129929,-97.93379974,NV8Q,OPEN,On-Air,DMR,1,,,,,2021-05-14
444.47500,449.47500,+,,,"Lecompton - KS-DMR",Douglas,39.02610016,-95.39009857,K0USY,OPEN,On-Air,YSF/analog,1,,,,,2021-05-30
444.47500,449.47500,+,,,"Logan - KS-DMR",Phillips,39.66400146,-99.57700348,N0KOM,OPEN,Unknown,DMR,1,,,,,2021-05-30
444.47500,449.47500,+,,,"Paola - KS-DMR",Miami,38.62260056,-94.98729706,KX0N,OPEN,On-Air,YSF,1293,,,,,2021-07-19
444.50000,449.50000,+,141.3,141.3,"Jetmore",Hodgeman,38.05329895,-99.89959717,K0ECT,OPEN,On-Air,Analog/analog,,,,,,2019-03-08
444.50000,449.50000,+,,,"Lawrence",Douglas,38.89619827,-95.17479706,KU0JHK,OPEN,On-Air,DMR,7,,,,,2019-12-08
444.52500,449.52500,+,162.2,162.2,"Alma - K-Link",Wabaunsee,39.11529922,-96.24400330,W0KHP,OPEN,On-Air,Analog/analog,,,,,,2019-08-02
444.52500,449.52500,+,141.3,141.3,"Ulysses - Wagon Bed Springs",Grant,37.40299988,-101.33300018,K0ECT,OPEN,On-Air,Analog/analog,,,,,,2019-05-07
444.55000,449.55000,+,91.5,,"Coffeyville",Montgomery,37.01499939,-95.65270233,N0TAP,OPEN,On-Air,Analog/analog,,,,,,2018-01-25
444.55000,449.55000,+,103.5,103.5,"Derby",Sedgwick,37.57170000,-97.27240000,K0DLM,OPEN,On-Air,Analog/analog,,,,,,2020-04-19
444.55000,449.55000,+,141.3,,"Dodge City",Ford,37.53120041,-100.01699829,K0ECT,OPEN,On-Air,Analog/analog,,,,,,2018-07-12
444.57500,449.57500,+,100.0,,"Wichita - College Hill",Sedgwick,37.69520187,-97.28829956,N0EQS,OPEN,On-Air,Analog/analog,,3339,,,,2020-03-29
444.60000,449.60000,+,162.2,162.2,"McPherson - K-Link",McPherson,38.47100067,-97.61100006,N0SGK,OPEN,On-Air,Analog/analog,,,,,,2020-09-06
444.60000,449.60000,+,146.2,,"Wallace",Wallace,38.91389847,-101.59400177,WA0VJR,OPEN,On-Air,Analog/analog,,,3148,,,2019-03-27
444.65000,449.65000,+,103.5,103.5,"Hutchinson - KWCH-12",Reno,38.06050110,-97.76380157,W0UUS,OPEN,On-Air,Analog/analog,,,,,,2019-11-17
444.72500,449.72500,+,,,"Hoyt",Jackson,39.26169968,-95.65599823,K0HAM,OPEN,On-Air,YSF,,,,,,2021-07-19
444.75000,449.75000,+,,,"Basehor - KS-DMR",Leavenworth,39.09220123,-94.94529724,K0USY,OPEN,On-Air,YSF,1,,,,,2021-05-30
444.75000,449.75000,+,162.2,162.2,"Colby",Thomas,39.40119934,-101.10099792,NV8Q,OPEN,On-Air,Analog/analog,,,,,Wide area,2021-05-30
444.75000,449.75000,+,,,"Hays - KS-DMR",Ellis,38.90340042,-99.34359741,K0USY,OPEN,On-Air,YSF,1,,,,,2021-05-30
444.75000,449.75000,+,,,"Minneapolis - KS-DMR",Ottawa,39.06999969,-97.85389709,N7KLR,OPEN,On-Air,DMR,1,,,,Wide area,2019-12-15
444.77500,449.77500,+,162.2,162.2,"Ellsworth - K-Link",Ellsworth,38.81299973,-98.16999817,K0HAM,OPEN,On-Air,Analog/analog,,,,,,2021-05-17
444.80000,449.80000,+,151.4,151.4,"Leavenworth - St. John Hospital",Leavenworth,39.28200000,-94.90600000,W0ROO,OPEN,On-Air,YSF/analog,,,,,,2020-12-07
444.80000,449.80000,+,,,"McPherson - KS-DMR",McPherson,38.37120056,-97.67259979,N5NIQ,OPEN,On-Air,DMR,1,,,,,2019-12-08
444.80000,449.80000,+,,,"Pittsburg",Crawford,37.41450000,-94.70590000,K0PR,OPEN,On-Air,DMR,1,,,,,2020-04-04
444.82500,449.82500,+,114.8,114.8,"Hays",Ellis,38.87919998,-99.32679749,N0ECQ,OPEN,Unknown,Analog/analog,,,,,,2021-05-30
444.82500,449.82500,+,91.5,91.5,"Iola",Allen,37.95529938,-95.41100311,KS0AL,OPEN,On-Air,Analog/analog,,,,48924,,2019-03-18
444.85000,449.85000,+,151.4,151.4,"Kansas City - Foxridge Towers",Johnson,39.02550125,-94.66600037,WB0NSQ,OPEN,On-Air,Analog/analog,,,,46041,,2018-10-11
444.85000,449.85000,+,162.2,162.2,"Minneapolis - K-Link",Ottawa,39.06999969,-97.85389709,KS0LNK,OPEN,On-Air,Analog/analog,,,,45444,,2021-05-14
444.87500,449.87500,+,118.8,118.8,"Salina",Saline,38.92399979,-97.62899780,N0KSC,OPEN,On-Air,YSF/analog,,,,,,2020-02-04
444.90000,449.90000,+,88.5,88.5,"Topeka - NEKSUN",Shawnee,38.97660065,-95.80940247,K0HAM,OPEN,On-Air,Analog/analog,,,,,,2019-05-17
444.92500,449.92500,+,100.0,100.0,"Hoisington - Beaver",Barton,38.51810074,-98.77809906,KE0PTS,OPEN,On-Air,YSF/analog,,771574,,46495,Wide area,2019-09-22
444.95000,449.95000,+,162.2,162.2,"Russell - K-Link",Russell,38.95100021,-98.76100159,AB0UO,OPEN,On-Air,Analog/analog,,,,,,2021-05-17
444.95000,449.95000,+,100.0,100.0,"Scott City",Scott,38.48089981,-100.92400360,W0MI,OPEN,Unknown,Analog/analog,,,,,,2021-05-14
444.97500,449.97500,+,103.5,103.5,"Haysville",Sedgwick,37.55830002,-97.36859894,W0SY,OPEN,On-Air,Analog/analog,,6895,7801,,,2021-11-06
444.98750,449.98750,+,,,"El Dorado - KS-DMR",Butler,37.89680099,-96.93280029,K0USY,OPEN,On-Air,DMR,1,,,,,2019-12-08
444.98750,449.98750,+,,,"Hays - KS-DMR",Ellis,38.89820099,-99.27200317,K0USY,OPEN,On-Air,YSF,1,,,,,2021-05-30
444.98750,449.98750,+,,,"Topeka - KS-DMR",Shawnee,38.97700119,-95.80899811,K0USY,OPEN,On-Air,YSF,1,,,,,2021-05-30
446.90000,446.90000,x,151.4,,"Olathe",Johnson,38.89027780,-94.83833333,K0KN,OPEN,On-Air,Analog,,2213,,2212,,2021-11-02
