Output Freq,Input Freq,Offset,Uplink Tone,Downlink Tone,"Location",County,Lat,Long,Call,Use,Op Status,Mode,Digital Access,EchoLink,IRLP,AllStar,Coverage,Last Update
145.13000,144.53000,-,156.7,156.7,"Beaumont",Butler,37.58599854,-96.54499817,KS0KE,OPEN,On-Air,YSF/analog,,,,,,2019-03-18
145.13000,144.53000,-,151.4,151.4,"Kansas City",Wyandotte,39.05889893,-94.67890167,WA0NQA,OPEN,Unknown,Analog/analog,,255859,,,,2021-08-19
145.15000,144.55000,-,100.0,CSQ,"Clay Center - Water Tower",Clay,39.37689972,-97.12470245,KD7QAS,OPEN,On-Air,Analog/analog,,410789,,,,2019-02-17
145.17000,144.57000,-,,,"Wichita - WMC",Sedgwick,37.69540024,-97.29759979,W0SOE,OPEN,On-Air,DMR,3,,,,,2021-03-24
145.19000,144.59000,-,,,"Oberlin",Decatur,39.83219910,-100.53399658,KB0DZB,OPEN,Unknown,Analog/analog,,,,,,2020-03-07
145.19000,144.59000,-,CSQ,97.4,"Winfield",Cowley,37.35660172,-96.96549988,WA0JBW,OPEN,On-Air,Analog/analog,,,,,Wide area,2021-10-24
145.21000,144.61000,-,151.4,151.4,"Shawnee",Johnson,39.01070000,-94.72350000,WB0HAC,OPEN,On-Air,DMR/analog,1,,,,,2020-09-13
145.23000,144.63000,-,,,"Olathe",Johnson,38.85699844,-94.79989624,KD0JWD,OPEN,On-Air,DMR,1,,,,,2019-12-08
145.25000,144.65000,-,151.4,151.4,"Osawatomie",Miami,38.49850082,-94.97859955,AA0X,OPEN,On-Air,Analog/analog,,213591,,48966,,2019-03-19
145.27000,144.67000,-,88.5,,"Hoyt",Shawnee,39.24779892,-95.70639801,W0CET,OPEN,On-Air,Analog/analog,,,,,,2020-05-19
145.27000,144.67000,-,103.5,103.5,"Wichita - VFW 3115",Sedgwick,37.68360138,-97.39920044,W0VFW,OPEN,On-Air,Analog/analog,,358668,,,,2020-02-24
145.29000,144.69000,-,151.4,151.4,"Overland Park",Johnson,38.97079849,-94.69930267,W0ERH,OPEN,On-Air,DMR/analog,1,,,,,2020-04-17
145.31000,144.71000,-,103.5,,"Emporia",Lyon,38.40390015,-96.18170166,N0OFG,OPEN,On-Air,Analog/analog,,,,,,2017-10-19
145.33000,144.73000,-,151.4,151.4,"Leavenworth - St. John Hospital",Leavenworth,39.28200000,-94.90600000,W0ROO,OPEN,On-Air,Analog/analog,,,,,,2020-12-07
145.39000,144.79000,-,,,"Basehor",Leavenworth,39.09220123,-94.94519806,K0HAM,OPEN,On-Air,YSF,,,,,,2021-07-19
145.41000,144.81000,-,,,"Haysville",Sedgwick,37.56449890,-97.35230255,KA0RT,OPEN,On-Air,Analog/analog,,,,,,2019-12-23
145.41000,144.81000,-,,,"Louisburg",Miami,38.58620071,-94.62039948,K0HAM,OPEN,On-Air,YSF,,,,,,2021-07-19
145.41000,144.81000,-,151.4,,"Manhattan",Riley,39.18360138,-96.57170105,W0QQQ,OPEN,On-Air,Analog/analog,,,,,,2018-05-13
145.45000,144.85000,-,88.5,88.5,"Topeka",Shawnee,39.04830170,-95.67800140,W0CET,OPEN,On-Air,Analog/analog,,,,,,2016-11-19
145.47000,144.87000,-,151.4,,"Olathe",Johnson,38.91350174,-94.80609894,K0ECS,OPEN,On-Air,Analog/analog,,,,,,2020-05-11
145.49000,144.89000,-,91.5,,"Independence - Elk City State Lake",Montgomery,37.22420120,-95.70829773,N0ID,OPEN,On-Air,Analog/analog,,,,,Wide area,2017-10-17
146.40000,146.40000,x,151.4,,"Olathe",Johnson,38.89027780,-94.83833333,K0KN,OPEN,On-Air,Analog,,2213,,2211,,2021-11-02
146.47500,146.47500,x,91.5,,"LeRoy",Coffey,38.08087550,-95.63270340,KD0VBC,OPEN,On-Air,Analog,,,,51276,,2021-10-24
146.47500,146.47500,x,91.5,,"LeRoy",Coffey,38.08087550,-95.63270340,KD0VBC,OPEN,On-Air,Analog/analog,,,,51276,,2021-03-25
146.61000,146.01000,-,91.5,91.5,"Coffeyville",Montgomery,37.01480103,-95.65180206,WR0CV,OPEN,On-Air,YSF/analog,,,,,,2018-02-02
146.61000,146.01000,-,100.0,100.0,"Effingham",Atchison,39.52220154,-95.40080261,K0DXY,OPEN,On-Air,Analog/analog,,,,,Wide area,2019-05-19
146.61000,146.01000,-,123.0,123.0,"Hugoton",Stevens,37.17530060,-101.34960175,W0QS,OPEN,On-Air,Analog/analog,,,,,,2021-01-04
146.61000,146.01000,-,103.5,103.5,"Newton",Harvey,37.99599838,-97.36599731,W0BZN,OPEN,On-Air,Analog/analog,,,,,,2019-09-23
146.61000,146.01000,-,CSQ,,"Smith Center",Smith,39.79899979,-98.67299652,N0LL,OPEN,On-Air,Analog/analog,,,,,,2020-05-19
146.62500,146.02500,-,,,"Smolan",Saline,38.71400070,-97.70400238,WD0GAH,OPEN,On-Air,Analog/analog,,,,,,2021-05-30
146.67000,146.07000,-,103.5,,"Hutchinson - Partridge",Reno,37.95500183,-98.10289764,W0WR,OPEN,On-Air,YSF/analog,,,,,,2021-04-27
146.67000,146.07000,-,88.5,88.5,"Topeka",Shawnee,39.04830170,-95.67800140,WA0VRS,OPEN,On-Air,Analog/analog,,,,,Wide area,2015-06-02
146.68500,146.08500,-,91.5,91.5,"Parsons",Labette,37.33950043,-95.28320313,AA0PK,OPEN,On-Air,Analog/analog,,,,,,2019-09-28
146.68500,146.08500,-,162.2,162.2,"Riley",Riley,39.29890060,-96.83080292,KS1EMS,OPEN,Unknown,Analog/analog,,,,,,2020-01-25
146.70000,146.10000,-,141.3,141.3,"Scott City",Scott,38.48460007,-100.97899628,WA0OQA,OPEN,On-Air,YSF/analog,,,,48589,,2018-09-16
146.70000,146.10000,-,103.5,,"St. John",Stafford,37.99499893,-98.75869751,W5ALZ,OPEN,On-Air,Analog/analog,,,,,,2019-04-17
146.71500,146.11500,-,91.5,91.5,"Fort Scott",Bourbon,37.85060120,-94.76799774,K0EFJ,OPEN,On-Air,Analog/analog,,,,,,2019-03-31
146.71500,146.11500,-,100.0,100.0,"Mulvane",Sedgwick,37.49000168,-97.24389648,N0KTA,OPEN,On-Air,Analog/analog,,,,,,2021-08-07
146.71500,146.11500,-,CSQ,CSQ,"Seneca - Nemaha County Landfill",Nemaha,39.83740800,-95.90896600,KB0DEU,OPEN,On-Air,Analog/analog,,763234,,,,2021-09-10
146.74500,146.14500,-,91.5,91.5,"Chanute - Walnut",Crawford,37.64490128,-95.08750153,AI0E,OPEN,On-Air,Analog/analog,,,,,,2019-07-04
146.74500,146.14500,-,100.0,,"Chanute - Earlton",Neosho,37.58800125,-95.46920013,AI0E,OPEN,On-Air,Analog/analog,,,,,,2015-02-26
146.76000,146.16000,-,103.5,103.5,"Great Bend",Barton,38.40599823,-98.72200012,KI0NN,OPEN,On-Air,Analog/analog,,,,,,2021-05-30
146.76000,146.16000,-,88.5,88.5,"Lawrence",Douglas,38.97169876,-95.23529816,W0UK,OPEN,On-Air,Analog/analog,,,,,,2021-08-07
146.77500,146.17500,-,88.5,,"Holton - Courthouse",Jackson,39.46409988,-95.73549652,KS0JA,OPEN,On-Air,Analog/analog,,369050,,,,2021-05-22
146.77500,146.17500,-,91.5,91.5,"Neodesha",Wilson,37.42869949,-95.68689728,KC0QYD,OPEN,On-Air,Analog/analog,,,,,,2019-08-11
146.77500,146.17500,-,,,"Syracuse",Hamilton,37.98059845,-101.75299835,KB0CKE,OPEN,On-Air,Analog/analog,,,,,,2019-03-31
146.79000,146.19000,-,103.5,CSQ,"Wichita - WMC",Sedgwick,37.69530106,-97.29750061,W0SOE,OPEN,On-Air,Analog/analog,,,,,,2021-03-25
146.80500,146.20500,-,103.5,103.5,"Liberal",Seward,37.05970001,-100.93000031,W0KKS,OPEN,On-Air,Analog/analog,,,,,,2018-03-30
146.80500,146.20500,-,,,"Topeka - KS-DMR",Shawnee,38.97660065,-95.80940247,WV0S,OPEN,On-Air,YSF,1,,,,,2020-05-28
146.82000,146.22000,-,156.7,156.7,"Colby",Thomas,39.39149857,-101.07399750,NW0K,OPEN,On-Air,Analog/analog,,,7552,,,2021-05-30
146.82000,146.22000,-,103.5,103.5,"Hutchinson - KWCH-12",Reno,38.06079865,-97.76399994,W0UUS,OPEN,On-Air,Analog/analog,,,,,,2019-11-17
146.83500,146.23500,-,,,"Overland Park - 95th and Metcalf",Johnson,38.95869827,-94.66989899,W0WJB,OPEN,On-Air,DMR,1,,,,,2019-12-08
146.83500,146.23500,-,100.0,100.0,"Pawnee Rock",Barton,38.30519867,-99.02439880,KE0PTS,OPEN,On-Air,YSF/analog,,,,,Wide area,2019-09-22
146.85000,146.25000,-,156.7,156.7,"Derby",Sedgwick,37.51570129,-97.25839996,W0UUS,OPEN,On-Air,Analog/analog,,,,,,2021-08-07
146.86500,146.26500,-,,,"Concordia",Cloud,39.57099915,-97.66249847,K0KSN,OPEN,Testing,Analog/analog,,,,,,2021-05-30
146.88000,146.28000,-,D162,D162,"Junction City",Geary,39.01499939,-96.87000275,N0VGY,OPEN,On-Air,YSF/analog,,,,,,2021-05-30
146.88000,146.28000,-,162.2,162.2,"Lenora - K-Link",Norton,39.57300186,-99.98600006,N0KOM,OPEN,On-Air,Analog/analog,,,,49527,,2021-01-03
146.88000,146.28000,-,103.5,,"Medicine Lodge - Gyp Hills",Barber,37.23339844,-98.66239929,K0UO,OPEN,Unknown,Analog/analog,,,,,,2020-11-26
146.89500,146.29500,-,,,"Wichita",Sedgwick,37.60589981,-97.33080292,KC0AHN,OPEN,On-Air,Analog/analog,,,,,,2020-06-24
146.91000,146.31000,-,141.3,141.3,"Garden City",Finney,37.97169876,-100.87300110,WA0OQA,OPEN,On-Air,Analog/analog,,,,48588,,2018-09-16
146.91000,146.31000,-,,,"Overland Park",Johnson,38.98780060,-94.67089844,K0HAM,OPEN,On-Air,YSF,,,,,,2021-07-19
146.92500,146.32500,-,162.2,162.2,"Norway - K-Link",Cloud,39.69599915,-97.69100189,N0GJ,OPEN,On-Air,Analog/analog,,,,,,2021-08-24
146.94000,146.34000,-,88.5,88.5,"Kansas City",Wyandotte,39.02199936,-94.66829681,K0HAM,OPEN,On-Air,Analog/analog,,,,,,2021-08-21
146.94000,146.34000,-,91.5,91.5,"Pittsburg",Crawford,37.34989929,-94.71269989,K0PRO,OPEN,On-Air,YSF/analog,,,,,,2019-03-18
146.94000,146.34000,-,103.5,,"Wichita - Colwich",Sedgwick,37.79529953,-97.53309631,WA0RJE,OPEN,On-Air,Analog/analog,,,,,Wide area,2019-11-17
146.95500,146.35500,-,88.5,88.5,"Saint Marys",Pottawatomie,39.25979996,-96.08159637,K0HAM,OPEN,On-Air,Analog/analog,,,,,,2017-12-16
146.95500,146.35500,-,100.0,100.0,"Sedan",Chatauqua,37.10950089,-96.24269867,WX0EK,OPEN,On-Air,Analog/analog,,,,,,2019-05-07
146.97000,146.37000,-,118.8,118.8,"Wilson",Ellsworth,38.84249878,-98.43440247,K0BHN,OPEN,Unknown,Analog/analog,,,,,,2021-05-30
146.98500,146.38500,-,88.5,,"Emporia",Lyon,38.27320099,-96.37300110,K0HAM,OPEN,On-Air,Analog/analog,,929140,,,,2021-08-07
146.98500,146.38500,-,156.7,156.7,"Lakin",Kearney,37.93579865,-101.26399994,N0OMC,OPEN,On-Air,Analog/analog,,,,,,2018-09-16
147.00000,147.60000,+,97.4,CSQ,"Arkansas City",Cowley,37.07559967,-96.93730164,WA0JBW,OPEN,On-Air,Analog/analog,,,,52387,,2021-08-18
147.00000,147.60000,+,151.4,151.4,"Leavenworth",Leavenworth,39.31689835,-94.96199799,KS0LV,OPEN,On-Air,Analog/analog,,,,,,2018-03-30
147.01500,147.61500,+,91.5,,"Independence",Montgomery,37.22470093,-95.71019745,N0ID,OPEN,On-Air,YSF/analog,,,,,,2018-02-10
147.03000,147.63000,+,123.0,,"Dodge City",Ford,37.75279999,-100.01699829,K0ECT,OPEN,On-Air,Analog/analog,,,,,,2019-09-02
147.03000,147.63000,+,88.5,88.5,"Lawrence",Douglas,38.89619827,-95.17479706,KE0QNS,OPEN,On-Air,Analog/analog,,,,,,2021-08-07
147.03000,147.63000,+,CSQ,CSQ,"Salina",Saline,38.83499908,-97.62550354,W0CY,OPEN,On-Air,Analog/analog,,,,,,2021-03-26
147.04500,147.64500,+,131.8,131.8,"Hays",Ellis,38.93439865,-99.31549835,N7JYS,OPEN,On-Air,Analog/analog,,,,,,2020-07-24
147.04500,147.64500,+,88.5,88.5,"Matfield Green",Chase,38.14400101,-96.43699646,K0HAM,OPEN,On-Air,Analog/analog,,,,,,2021-08-07
147.04500,147.64500,+,91.5,91.5,"Pittsburg",Crawford,37.43099976,-94.71399689,K0SEK,OPEN,Unknown,DMR,1,,,,,2019-07-06
147.06000,147.66000,+,156.7,156.7,"Derby",Sedgwick,37.60699844,-97.16670227,KC0SOK,OPEN,Unknown,Analog/analog,,,,,,2021-08-07
147.06000,147.66000,+,,,"Ulysses",Grant,37.24000168,-101.19899750,K0ECT,OPEN,On-Air,Analog/analog,,,,,,2019-10-18
147.10500,147.70500,+,91.5,91.5,"Chanute",Neosho,37.68610001,-95.46700287,KZ0V,OPEN,On-Air,Analog/analog,,,,,,2018-03-31
147.10500,147.70500,+,151.4,,"Haysville",Sedgwick,37.56610107,-97.37190247,KA0RT,OPEN,On-Air,Analog/analog,,,,,,2021-07-21
147.12000,147.72000,+,103.5,,"Hutchinson",Reno,38.06079865,-97.92980194,W0WR,OPEN,On-Air,YSF/analog,,,,,,2021-04-19
147.12000,147.72000,+,,,"Phillipsburg",Phillips,39.75830078,-99.31970215,AA0HJ,OPEN,On-Air,Analog/analog,,,,,,2020-03-07
147.13500,147.73500,+,88.5,88.5,"Hoisington",Barton,38.60599899,-98.69699860,K0HAM,OPEN,Unknown,Analog/analog,,,,,,2021-05-14
147.15000,147.75000,+,,,"El Dorado",Butler,37.80469894,-96.88390350,KB0VAC,OPEN,On-Air,Analog/analog,,,,,,2021-08-07
147.15000,147.75000,+,151.4,151.4,"Kansas City",Wyandotte,39.15420151,-94.86669922,W0LB,OPEN,On-Air,Analog/analog,,,,,,2018-03-31
147.16500,147.76500,+,162.2,162.2,"Clay Center",Clay,39.46760178,-97.06279755,N0XRM,OPEN,On-Air,Analog/analog,,,,,,2020-02-04
147.16500,147.76500,+,,,"Mission",Johnson,39.02769852,-94.65599823,WB0KIA,OPEN,On-Air,DMR,1,,,,,2019-12-08
147.16500,147.76500,+,97.4,97.4,"Udall",Cowley,37.38750076,-97.11419678,KD0HNA,OPEN,On-Air,Analog/analog,,,,52146,,2021-08-07
147.18000,147.78000,+,100.0,100.0,"Hays",Ellis,38.84109879,-99.38279724,K0HYS,OPEN,On-Air,Analog/analog,,,,,,2021-11-14
147.18000,147.78000,+,88.5,,"Hiawatha",Brown,39.84030151,-95.56600189,WA0W,OPEN,On-Air,Analog/analog,,,,,,2020-07-20
147.18000,147.78000,+,,,"Plains",Meade,37.29330063,-100.63999939,WK0DX,OPEN,On-Air,Analog/analog,,,,,,2014-07-07
147.21000,147.81000,+,151.4,151.4,"Kansas City - Providence Medical Center",Wyandotte,39.12670135,-94.78679657,W0KCK,OPEN,On-Air,Analog/analog,,,,,,2020-05-11
147.22500,147.82500,+,162.2,162.2,"Lincoln - K-Link",Lincoln,39.10240173,-98.13240051,NV8Q,OPEN,On-Air,Analog/analog,,,,46259,Wide area,2021-06-14
147.22500,147.82500,+,162.2,162.2,"Minneapolis - KS-DMR",Ottawa,39.06990051,-97.85399628,NV8Q,OPEN,On-Air,YSF/analog,1,,,46259,Wide area,2021-08-24
147.22500,147.82500,+,162.2,162.2,"Salina - K-Link",Saline,38.84019852,-97.61009979,NV8Q,OPEN,On-Air,Analog/analog,,,,46259,Wide area,2021-05-30
147.24000,147.84000,+,91.5,91.5,"Girard",Crawford,37.46960068,-94.88710022,K0SEK,OPEN,On-Air,Analog/analog,,,,,,2019-03-25
147.24000,147.84000,+,151.4,,"Olathe",Johnson,38.88140106,-94.81909943,KA0FMZ,OPEN,Unknown,Analog/analog,,,,,,2019-10-10
147.25500,147.85500,+,88.5,88.5,"Manhattan",Riley,39.16360092,-96.53170013,KS0MAN,OPEN,On-Air,Analog/analog,,359695,,,,2021-05-22
147.27000,147.87000,+,118.8,118.8,"Salina",Saline,38.92399979,-97.62899780,N0KSC,OPEN,On-Air,Analog/analog,,,,,,2021-05-22
147.28500,147.88500,+,88.5,88.5,"Bremen",Marshall,39.91126700,-96.77125200,W0DOD,OPEN,Testing,Analog/analog,,,,519321,,2020-11-26
147.28500,147.88500,+,91.5,,"Mound City",Linn,38.14279938,-94.81359863,WA0PPN,OPEN,On-Air,Analog/analog,,,,,,2019-09-17
147.28500,147.88500,+,162.2,162.2,"Russell",Russell,38.95100021,-98.76100159,AB0UO,OPEN,On-Air,Analog/analog,,,,,,2020-05-02
147.30000,147.90000,+,88.5,,"Carbondale",Osage,38.81969833,-95.69200134,KB0WTH,OPEN,On-Air,Analog/analog,,,3358,,,2019-02-14
147.30000,147.90000,+,91.5,91.5,"Coffeyville",Montgomery,37.06549835,-95.63950348,NU0B,OPEN,On-Air,Analog/analog,,,,,,2018-02-07
147.31500,147.91500,+,162.2,162.2,"Junction City - K-Link",Geary,39.01499939,-96.87000275,KS1EMS,OPEN,On-Air,Analog/analog,,,,,,2021-08-12
147.33000,147.93000,+,162.2,162.2,"McPherson",McPherson,38.37289810,-97.68440247,W0TWU,OPEN,On-Air,YSF/analog,,,,,,2021-05-22
147.36000,147.96000,+,151.4,151.4,"Paola",Miami,38.57220078,-94.87909698,WS0WA,OPEN,On-Air,Analog/analog,,,,48414,,2018-08-27
147.37500,147.97500,+,179.9,,"Gas",Allen,37.92549896,-95.35260010,WI0LA,OPEN,On-Air,Analog/analog,,,,,,2016-11-30
147.37500,147.97500,+,162.2,CSQ,"Osborne",Osborne,39.46799850,-98.69300079,NZ0M,OPEN,On-Air,Analog/analog,,,,,,2021-05-30
147.39000,147.99000,+,88.5,CSQ,"Ottawa",Franklin,38.56409836,-95.29920197,W0QW,OPEN,On-Air,YSF/analog,,,,,,2017-01-20
147.39000,147.99000,+,,,"Valley Center",Sedgwick,37.83140182,-97.37480164,KE0ULZ,OPEN,On-Air,Analog/analog,,,,,,2019-03-18
