Output Freq,Input Freq,Offset,Uplink Tone,Downlink Tone,"Location",County,Lat,Long,Call,Use,Op Status,Mode,Digital Access,EchoLink,IRLP,AllStar,Coverage,Last Update
223.72500,223.72500,x,151.4,,"Olathe",Johnson,38.89027780,-94.83833333,K0KN,OPEN,On-Air,Analog,,2213,,2214,,2021-11-02
223.94000,222.34000,-,151.4,,"Shawnee",Johnson,39.01080000,-94.72360000,W0ERH,OPEN,On-Air,Analog/analog,,,,,Wide area,2020-07-25
224.04000,222.44000,-,131.8,131.8,"Hoisington",Barton,38.60559845,-98.69750214,N7JYS,OPEN,On-Air,Analog/analog,,,,45989,,2020-07-31
224.10000,222.50000,-,,,"Mission",Wyandotte,39.05830002,-94.70279694,WB0KIA,OPEN,On-Air,Analog/analog,,,,,Wide area,2016-10-30
224.28000,222.68000,-,131.8,131.8,"Hays",Ellis,38.93429947,-99.31549835,N7JYS,OPEN,On-Air,Analog/analog,,,,2351,,2018-01-07
224.52000,222.92000,-,91.5,91.5,"Coffeyville",Montgomery,37.01499939,-95.65270233,N0TAP,OPEN,On-Air,Analog/analog,,,,,,2019-04-20
224.54000,222.94000,-,88.5,88.5,"Basehor",Leavenworth,39.14170074,-94.93859863,K0HAM,OPEN,On-Air,Analog/analog,,,,,Wide area,2021-07-06
224.78000,223.18000,-,,,"Gardner",Johnson,38.81079865,-94.92720032,K0NK,OPEN,On-Air,Analog/analog,,,,,,2015-05-20
224.82000,223.22000,-,151.4,151.4,"Edgerton",Miami,38.76470184,-95.00800323,WB0OUE,OPEN,On-Air,Analog/analog,,,,45960,,2018-09-06
224.84000,223.24000,-,88.5,88.5,"Topeka",Shawnee,39.05580139,-95.68900299,WA0VRS,OPEN,On-Air,Analog/analog,,,7876,,,2018-01-18
224.94000,223.34000,-,,,"Olathe",Johnson,38.88140106,-94.81909943,W0QQ,OPEN,On-Air,Analog/analog,,,,,,2015-05-20
