Output Freq,Input Freq,Offset,Uplink Tone,Downlink Tone,"Location",County,Lat,Long,Call,Use,Op Status,Mode,Digital Access,EchoLink,IRLP,AllStar,Coverage,Last Update
426.00000,440.00000,s,,,"Maryland Heights",St Louis,38.72119904,-90.46440125,W0ATN,OPEN,On-Air,Analog,,,,,,2020-09-22
442.02500,447.02500,+,CSQ,CSQ,"Richmond",Ray,39.27859879,-93.97689819,AC0JR,OPEN,Off-Air,Analog/analog,,,,,,0000-00-00
442.05000,447.05000,+,100.0,100.0,"Viburnum",Iron,37.71530151,-91.13510132,KD0KIB,OPEN,Off-Air,Analog/analog,,,,,,2019-06-17
442.07500,447.07500,+,151.4,CSQ,"Hoover",Platte,39.36890030,-94.66690063,KA0FKL,OPEN,Off-Air,Analog/analog,,,,,,0000-00-00
442.10000,447.10000,+,141.3,,"Clayton",St Louis,38.64739990,-90.34179688,W0SRC,OPEN,On-Air,Analog/analog,,,,,,2018-01-22
442.12500,447.12500,+,127.3,127.3,"Vandalia",Audrain,39.31079000,-91.48834000,AA0RC,OPEN,Off-Air,Analog,,,,,,2021-05-06
442.15000,447.15000,+,162.2,162.2,"Crane - Water Tower",Stone,36.91460800,-93.56470400,K0NXA,OPEN,On-Air,Analog/analog,,113667,7191,,Wide area,2020-06-18
442.15000,447.15000,+,127.3,127.3,"Jefferson City",Cole,38.57669830,-92.17350006,K0ETY,OPEN,On-Air,Analog/analog,,,,,,2021-06-06
442.17500,447.17500,+,127.3,127.3,"Marshall Junction - MSHP Tower",Saline,38.95610046,-93.15299988,KM0HP,OPEN,On-Air,Analog/analog,,,,,Wide area,2021-06-05
442.30000,447.30000,+,,,"Pacific - Nike Missile Base Control Center on Signal Hill",Franklin,38.40829849,-90.75440216,KD0ZEA,OPEN,On-Air,DStar,,,,,,2017-02-11
442.32500,447.32500,+,151.4,151.4,"Bonne Terre - Bonne Terre Airport",St Francois,37.92309952,-90.55539703,W0EMM,OPEN,On-Air,Analog/analog,,,,,,2019-05-14
442.32500,447.32500,+,CSQ,CSQ,"Columbia",Boone,38.95169830,-92.33409882,WX0BC,OPEN,On-Air,DStar,,,,,,2021-06-06
442.37500,447.37500,+,141.3,,"Maryland Heights",St Louis,38.72762680,-90.43916321,N0ARS,OPEN,On-Air,Analog/analog,,,,,,2020-03-10
442.37500,447.37500,+,,,"Springfield - Rayfield Communications Tower",Greene,37.16350174,-93.31980133,W0PM,OPEN,On-Air,DMR,1,,,,,2019-12-08
442.40000,447.40000,+,151.4,151.4,"Independence - I-435 and 23rd Street",Jackson,39.08200073,-94.48999786,K0GQ,OPEN,On-Air,YSF/analog,,,,,,2021-07-08
442.42500,447.42500,+,162.2,162.2,"Clever",Christian,37.03030014,-93.47299957,K0NXA,OPEN,On-Air,Analog/analog,,,3995,,,2020-06-18
442.45000,447.45000,+,141.3,141.3,"Arnold",Jefferson,38.43280029,-90.37760162,KD0BQS,OPEN,On-Air,YSF/analog,22,,,,,2021-05-13
442.50000,447.50000,+,,,"Holden",Johnson,38.70686100,-93.92228400,W0AU,OPEN,On-Air,YSF,,,,,,2021-03-08
442.52500,447.52500,+,,,"Calm",Oregon,36.55170059,-91.16179657,N0IQM,OPEN,Off-Air,YSF,,,,,,2016-12-27
442.52500,447.52500,+,,,"Farmington",St Francois,37.78089905,-90.42179871,KC9SDU,OPEN,On-Air,DMR,2,,,,,2019-12-08
442.55000,447.55000,+,,,"Kansas City - Signal Hill - BMA Tower",Jackson,39.10290146,-94.58209991,WB0YRG,OPEN,On-Air,P25,1293,,,,,2021-06-23
442.57500,447.57500,+,,,"St. Louis - Red Cross - Lindbergh",St Louis,38.68050003,-90.40290070,K0MDG,OPEN,On-Air,DStar,,,,,,2018-07-29
442.60000,447.60000,+,,,"Belle",Osage,38.29669952,-91.68150330,N0NOE,OPEN,On-Air,DMR,2,,,,,2020-12-19
442.65000,447.65000,+,,,"Jacksonville",Randolph,39.60499954,-92.41699982,WB6PQM,OPEN,On-Air,DMR,3,,,,,2019-12-08
442.65000,447.65000,+,141.3,,"Owensville",Gasconade,38.34239960,-91.50559998,N0NOE,OPEN,On-Air,DMR/analog,2,,,43853,,2020-06-11
442.67500,447.67500,+,127.3,,"Osborn",Dekalb,39.75000000,-94.34999847,N0SWP,OPEN,On-Air,Analog/analog,,,,,Wide area,2019-11-03
442.70000,447.70000,+,77.0,77.0,"Boonville",Cooper,38.97359848,-92.74320221,KA0GFC,OPEN,On-Air,Analog/analog,,239712,,,,2021-07-27
442.70000,447.70000,+,141.3,,"St. Louis - Red Cross - Lindbergh",St Louis,38.68050003,-90.40290070,W0MDG,OPEN,On-Air,Analog/analog,,,,,Wide area,2021-03-29
442.75000,447.75000,+,110.9,110.9,"Ava",Douglas,36.95199966,-92.66040039,K0DCA,OPEN,On-Air,YSF,,,,,,2016-12-07
442.75000,447.75000,+,103.5,103.5,"Kirksville - KTVO TV Studio",Adair,40.26498780,-92.58045570,W0CBL,OPEN,Unknown,Analog/analog,,,,,,2021-09-17
442.75000,447.75000,+,,,"Saint Joseph",Buchanan,39.76833300,-94.79333300,KB0LSM,OPEN,On-Air,YSF,,,,,,2021-01-08
442.82500,447.82500,+,127.3,CSQ,"St. Louis - Forest Park",St Louis,38.64699936,-90.22499847,K0GFM,OPEN,On-Air,Analog/analog,,,,,,2021-02-21
442.82500,447.82500,+,,,"Warrensburg",Johnson,38.76279831,-93.73609924,KU0G,OPEN,On-Air,DMR,1,,,,,2019-12-08
442.85000,447.85000,+,,,"De Soto",Jefferson,38.13949966,-90.55509949,K0MGU,OPEN,On-Air,Analog/analog,,,,,,2016-12-21
442.87500,447.87500,+,141.3,141.3,"St. Louis - I-270 and McDonnell Blvd",St Louis,38.76169968,-90.34519958,W0MA,OPEN,On-Air,DMR/analog,1,,,,Wide area,2021-06-06
442.90000,447.90000,+,94.8,,"Richmond",Ray,39.26919937,-93.96140289,W0RAK,OPEN,Unknown,Analog/analog,,936810,,,,2021-02-01
442.92500,447.92500,+,127.3,,"Barnett - Golden Beach/Gravois Arm Lake of the Ozarks",Morgan,38.37839890,-92.67459869,AA0IY,OPEN,Off-Air,Analog/analog,,388333,,,,2021-06-05
442.95000,447.95000,+,,,"Fulton",Callaway,38.84669876,-91.94799805,WB8SQS,OPEN,On-Air,DMR,1,,,,,2021-06-05
442.97500,447.97500,+,151.4,151.4,"Kansas City - I-435 and State Line",Jackson,39.09970093,-94.57859802,,OPEN,On-Air,Analog/analog,,,,,,2021-08-19
442.97500,447.97500,+,91.5,91.5,"Lamar",Barton,37.49499893,-94.27660370,K0KWC,OPEN,On-Air,Analog/analog,,498054,,,,2021-09-19
442.97500,447.97500,+,141.3,141.3,"St. Louis - Red Cross - Lindbergh",St Louis,38.68050003,-90.40290070,W0MDG,OPEN,On-Air,YSF/analog,,,,,,2018-07-29
443.00000,448.00000,+,,,"Jefferson City",Cole,37.96425247,-91.83183289,KM0HP,OPEN,On-Air,DMR,3,,,,,2021-06-05
443.02500,448.02500,+,127.3,127.3,"Centralia",Boone,39.21030045,-92.13800049,AA0RC,OPEN,Unknown,Analog/analog,,,,,,2021-06-07
443.05000,448.05000,+,,,"Kansas City",Jackson,39.09970093,-94.57859802,N0EQW,OPEN,Off-Air,Analog/analog,,,,,,2016-12-28
443.07500,448.07500,+,,,"Bethany",Harrison,40.26829910,-94.02829742,WB0OKX,OPEN,On-Air,DMR,7,,,,,2021-07-20
443.07500,448.07500,+,,,"Olivette - Lindbergh and Olive",St Louis,38.67279816,-90.38849640,W0SRC,OPEN,On-Air,YSF,,,,,,2019-10-13
443.15000,448.15000,+,110.9,,"Marceline",Linn,39.71200180,-92.94819641,KD0ETV,OPEN,On-Air,Analog/analog,,,,,,2020-12-13
443.15000,448.15000,+,,,"St. Louis",St Louis,38.44319916,-90.43370056,N0FLC,OPEN,Off-Air,Analog/analog,,,,,,2019-03-31
443.17500,448.17500,+,127.3,127.3,"Jefferson City - SEMA Tower",Cole,38.55189896,-92.21330261,KB4VSP,OPEN,On-Air,Analog/analog,,,,,,2021-06-05
443.17500,448.17500,+,151.4,,"Kansas City - Plaza",Jackson,39.09970093,-94.57859802,W0WJB,OPEN,On-Air,Analog/analog,,,,,,2020-08-06
443.20000,448.20000,+,107.2,107.2,"Holden",Johnson,38.70686100,-93.92228400,W0AU,OPEN,On-Air,YSF/analog,,256138,,,,2021-03-08
443.25000,448.25000,+,131.8,131.8,"Kansas City - City Hall",Jackson,39.10039902,-94.57790375,W0OEM,OPEN,On-Air,Analog/analog,,,,,Wide area,2021-08-19
443.25000,448.25000,+,,,"St Charles",St Charles,38.78870010,-90.51180267,N0KQG,OPEN,On-Air,DMR,2,,,,,2021-04-15
443.27500,448.27500,+,151.4,151.4,"Kansas City - Plaza/Midtown",Jackson,39.09970093,-94.57859802,N0WW,OPEN,On-Air,YSF/analog,,,,,,2021-07-20
443.30000,448.30000,+,107.2,107.2,"Deepwater - MSHP Tower",Henry,38.26060104,-93.79669952,KM0HP,OPEN,On-Air,Analog/analog,,,,,Wide area,2021-06-05
443.30000,448.30000,+,123.0,123.0,"St. Louis",St Louis,38.48222000,-90.39805000,KA9HNT,OPEN,On-Air,Analog/analog,,,,,,2021-07-31
443.32500,448.32500,+,,,"Excelsior Springs",Clay,39.33919907,-94.22609711,K0AMJ,OPEN,On-Air,DMR,4,,,,Wide area,2019-12-16
443.32500,448.32500,+,141.3,141.3,"St. Louis - KDNL ABC 30 TV Tower",St Louis City,38.63600159,-90.19599915,W9AIU,OPEN,On-Air,YSF/analog,,,,,Wide area,2021-07-26
443.35000,448.35000,+,,,"Kansas City",Jackson,39.09970093,-94.57859802,WV0T,OPEN,On-Air,Analog/analog,,,,,,2014-01-09
443.37500,448.37500,+,192.8,CSQ,"Kingston - 3.5mi West - State Rt HH",Caldwell,39.64419937,-94.03859711,W0BYU,OPEN,On-Air,YSF/analog,006,,,,,2021-11-11
443.40000,448.40000,+,,,"Pleasant Hill",Cass,38.78749847,-94.26940155,WB0YRG,OPEN,On-Air,DMR,4,,,,,2019-12-08
443.40000,448.40000,+,,,"Springfield - Cox South Hospital",Greene,37.14562600,-93.27969800,K0NXA,OPEN,On-Air,DMR,5,,,,,2020-06-17
443.42500,448.42500,+,,,"Cameron",Caldwell,37.96425290,-91.83183340,WB0OBX,OPEN,On-Air,DMR,7,,,,,2021-11-10
443.42500,448.42500,+,,,"Mexico - KWWR Backup Tower",Audrain,39.19919968,-91.88289642,AA0RC,OPEN,On-Air,Analog/analog,,,,,,2021-06-05
443.45000,448.45000,+,,,"Bridgeton - SSM De Paul Hospital",St Louis,38.75070190,-90.43409729,W0KE,OPEN,On-Air,Analog/analog,,,,,,2016-08-05
443.45000,448.45000,+,,151.4,"Kansas City",Jackson,39.09970093,-94.57859802,W0WJB,OPEN,On-Air,Analog/analog,,,,,,2018-03-29
443.47500,448.47500,+,,,"Raymore",Cass,38.83010101,-94.41970062,K0DAN,OPEN,On-Air,DMR,1,,,,,2019-12-08
443.47500,448.47500,+,77.0,,"St. Louis - SLU Hospital",St Louis City,38.62229919,-90.23780060,WD0EFP,OPEN,On-Air,Analog/analog,,,,,,2020-12-02
443.50000,448.50000,+,151.4,,"Kansas City - VA Hospital",Jackson,39.06349945,-94.52629852,KC0VA,OPEN,On-Air,Analog/analog,,,,,,2021-08-30
443.52500,448.52500,+,,,"Defiance",St Charles,38.63249969,-90.77819824,N0RVC,OPEN,On-Air,Analog/analog,,,,,,2021-07-27
443.55000,448.55000,+,162.2,162.2,"Branson",Taney,36.64369965,-93.21849823,KJ6TQ,OPEN,On-Air,Analog/analog,,443550,,,,2019-09-28
443.55000,448.55000,+,,,"St. Louis - Red Cross - Lindbergh",St Louis,38.68050003,-90.40290070,KM0MDG,OPEN,On-Air,DMR,2,,,,,2019-12-08
443.57500,448.57500,+,94.8,94.8,"Richmond",Ray,37.96425290,-91.83183340,W7LN,OPEN,On-Air,YSF/analog,,,,,,2021-07-27
443.60000,448.60000,+,,,"Lee's Summit",Jackson,38.91084080,-94.38217240,K0MGS,OPEN,Unknown,P25,5EA,,,,,2021-06-16
443.62500,448.62500,+,100.0,100.0,"Crystal City - Buck Nob",Jefferson,38.22119904,-90.37899780,,OPEN,Off-Air,Analog/analog,,,,,,2019-03-31
443.67500,448.67500,+,,,"Bolivar",Polk,37.62555500,-93.46250000,K0NXA,OPEN,Unknown,DMR,5,,,,,2021-08-22
443.70000,448.70000,+,,,"Harrisonville - 3 Miles NW",Cass,38.65330124,-94.34880066,W0JD,OPEN,On-Air,YSF,,,,,,2019-04-09
443.72500,448.72500,+,192.8,192.8,"Barnhart",Jefferson,38.34420013,-90.39350128,K0AMC,OPEN,On-Air,Analog/analog,,,,,,2021-06-11
443.75000,448.75000,+,151.4,151.4,"Lone Jack",Jackson,38.87689972,-94.17320251,KE0HWK,OPEN,On-Air,YSF/analog,,,,,,2018-06-29
443.77500,448.77500,+,110.9,110.9,"Kansas City",Jackson,39.09970093,-94.57859802,WA0NQA,OPEN,On-Air,Analog/analog,,,,,,2021-08-19
443.77500,448.77500,+,141.3,141.3,"St. Louis - Pine Street and Tucker Street",St Louis City,38.62770081,-90.19570160,W0MJ,OPEN,On-Air,YSF/analog,,,,,,2021-06-06
443.80000,448.80000,+,,,"Holts Summit",Callaway,38.64030075,-92.12239838,KD0SAF,OPEN,Unknown,Analog/analog,,,,,,2021-06-05
443.82500,448.82500,+,,,"Rolla - TJ Residence Hall",Phelps,37.95930099,-91.77159882,W0EEE,OPEN,On-Air,DMR,12,,,,,2020-05-09
443.87500,448.87500,+,107.2,107.2,"Windsor - KLRQ FM Tower",Benton,38.47420120,-93.50800323,N0TLE,OPEN,On-Air,Analog/analog,,,,,,2018-10-10
443.90000,448.90000,+,100.0,100.0,"Dexter",Stoddard,36.79589844,-89.95790100,N0DAN,OPEN,On-Air,Analog/analog,,,,,,2013-09-23
443.90000,448.90000,+,127.3,CSQ,"Kearney",Clay,39.36780167,-94.36219788,KB0EQV,OPEN,Off-Air,Analog/analog,,,,,,0000-00-00
443.90000,448.90000,+,,,"Washington",Franklin,38.53490067,-90.99759674,KO0OOL,OPEN,On-Air,DMR,2,,,,,2020-01-07
443.92500,448.92500,+,162.2,,"Ongo",Douglas,36.99060059,-92.89409637,K0DCA,OPEN,On-Air,YSF,,,,,,2016-12-06
443.95000,448.95000,+,71.9,71.9,"Festus - Hwy CC",Jefferson,38.22060013,-90.39600372,W0KLX,OPEN,On-Air,Analog/analog,,,,,,2017-02-27
443.95000,448.95000,+,151.4,,"Saint Joseph",Buchanan,39.75790024,-94.83650208,KM0HP,OPEN,Unknown,Analog/analog,,,7499,,,2021-03-03
443.97500,448.97500,+,CSQ,CSQ,"Moberly",Randolph,39.41839981,-92.43820190,K0MOB,OPEN,On-Air,Analog/analog,,,,,,2021-07-27
443.97500,448.97500,+,,,"Nevada - Highland and Ash Street",Vernon,37.83919907,-94.35469818,W0HL,OPEN,On-Air,P25,5,,,,,2021-06-11
443.97500,448.97500,+,110.9,110.9,"Willow Springs",Howell,36.99229813,-91.96990204,AC0HF,OPEN,On-Air,YSF/analog,,,,,,2017-09-22
444.00000,449.00000,+,,,"Nevada",Vernon,37.83919907,-94.35469818,K0CB,OPEN,On-Air,Analog/analog,,,,,,2015-11-10
444.00000,449.00000,+,,,"Rolla - Phelps Health Medical Office Building",Phelps,37.95169830,-91.78829956,W0CMD,OPEN,On-Air,DStar,,,,,,2018-12-29
444.00000,449.00000,+,94.8,94.8,"St Joseph - I-29 and 59/Bus 71 Highways",Andrew,39.85000000,94.81000000,KB0LSM,OPEN,On-Air,YSF/analog,,,,,,2021-11-10
444.02500,449.02500,+,,,"High Hill - Water Tower",Montgomery,38.87860107,-91.38110352,AD0JA,OPEN,On-Air,DMR,2,,,,,2021-08-22
444.02500,449.02500,+,162.2,162.2,"Nixa",Christian,37.04357000,-93.30233800,W7RY,OPEN,On-Air,Analog/analog,,,,,,2021-08-12
444.02500,449.02500,+,,,"Peculiar",Cass,38.75719833,-94.43419647,WB0YRG,OPEN,On-Air,DMR,1,,,,,2019-12-08
444.10000,449.10000,+,,,"Washington",Franklin,38.55810165,-91.01210022,K0FDG,OPEN,On-Air,YSF,2,,,,,2019-12-08
444.12500,449.12500,+,123.0,123.0,"Kansas City",Clay,39.09970093,-94.57859802,N0NKX,OPEN,Unknown,Analog/analog,,,,,,2021-08-22
444.12500,449.12500,+,127.3,127.3,"Vandalia",Audrain,37.96425290,-91.83183340,AA0RC,OPEN,On-Air,Analog,,,,,,2021-06-05
444.15000,449.15000,+,146.2,146.2,"St. Louis",St Louis City,38.59189987,-90.24430084,WB0QXW,OPEN,On-Air,Analog/analog,,,,,,2020-12-19
444.17500,449.17500,+,107.2,107.2,"Ashland",Boone,38.76900101,-92.31400299,KD0SAF,OPEN,On-Air,Analog/analog,,,,,Wide area,2021-06-08
444.20000,449.20000,+,100.0,CSQ,"Cape Girardeau - River Radio Transmitter Tower",Cape Girardeau,37.40489960,-89.56839752,W0RMS,OPEN,On-Air,Analog/analog,,,,,Wide area,2021-08-10
444.20000,449.20000,+,100.0,100.0,"Fordland",Webster,37.15760040,-92.94069672,N0NWS,OPEN,Unknown,Analog/analog,,,,,Wide area,2020-06-17
444.20000,449.20000,+,141.3,,"Monroe City",Monroe,39.65370178,-91.73459625,KA0EJQ,OPEN,On-Air,Analog/analog,,,,,,2021-07-27
444.22500,449.22500,+,91.5,91.5,"Nevada",Vernon,37.83919907,-94.35469818,W0HL,OPEN,On-Air,Analog/analog,,,,,Wide area,2016-03-14
444.27500,449.27500,+,,,"O'Fallon - North Main Street - Water Tank",St Charles,38.82139969,-90.69999695,K0RBR,OPEN,On-Air,DMR,2,,,,,2021-07-26
444.30000,449.30000,+,,,"Kimberling City",Stone,36.63339996,-93.41690063,K0EI,OPEN,On-Air,Analog/analog,,,,,,2019-05-20
444.30000,449.30000,+,131.8,131.8,"Lee's Summit",Jackson,38.91080093,-94.38220215,K0MRR,OPEN,On-Air,Analog/analog,,,,,,2018-07-16
444.32500,449.32500,+,151.4,151.4,"Peculiar",Cass,38.71920013,-94.45860291,WB0YRG,OPEN,On-Air,Analog/analog,,,,,,2019-12-27
444.35000,449.35000,+,110.9,110.9,"Gainesville",Ozark,36.60309982,-92.42819977,WB0JJJ,OPEN,On-Air,YSF/analog,004,,,,,2017-02-27
444.35000,449.35000,+,110.9,,"Lee's Summit",Jackson,38.91080093,-94.38220215,N0AAP,OPEN,On-Air,Analog/analog,,,,,,2016-02-15
444.35000,449.35000,+,141.3,141.3,"Washington",Franklin,38.55810165,-91.01210022,WA0FYA,OPEN,On-Air,YSF/analog,,,,,,2016-08-05
444.40000,449.40000,+,,,"Chillicothe",Livingston,39.79529953,-93.55239868,KB0YAS,OPEN,On-Air,DMR,7,,,,Wide area,2019-12-08
444.40000,449.40000,+,100.0,100.0,"Potosi",Washington,37.93640137,-90.78790283,N0WNC,OPEN,On-Air,Analog/analog,,,,,,2019-01-03
444.40000,449.40000,+,162.2,162.2,"Springfield",Greene,37.20899963,-93.29229736,W0EBE,OPEN,On-Air,YSF/analog,,,,,,2021-09-06
444.42500,449.42500,+,,,"Columbia",Boone,38.94800186,-92.32199860,K0SI,OPEN,On-Air,DMR,3,,,,,2021-06-08
444.45000,449.45000,+,,,"Branson - Water Tower - near Titanic Museum",Taney,36.63629913,-93.28220367,K0NXA,OPEN,On-Air,DMR,5,,,,,2019-12-08
444.45000,449.45000,+,100.0,,"Cape Girardeau",Cape Girardeau,37.30590057,-89.51820374,KE0UWK,OPEN,On-Air,Analog/analog,,,,,,2021-01-17
444.46250,449.46250,+,,,"Trimble - KCI Airport",Platte,39.27890015,-94.67220306,WB0YRG,OPEN,On-Air,DMR,4,,,,,2021-06-23
444.47500,449.47500,+,,,"Maryville - US-71 and MO-148",Nodaway,40.37500000,-94.85399628,N0GGU,OPEN,On-Air,DMR,7,,,,,2019-12-08
444.47500,449.47500,+,141.3,141.3,"O'Fallon",St Charles,38.77600098,-90.69200134,W0ECA,OPEN,On-Air,Analog/analog,,,,,,2021-07-26
444.50000,449.50000,+,,,"Joplin",Jasper,37.02132800,-94.53996400,W0IN,OPEN,On-Air,DMR,5,,,,,2021-04-15
444.50000,449.50000,+,127.3,CSQ,"Osage Beach",Camden,38.15029907,-92.61799622,N0QVO,OPEN,On-Air,Analog/analog,,,,,,2015-03-04
444.52500,449.52500,+,107.2,107.2,"Holden",Johnson,38.71419907,-93.99130249,KM0HP,OPEN,On-Air,Analog/analog,,,,,Wide area,2021-03-03
444.52500,449.52500,+,91.5,91.5,"Neosho",Newton,36.86899948,-94.36799622,KC0NQE,OPEN,On-Air,YSF,5293,,,,Wide area,2021-07-06
444.52500,449.52500,+,,,"Wright City",Warren,38.82749939,-91.02010345,AD0JA,OPEN,On-Air,DMR,2,,,,,2021-09-06
444.55000,449.55000,+,192.8,,"High Ridge",Jefferson,38.45890045,-90.53649902,K0AMC,OPEN,On-Air,Analog/analog,,185485,,,,2021-06-06
444.55000,449.55000,+,151.4,151.4,"Platte City",Platte,39.27327000,-94.66307000,WA0QFJ,OPEN,On-Air,YSF/analog,,,,,,2021-04-15
444.57500,449.57500,+,107.2,107.2,"Kennett",Dunklin,36.23619843,-90.05560303,KC0LAT,OPEN,On-Air,YSF/analog,,,,,,2021-07-20
444.60000,449.60000,+,,,"Sullivan - Downtown Fidelity Tower",Franklin,38.21120071,-91.16110229,N0NOE,OPEN,On-Air,DMR,2,,,,Wide area,2020-12-19
444.62500,449.62500,+,91.5,91.5,"Joplin",Jasper,37.08420181,-94.51329803,N0ARM,OPEN,On-Air,Analog/analog,,,,,Wide area,2021-07-06
444.65000,449.65000,+,,,"Monett",Barry,36.92200089,-93.83300018,K0SQS,OPEN,On-Air,YSF/analog,,,,,,2017-07-22
444.65000,449.65000,+,141.3,141.3,"St Charles - Water Tower - Lindenwood College",St Charles,38.78219986,-90.50589752,WB0HSI,OPEN,On-Air,DMR/analog,2,,,,,2019-12-08
444.65000,449.65000,+,156.7,,"Vibbard",Ray,39.38059998,-94.14630127,K0ESM,OPEN,On-Air,Analog/analog,,,,,,2021-02-01
444.67500,449.67500,+,107.2,,"Kingston",Caldwell,39.64419937,-94.03859711,KC0GP,OPEN,On-Air,Analog/analog,,,,,,2016-06-09
444.67500,449.67500,+,,,"Springfield - MSU Sun Villa Dorm",Greene,37.20899963,-93.29229736,KG0PE,OPEN,On-Air,DMR,5,,,,,2019-12-08
444.70000,449.70000,+,77.0,,"Boonville",Cooper,38.97359848,-92.74320221,KA0GFC,OPEN,On-Air,Analog/analog,,,,,,2021-07-27
444.70000,449.70000,+,,,"Kansas City - Zoo",Jackson,39.00687330,-94.52916440,KC0KW,OPEN,On-Air,YSF,,,,,,2021-07-20
444.72500,449.72500,+,136.5,136.5,"Springfield",Greene,37.20899963,-93.29229736,W0YKE,OPEN,On-Air,Analog/analog,,,,,,2021-05-30
444.75000,449.75000,+,192.8,192.8,"High Ridge",Jefferson,38.45890045,-90.53649902,K0AMC,OPEN,On-Air,Analog/analog,,,,,,2021-06-11
444.77500,449.77500,+,110.9,110.9,"Bendavis - MSHP Tower",Texas,37.29552500,-92.19222200,K0NXA,OPEN,On-Air,Analog/analog,,113667,7191,,,2020-07-27
444.77500,449.77500,+,151.4,151.4,"Lee's Summit - James A Reed Wildlife Center",Jackson,38.89056100,-94.34033800,KM0HP,OPEN,On-Air,Analog/analog,,,,,Wide area,2020-11-24
444.77500,449.77500,+,,,"Rockport",Atchison,40.41109848,-95.51689911,WB0OKX,OPEN,On-Air,DMR,7,,,,,2019-12-08
444.82500,449.82500,+,127.3,,"Mexico - SSM Audrain",Audrain,39.17240143,-91.87750244,AA0RC,OPEN,On-Air,Analog/analog,,,,42625,,2021-06-05
444.85000,449.85000,+,192.8,192.8,"High Ridge",Jefferson,38.45890045,-90.53649902,K0AMC,OPEN,On-Air,Analog/analog,,,,,,2021-06-11
444.85000,449.85000,+,,,"High Ridge",Jefferson,38.45890045,-90.53649902,K0AMC,OPEN,Unknown,YSF,,,,,,2021-02-09
444.85000,449.85000,+,123.0,123.0,"Washburn",Barry,36.58689880,-93.96600342,KE0CZQ,OPEN,On-Air,Analog/analog,,,,,,2021-09-18
444.87500,449.87500,+,100.0,100.0,"Ewing",Lewis,40.00619888,-91.71379852,KB0YKI,OPEN,On-Air,Analog/analog,,,,,,2017-03-22
444.87500,449.87500,+,127.3,127.3,"Holts Summit",Callaway,38.65760040,-92.12830353,KB4VSP,OPEN,On-Air,Analog/analog,,471579,,27188,,2021-06-05
444.87500,449.87500,+,162.2,162.2,"Springfield - Cox South Hospital",Greene,37.14562600,-93.27969800,KB0NHX,OPEN,On-Air,Analog/analog,,,,,,2020-06-17
444.91250,449.91250,+,,,"Warrenton",Warren,38.79694400,-91.14815700,KD0VKG,OPEN,On-Air,DMR,2,,,,,2021-08-22
444.92500,449.92500,+,179.9,179.9,"Poplar Bluff",Butler,36.75699997,-90.39289856,AB0JW,OPEN,Unknown,Analog/analog,,,,,Wide area,2021-07-20
444.92500,449.92500,+,,,"Saint Joseph - MSHP Troop H Headquarters",Buchanan,39.75790024,-94.83650208,WB0OKX,OPEN,On-Air,DMR,7,,,,,2019-12-08
444.92500,449.92500,+,127.3,127.3,"Stover",Morgan,38.39189911,-92.99250031,KB0QWQ,OPEN,Off-Air,Analog/analog,,,,,,2019-04-04
444.95000,449.95000,+,107.2,107.2,"Blue Springs",Jackson,38.99399948,-94.26300049,KB0VBN,OPEN,On-Air,YSF/analog,,,,,,2020-01-12
444.95000,449.95000,+,,,"Fulton",Callaway,38.83350000,-91.95680000,AC0WZ,OPEN,On-Air,DMR,1,,,,,2021-09-10
444.95000,449.95000,+,CSQ,CSQ,"Mountain Grove",Wright,37.13059998,-92.26349640,K0KNC,OPEN,On-Air,Analog/analog,,,,,,2016-09-26
444.97500,449.97500,+,,,"Independence - Booth",Jackson,39.07989883,-94.48449707,WB0YRG,OPEN,On-Air,DMR,4,,,,,2019-12-08
444.97500,449.97500,+,162.2,162.2,"Stockton Lake",Dade,37.59659958,-93.70800018,K0NXA,OPEN,On-Air,Analog/analog,,,,,Wide area,2020-01-27
