Output Freq,Input Freq,Offset,Uplink Tone,Downlink Tone,"Location",County,Lat,Long,Call,Use,Op Status,Mode,Digital Access,EchoLink,IRLP,AllStar,Coverage,Last Update
145.11000,144.51000,-,,,"Cole Camp",Benton,38.38640600,-93.10831500,KE0CYW,OPEN,On-Air,DMR,3,,,,,2021-08-25
145.13000,144.53000,-,156.7,CSQ,"Kirksville - KTVO Studio Link Tower",Adair,40.19480133,-92.58329773,W0CBL,OPEN,On-Air,Analog/analog,,,,,Wide area,2021-11-03
145.15000,144.55000,-,162.2,,"Ongo",Douglas,36.99060059,-92.89409637,K0DCA,OPEN,On-Air,YSF/analog,,280629,,,,2017-09-19
145.15000,144.55000,-,107.2,,"Osborn",Dekalb,39.74720001,-94.35520172,WD0SKY,OPEN,On-Air,Analog/analog,,,,,Wide area,2018-08-22
145.15000,144.55000,-,,,"Sullivan",Franklin,38.21939850,-91.13970184,K0CSM,OPEN,On-Air,Analog/analog,,,,,,2019-03-31
145.17000,144.57000,-,151.4,151.4,"Raytown - Water Tower",Jackson,39.00999832,-94.46920013,K0GQ,OPEN,On-Air,Analog/analog,,403841,,,,2021-01-26
145.17000,144.57000,-,127.3,,"St. Louis - Forest Park",St Louis,38.64699936,-90.22499847,K0KYZ,CLOSED,On-Air,Analog/analog,,,,,Wide area,2021-05-08
145.19000,144.59000,-,,,"Eolia",Pike,39.26470184,-91.03250122,KA0EJQ,OPEN,On-Air,Analog/analog,,,,,Wide area,2019-12-03
145.19000,144.59000,-,,,"Excelsior Springs",Clay,39.33919907,-94.22609711,K0BSJ,OPEN,On-Air,DMR,4,,,,Wide area,2019-12-08
145.19000,144.59000,-,91.5,91.5,"Joplin - Mercy Hospital",Newton,37.03639984,-94.50959778,W0IN,OPEN,Unknown,Analog/analog,,,,,,2021-07-06
145.19000,144.59000,-,123.0,123.0,"Seymour - Highway 60 and Route A",Webster,37.15629959,-92.76860046,W9IQ,OPEN,On-Air,Analog/analog,,,,,,2021-07-11
145.21000,144.61000,-,162.2,,"Shell Knob - Fire Lookout Tower",Barry,36.67699814,-93.86879730,AC0JK,OPEN,On-Air,YSF/analog,,,,,,2021-02-02
145.21000,144.61000,-,123.0,123.0,"St. Louis",St Louis City,38.59189987,-90.24430084,WB0QXW,OPEN,On-Air,Analog/analog,,639255,,,,2021-01-17
145.23000,144.63000,-,123.0,123.0,"Greenville",Wayne,37.12730026,-90.45010376,KD0MRV,OPEN,On-Air,Analog/analog,,,,44246,,2021-03-05
145.23000,144.63000,-,162.2,,"Highlandville",Christian,36.93280029,-93.28050232,WA6JGM,OPEN,Unknown,Analog/analog,,,,,Wide area,2021-09-03
145.25000,144.65000,-,110.9,110.9,"West Plains",Howell,36.72809982,-91.85240173,KD0AIZ,OPEN,On-Air,YSF/analog,,,,,,2016-08-29
145.27000,144.67000,-,162.2,162.2,"Nixa - Water Tower",Christian,37.04570007,-93.31500244,K0NXA,OPEN,On-Air,P25/analog,656,,,,Wide area,2019-10-01
145.27000,144.67000,-,123.0,,"St. Louis - Busch Stadium",St Louis City,38.62900162,-90.27899933,KA9HNT,OPEN,On-Air,YSF/analog,57,,,,,2019-12-13
145.29000,144.69000,-,,,"Bolivar",Polk,37.62555500,-93.46250000,K0NXA,OPEN,On-Air,DMR,5,,,,,2021-08-22
145.29000,144.69000,-,127.3,127.3,"Renick",Randolph,39.34410095,-92.41709900,KM0HP,OPEN,On-Air,Analog/analog,,,,,Wide area,2019-03-30
145.31000,144.71000,-,100.0,100.0,"Eminence",Shannon,37.15060043,-91.35759735,KN0D,OPEN,On-Air,Analog/analog,,,,,,2017-03-02
145.31000,144.71000,-,,,"Independence - IFD Station #1",Jackson,39.10100174,-94.42019653,K0EJC,OPEN,On-Air,Analog/analog,,506603,,,,2021-05-30
145.33000,144.73000,-,156.7,,"Springfield - Cox South Hospital",Greene,37.14609909,-93.27970123,KC0DBU,OPEN,On-Air,Analog/analog,,291849,,,,2017-09-19
145.33000,144.73000,-,,141.3,"St Charles - Water Tower - Lindenwood College",St Charles,38.78219986,-90.50589752,KO0A,OPEN,On-Air,Analog/analog,,,,,,2020-07-19
145.35000,144.75000,-,91.5,91.5,"Joplin",Jasper,37.08420181,-94.51329803,N0NWS,OPEN,On-Air,P25/analog,293,291849,,,,2021-11-10
145.35000,144.75000,-,110.9,,"Marceline",Linn,39.71502200,-92.95069800,KD0ETV,OPEN,On-Air,Analog,,,,,,2020-12-02
145.35000,144.75000,-,100.0,,"Poplar Bluff - R-1 School Maintenance Warehouse",Butler,36.76279831,-90.39510345,AB0JW,OPEN,On-Air,Analog/analog,,,,,,2017-09-10
145.35000,144.75000,-,123.0,,"St. Louis - Tilles Park",St Louis,38.62070084,-90.36380005,N0ARS,OPEN,On-Air,Analog/analog,,,,,,2021-02-21
145.37000,144.77000,-,,,"Independence - Centerpoint Medical Center",Jackson,39.04949951,-94.34880066,K0EJC,OPEN,Unknown,Analog/analog,,64055,,,,2021-09-10
145.37000,144.77000,-,162.2,162.2,"Seymour",Webster,37.14640045,-92.76879883,K0DCA,OPEN,On-Air,YSF/analog,,,,,,2021-04-30
145.37000,144.77000,-,,,"St Charles",St Charles,38.75690079,-90.60970306,KJ0A,OPEN,On-Air,YSF,,,,,,2019-09-25
145.39000,144.79000,-,91.5,91.5,"Granby - MSHP Tower",Newton,36.91920090,-94.25520325,KM0HP,OPEN,On-Air,Analog/analog,,,,,Wide area,2021-03-03
145.39000,144.79000,-,127.3,127.3,"Linn - MSHP Tower",Osage,38.52579880,-91.85109711,KM0HP,OPEN,On-Air,Analog/analog,,,,,Wide area,2021-07-26
145.41000,144.81000,-,100.0,100.0,"O'Fallon - North Main Street - Water Tank",St Charles,38.82139969,-90.69999695,K0RBR,OPEN,On-Air,Analog/analog,,,,,,2021-02-21
145.43000,144.83000,-,,,"Gladstone - Gladstone Water Tank - 72nd and Antioch",Clay,39.20389938,-94.55470276,W0MB,OPEN,On-Air,Analog/analog,,,,,,2020-07-14
145.43000,144.83000,-,107.2,107.2,"Springfield",Greene,37.20899963,-93.29229736,KA0FKF,OPEN,Unknown,Analog/analog,,,,,Wide area,2021-08-30
145.45000,144.85000,-,91.5,91.5,"Nevada",Vernon,37.83919907,-94.35469818,W0HL,OPEN,On-Air,Analog/analog,,,,,,2021-03-03
145.45000,144.85000,-,110.9,110.9,"Rolla - TJ Residence Hall",Phelps,37.95930099,-91.77159882,W0EEE,OPEN,On-Air,Analog/analog,,,,,,2017-08-28
145.47000,144.87000,-,,,"Conway - Water Tower",Laclede,37.50199890,-92.82916700,K0NXA,OPEN,On-Air,DMR,12,,,,,2021-08-22
145.49000,144.89000,-,136.5,,"Fordland",Webster,37.15760040,-92.94069672,N0NWS,OPEN,On-Air,Analog/analog,,291849,,49321,,2021-11-10
145.49000,144.89000,-,,,"Kansas City - Royals Stadium",Jackson,39.05377800,-94.48202800,KC0KW,OPEN,On-Air,YSF,,,,,,2021-07-20
145.49000,144.89000,-,141.3,141.3,"O'Fallon",St Charles,38.77600098,-90.69200134,W0ECA,OPEN,On-Air,Analog/analog,,,,,Wide area,2021-07-26
146.45000,147.05000,+,,,"Pacific - Nike Missile Base Control Center on Signal Hill",Franklin,38.40829849,-90.75440216,KD0ZEA,OPEN,On-Air,DStar,,,,,,2021-05-15
146.47000,147.07000,+,173.8,173.8,"Wright City",Warren,38.82749939,-91.02010345,AD0JA,OPEN,On-Air,P25/analog,585,,,,,2021-08-22
146.49000,147.09000,+,,,"Defiance",St Charles,38.60730270,-90.80723570,N0KQG,OPEN,On-Air,DMR,2,,,,,2021-08-10
146.61000,146.01000,-,127.3,,"Columbia - Near I-70",Boone,38.96419907,-92.31749725,WX0BC,OPEN,On-Air,Analog/analog,,,,,,2021-06-08
146.61000,146.01000,-,,,"St. Louis - Bates and Virginia",St Louis City,38.56449890,-90.24680328,KC0TPS,OPEN,On-Air,Analog/analog,,,,,,2019-08-11
146.62500,146.02500,-,110.9,,"Ava",Douglas,36.95199966,-92.66040039,N0RFI,OPEN,Unknown,Analog/analog,,,,,,2021-08-29
146.62500,146.02500,-,131.8,,"Eldon",Miller,38.34840012,-92.58159637,AA0NC,OPEN,On-Air,Analog/analog,,,,,,2021-05-06
146.62500,146.02500,-,103.5,103.5,"Hannibal",Marion,39.75730133,-91.49960327,W0KEM,OPEN,On-Air,Analog/analog,,,,,Wide area,2017-07-01
146.62500,146.02500,-,100.0,100.0,"St Genevieve",Ste. Genevieve,37.97869873,-90.04759979,K0QOD,OPEN,On-Air,Analog/analog,,,,,,2016-08-05
146.64000,146.04000,-,162.2,162.2,"Springfield - Troop D MSHP HQ",Greene,37.23640060,-93.22920227,W0EBE,OPEN,On-Air,Analog/analog,,,,,,2017-01-06
146.64000,146.04000,-,110.9,110.9,"Steelville",Crawford,37.95365380,-91.36107860,KF5QMA,OPEN,On-Air,Analog/analog,,,,,,2021-09-06
146.64000,146.04000,-,151.4,,"Trimble",Clinton,39.47101600,-94.56472900,WB0YRG,OPEN,On-Air,Analog/analog,,,,,,2021-07-28
146.65500,146.05500,-,91.5,91.5,"Branson - Water Tower - Near Titanic Museum",Taney,36.64369965,-93.21849823,K0NXA,OPEN,On-Air,P25/analog,656,,7191,,Wide area,2021-03-03
146.65500,146.05500,-,94.8,,"Carrollton - East Water Tower",Carroll,39.35839844,-93.49579620,N0SAX,OPEN,On-Air,Analog/analog,,396772,,,,2020-12-19
146.67000,146.07000,-,,,"El Dorado Springs - Cedar Springs Microwave Tower",Cedar,37.87699890,-94.02130127,W0BRN,OPEN,On-Air,Analog/analog,,,,,,2019-08-05
146.67000,146.07000,-,,141.3,"O'Fallon - Water Tower",St Charles,38.80550003,-90.71630096,WB0HSI,OPEN,On-Air,Analog/analog,,,,,Wide area,2021-06-06
146.67000,146.07000,-,,,"Willow Springs - MSHP Tower",Howell,37.00883000,-91.98222000,K0NXA,OPEN,On-Air,DMR,12,,,,,2021-08-22
146.68500,146.08500,-,100.0,,"Cape Girardeau - River Radio Transmitter Tower",Cape Girardeau,37.40489960,-89.56839752,W0QMF,OPEN,On-Air,Analog/analog,,,,,,2021-01-17
146.68500,146.08500,-,77.0,77.0,"Columbia",Boone,38.79079819,-92.29270172,W0DQJ,OPEN,Unknown,Analog/analog,,,,,Wide area,2021-06-08
146.68500,146.08500,-,94.8,CSQ,"Maryville",Nodaway,40.34609985,-94.87249756,W0BYU,OPEN,On-Air,Analog/analog,,,,,,2020-05-19
146.68500,146.08500,-,,,"Springfield - Troop D MSHP Headquarters",Greene,37.24020004,-93.23130035,K0NXA,OPEN,On-Air,YSF,5656,,,,,2020-06-17
146.70000,146.10000,-,88.5,88.5,"Eldridge",Laclede,37.82979965,-92.74909973,K0LH,OPEN,On-Air,Analog/analog,,,,,Wide area,2020-08-01
146.70000,146.10000,-,141.3,,"Festus",Jefferson,38.21337930,-90.40563740,W0KLX,OPEN,On-Air,Analog/analog,,,,,,2021-05-19
146.70000,146.10000,-,107.2,107.2,"Lee's Summit - James A Reed Wildlife Center",Jackson,38.89056100,-94.34033800,KC0SKY,OPEN,On-Air,Analog/analog,,,,,Wide area,2020-06-04
146.70000,146.10000,-,,,"Monroe City",Monroe,39.65829849,-91.74250031,KA0EJQ,OPEN,On-Air,Analog/analog,,,,,,2021-06-06
146.73000,146.13000,-,141.3,,"Bridgeton - SSM De Paul Hospital",St Louis,38.75070190,-90.43409729,W0KE,OPEN,On-Air,Analog/analog,,,,,,2019-06-26
146.73000,146.13000,-,,,"Independence - IFD Fire Station #1 approx 1000 yds SSE of Truman",Jackson,39.10100174,-94.42019653,W0SHQ,OPEN,On-Air,YSF/analog,,127303,,,,2021-05-30
146.73000,146.13000,-,127.3,127.3,"Sunrise Beach",Morgan,38.18299866,-92.81050110,N0ZS,OPEN,On-Air,Analog/analog,,,,,Wide area,2021-02-17
146.74500,146.14500,-,141.3,,"Hamilton",Caldwell,39.74359894,-93.99829865,WD0BBR,OPEN,On-Air,Analog/analog,,,,,,2020-07-20
146.74500,146.14500,-,136.5,136.5,"Macomb",Wright,37.10780000,-92.46210000,N0NWS,OPEN,On-Air,Analog/analog,,,,,,2021-08-30
146.76000,146.16000,-,127.3,127.3,"Columbia",Boone,38.94800186,-92.32199860,K0SI,OPEN,On-Air,Analog/analog,,,,,,2021-06-08
146.76000,146.16000,-,141.3,141.3,"St. Louis - KDNL Link Tower",St Louis City,38.63600159,-90.19599915,W9AIU,OPEN,On-Air,P25/analog,585,,,,Wide area,2021-01-03
146.77500,146.17500,-,100.0,100.0,"Crystal City - Buck Nob",Jefferson,38.20920181,-90.35980225,KD0RIS,OPEN,On-Air,YSF/analog,,,,47533,,2021-05-07
146.77500,146.17500,-,,,"Ozark - Verizon Link Tower - County Line Road",Christian,37.09310150,-93.24770355,K0NXA,OPEN,On-Air,DMR,5,,,,Wide area,2019-12-08
146.79000,146.19000,-,CSQ,CSQ,"Benton",Scott,37.09780121,-89.56259918,N0GK,OPEN,On-Air,Analog/analog,,,,,,2017-10-23
146.79000,146.19000,-,88.5,88.5,"Dixon",Pulaski,37.99679947,-92.16100311,W0GS,OPEN,On-Air,Analog/analog,,,,,Wide area,2020-10-06
146.79000,146.19000,-,107.2,,"Kansas City",Clay,39.29946800,-94.56734900,W0TE,OPEN,On-Air,Analog/analog,,,,,,2020-09-29
146.80500,146.20500,-,156.7,156.7,"Macon",Macon,39.75400162,-92.46800232,N0PR,OPEN,On-Air,Analog/analog,,,,,,2019-07-16
146.80500,146.20500,-,127.3,127.3,"Neosho",Newton,36.86899948,-94.36799622,KC0FDQ,OPEN,On-Air,Analog/analog,,,,,,2021-07-06
146.80500,146.20500,-,110.9,110.9,"Sullivan - West Sullivan Water Tower",Franklin,38.18653800,-91.20166600,KC0DBS,OPEN,On-Air,Analog/analog,,,,,,2020-10-08
146.80500,146.20500,-,110.9,,"Thayer",Oregon,36.52450180,-91.53820038,W0WZR,OPEN,On-Air,Analog/analog,,,,,,2021-02-25
146.82000,146.22000,-,151.4,151.4,"Kansas City - Top of KCMO City Hall",Jackson,39.09970093,-94.57859802,K0HAM,OPEN,On-Air,YSF/analog,,,,,,2021-08-19
146.82000,146.22000,-,162.2,162.2,"Republic",Greene,37.12009811,-93.48020172,K0EAR,OPEN,On-Air,Analog/analog,,,,,,2019-02-17
146.82000,146.22000,-,110.9,110.9,"Rolla - MSHP Tower",Phelps,37.95415400,-91.78841700,K0NXA,OPEN,On-Air,Analog/analog,,113667,7191,,,2020-07-27
146.82000,146.22000,-,100.0,100.0,"Scopus - KMHM Tower",Bollinger,37.37779999,-89.93470001,W0QMF,OPEN,On-Air,YSF,23,,,,,2021-08-10
146.83500,146.23500,-,,,"Hermitage - Pomme De Terre Lake",Hickory,37.90861000,-93.23639000,AC0HA,OPEN,On-Air,DMR,3,,,,,2021-06-04
146.83500,146.23500,-,127.3,,"Paris",Monroe,39.48089981,-92.00129700,N0SYL,OPEN,Off-Air,Analog/analog,,,,,Wide area,2021-05-06
146.83500,146.23500,-,100.0,100.0,"Potosi",Washington,37.93640137,-90.78790283,AB0TL,OPEN,Unknown,Analog/analog,,,,,Wide area,2021-05-06
146.83500,146.23500,-,100.0,,"Potosi - Floyd 911 Tower",Washington,37.93640137,-90.78790283,AB0TL,OPEN,On-Air,Analog/analog,,,,,,2021-11-10
146.85000,146.25000,-,141.3,141.3,"Olivette - Lindbergh and Olive",St Louis,38.67279816,-90.38849640,W0SRC,OPEN,On-Air,Analog/analog,,396891,,40105,,2019-10-13
146.85000,146.25000,-,114.8,,"Prescott",Texas,37.31230164,-91.95680237,N0KBC,OPEN,On-Air,Analog/analog,,450104,,,Wide area,2021-08-30
146.85000,146.25000,-,100.0,100.0,"Saint Joseph - KQ2 TV Tower",Buchanan,39.75780106,-94.83640289,W0NH,OPEN,On-Air,YSF/analog,,,,,Wide area,2020-02-13
146.86500,146.26500,-,127.3,127.3,"Jefferson City - SEMA Tower",Cole,38.55160141,-92.21309662,KB4VSP,OPEN,On-Air,DMR/analog,3,,,,Wide area,2021-07-26
146.86500,146.26500,-,156.7,,"Marshfield",Webster,37.33869934,-92.90709686,K0NI,OPEN,On-Air,Analog/analog,,,,,,2020-06-30
146.86500,146.26500,-,151.4,151.4,"Raymore",Cass,38.80199814,-94.45269775,WB0YRG,OPEN,On-Air,Analog/analog,,,,,,2019-12-27
146.86500,146.26500,-,100.0,100.0,"Van Buren",Carter,36.99560165,-91.01460266,N0IBV,OPEN,On-Air,Analog/analog,,242878,,,,2019-07-27
146.88000,146.28000,-,110.9,110.9,"Carthage",Jasper,37.17639923,-94.31020355,W0LF,OPEN,On-Air,Analog/analog,,,,,,2020-06-30
146.88000,146.28000,-,103.5,,"Hannibal - Grape Street Hill",Marion,39.70840073,-91.35849762,W0KEM,OPEN,On-Air,Analog/analog,,,,,,2019-06-16
146.88000,146.28000,-,107.2,107.2,"Holden",Johnson,38.70686100,-93.92228400,W0AU,OPEN,On-Air,YSF/analog,,,,,,2021-11-10
146.89500,146.29500,-,CSQ,,"Brinktown",Maries,38.12670135,-92.08460236,N0GYE,OPEN,On-Air,Analog/analog,,,,,Wide area,2020-04-28
146.89500,146.29500,-,162.2,,"Hollister - KSMU Tower",Taney,36.56299973,-93.28600311,W0YKE,OPEN,Unknown,Analog/analog,,889292,,,,2021-05-30
146.89500,146.29500,-,114.8,114.8,"Plattsburg",Clinton,39.56560135,-94.44799805,KC0QLU,OPEN,On-Air,Analog/analog,, ,,,Wide area,2020-04-19
146.91000,146.31000,-,141.3,,"Des Peres - West County Mall",St Louis,38.60440063,-90.44730377,W0SRC,OPEN,On-Air,Analog/analog,,,,,,2018-09-30
146.91000,146.31000,-,100.0,100.0,"Poplar Bluff - MSHP Station, North 67",Butler,36.80870056,-90.47109985,KM0HP,OPEN,On-Air,Analog/analog,,,,,,2020-02-19
146.91000,146.31000,-,162.2,162.2,"Springfield - Hammons Tower",Greene,37.20920181,-93.28220367,W0EBE,OPEN,On-Air,YSF/analog,,976583,,,,2021-09-03
146.92500,146.32500,-,192.8,192.8,"High Ridge",Jefferson,38.45890045,-90.53649902,K0AMC,OPEN,On-Air,Analog/analog,,215303,,,Wide area,2019-09-25
146.92500,146.32500,-,,,"New Madrid",New Madrid,36.58639908,-89.52790070,KB0UFL,OPEN,Off-Air,Analog/analog,,,,,,2017-11-29
146.92500,146.32500,-,,,"Smithville - Fire Station",Clay,39.36392580,-94.58484010,KC0KW,OPEN,On-Air,YSF,,,,,,2021-07-20
146.92500,146.32500,-,107.2,107.2,"Warsaw",Benton,38.24929810,-93.36019897,WB0EM,OPEN,On-Air,Analog/analog,,,,,Wide area,2021-01-21
146.94000,146.34000,-,141.3,141.3,"Clayton",St Louis,38.64739990,-90.34179688,W0SRC,OPEN,On-Air,YSF/analog,,,,,,2021-07-26
146.94000,146.34000,-,110.9,,"West Plains",Howell,36.72809982,-91.85240173,W0HCA,OPEN,On-Air,Analog/analog,,,,,,2020-03-08
146.95500,146.35500,-,100.0,100.0,"Arcadia",Iron,37.57279968,-90.69499969,KA0CUU,OPEN,On-Air,Analog/analog,,,,,Wide area,2019-06-17
146.95500,146.35500,-,192.8,,"Laurie",Morgan,38.20080185,-92.80110168,KA0RFO,OPEN,On-Air,Analog/analog,,,,,Wide area,2019-04-04
146.95500,146.35500,-,156.7,156.7,"Trenton - Courthouse",Grundy,40.07889938,-93.61660004,KB0RPJ,OPEN,On-Air,Analog/analog,,,,,Wide area,2021-06-05
146.97000,146.37000,-,151.4,151.4,"Kansas City - Plaza",Jackson,39.09970093,-94.57859802,W0WJB,OPEN,On-Air,Analog/analog,,,,,,2021-08-22
146.97000,146.37000,-,162.2,162.2,"Monett",Lawrence,36.93050003,-93.83640289,W0OAR,OPEN,On-Air,Analog/analog,,,,,,2021-07-11
146.97000,146.37000,-,110.9,110.9,"Salem",Dent,37.66419983,-91.58750153,K0GGM,OPEN,On-Air,YSF/analog,,,,,,2020-03-30
146.97000,146.37000,-,141.3,141.3,"St. Louis - Dorchester Apartment Building, Forest Park West",St Louis,38.63779831,-90.30410004,W0SRC,OPEN,On-Air,YSF/analog,,,,,,2021-07-06
146.98500,146.38500,-,141.3,,"Bourbon",Crawford,38.15480042,-91.24400330,AA0GB,OPEN,On-Air,Analog/analog,,,,,,2020-11-26
146.98500,146.38500,-,100.0,100.0,"Kennett - Kennett Fire Dept Admin Offices",Dunklin,36.23527800,-90.05500000,KB0UFL,OPEN,On-Air,YSF/analog,,63857,,,,2021-07-20
146.98500,146.38500,-,110.9,110.9,"Willow Springs - MSHP Tower",Howell,37.00888900,-91.98222200,K0NXA,OPEN,On-Air,Analog/analog,,113667,7191,,,2020-07-27
147.00000,146.40000,-,100.0,100.0,"Dexter",Stoddard,36.79589844,-89.95790100,N0GK,OPEN,On-Air,Analog/analog,,,,,,2021-07-20
147.00000,146.40000,-,127.3,127.3,"Jefferson City",Cole,38.55888888,-92.22166666,K0ETY,OPEN,On-Air,Analog/analog,,,,,,2020-04-23
147.00000,147.60000,+,,,"Joplin",Jasper,37.08420181,-94.51329803,WB0IYC,OPEN,Unknown,Analog/analog,,,,,,2021-07-06
147.01500,147.61500,+,151.4,151.4,"Blue Springs",Jackson,39.00889969,-94.27760315,KB0VBN,OPEN,On-Air,Analog/analog,,,,,,2020-01-12
147.01500,147.61500,+,162.2,162.2,"Springfield",Greene,37.20899963,-93.29229736,K0NXA,OPEN,On-Air,Analog/analog,,,,,Wide area,2021-03-03
147.01500,147.61500,+,,,"St. Louis - Red Cross - Lindbergh",St Louis,38.68050003,-90.40290070,K0MDG,OPEN,On-Air,DStar,,,,,,2018-07-29
147.03000,147.63000,+,100.0,100.0,"Farmington",St Francois,37.80030060,-90.56330109,K0EOR,OPEN,On-Air,Analog/analog,,365062,,,Wide area,2019-03-31
147.03000,146.43000,-,179.9,179.9,"Sedalia",Pettis,38.72380066,-93.22830200,WA0SDO,OPEN,On-Air,Analog/analog,,,,,,2020-01-08
147.04500,147.64500,+,,,"Kearney",Clay,39.36780167,-94.36219788,N0TIX,OPEN,On-Air,Analog/analog,,,,,,2016-02-26
147.04500,147.64500,+,141.3,141.3,"Warrenton",Warren,38.77159882,-91.22450256,KA0CWU,OPEN,On-Air,Analog/analog,,,,,,2021-01-06
147.06000,147.66000,+,162.2,162.2,"Bolivar",Polk,37.62555500,-93.46250000,K0NXA,OPEN,On-Air,Analog/analog,,,,,,2021-08-22
147.06000,147.66000,+,94.8,94.8,"Grant City",Worth,40.48749924,-94.41110229,W0BYU,OPEN,On-Air,YSF/analog,006,,,,,2021-11-11
147.06000,147.66000,+,141.3,,"St. Louis - I-270 and McDonnell Blvd",St Louis,38.76169968,-90.34519958,W0MA,OPEN,On-Air,Analog/analog,,,,,,2021-07-26
147.07500,147.67500,+,141.3,141.3,"Hillsboro",Jefferson,38.23229980,-90.56289673,KB0TLL,OPEN,On-Air,Analog/analog,,,,,Wide area,2019-09-25
147.07500,147.67500,+,162.2,,"Pineville",McDonald,36.59450150,-94.38410187,WB6ARF,OPEN,On-Air,Analog/analog,,,,,,2021-07-06
147.07500,147.67500,+,100.0,100.0,"Sikeston",Scott,36.87670135,-89.58789825,KB0ZAW,OPEN,On-Air,Analog/analog,,,,,,2020-01-17
147.07500,147.67500,+,127.3,127.3,"Warsaw - MSHP Tower",Benton,38.21540070,-93.43440247,KM0HP,OPEN,On-Air,Analog/analog,,,,,Wide area,2019-04-09
147.09000,147.69000,+,,,"Independence - Bank of America Independence Square",Jackson,39.09109879,-94.41549683,W0TOJ,OPEN,On-Air,Analog/analog,,133333,,,,2021-08-19
147.09000,147.69000,+,127.3,127.3,"Moberly",Randolph,39.41839981,-92.43820190,K0MOB,OPEN,On-Air,Analog/analog,,,,,,2017-07-01
147.09000,147.69000,+,162.2,162.2,"Odin",Wright,37.26879883,-92.62069702,KC0ROS,OPEN,On-Air,YSF/analog,,,,,Wide area,2020-09-21
147.10500,147.70500,+,136.5,136.5,"Branson",Taney,36.64369965,-93.21849823,KJ6TQ,OPEN,On-Air,Analog/analog,,,,,,2021-11-10
147.10500,147.70500,+,156.7,100.0,"Concordia",Lafayette,38.99599838,-93.56999969,KE0PKD,OPEN,On-Air,YSF/analog,,,,,,2019-09-01
147.10500,147.70500,+,,,"Imperial",Jefferson,38.36980057,-90.37840271,KB0TLL,OPEN,On-Air,YSF,,,,,,2020-02-03
147.12000,147.72000,+,151.4,151.4,"Raymore",Cass,38.77840042,-94.43949890,N0HV,OPEN,On-Air,YSF/analog,,993190,,42037,,2019-04-09
147.13500,147.73500,+,,,"Hermann - Highway 19 South",Gasconade,38.65503500,-91.43320500,KB0WCY,OPEN,On-Air,Analog/analog,,,,,,2020-12-02
147.13500,147.73500,+,100.0,,"Houston",Texas,37.32619858,-91.95600128,KB0MPO,OPEN,On-Air,Analog/analog,,,,,,2017-09-22
147.13500,147.73500,+,,,"Nevada",Vernon,37.83919907,-94.35469818,WB0NYD,OPEN,On-Air,Analog/analog,,,,,,2015-11-10
147.15000,147.75000,+,,,"Branson",Taney,36.64369965,-93.21849823,KC0M,OPEN,On-Air,DMR,5,,,,,2021-03-03
147.15000,147.75000,+,100.0,,"Dexter - Hospital",Stoddard,36.79589844,-89.95790100,N0DAN,OPEN,On-Air,Analog/analog,,,,,,2016-12-06
147.15000,147.75000,+,141.3,141.3,"Kirkwood - Near Kirkwood Train Station",St Louis,38.58340073,-90.40679932,K0ATT,OPEN,On-Air,YSF/analog,,,,,,2021-07-06
147.16500,147.76500,+,127.3,CSQ,"Marshall",Saline,39.12310028,-93.19689941,WB0WMM,OPEN,On-Air,Analog/analog,,,,,,2016-12-21
147.16500,147.76500,+,162.2,,"Norwood",Wright,37.10900116,-92.41600037,K0DCA,OPEN,On-Air,YSF/analog,,,,,,2015-05-08
147.18000,147.78000,+,136.5,136.5," Buffalo",Dallas,37.64392890,-93.09240930,N0NWS,OPEN,Unknown,Analog/analog,,,,,,2020-08-13
147.18000,147.78000,+,103.5,103.5,"Milan",Sullivan,40.20220184,-93.12519836,AC0OK,OPEN,On-Air,Analog/analog,,,,,,2018-03-23
147.18000,147.78000,+,141.3,141.3,"Washington - Indian Prairie School House",Franklin,38.39899826,-90.93650055,WA0FYA,OPEN,On-Air,YSF/analog,,,,,,2019-12-03
147.19500,147.79500,+,162.2,162.2,"Branson",Taney,36.64369965,-93.21849823,KC0M,OPEN,On-Air,Analog/analog,,,,,,2019-01-02
147.19500,147.79500,+,100.0,,"Kennet",Dunklin,36.23619843,-90.05560303,KC0LAT,OPEN,On-Air,Analog/analog,,,,,,2020-07-03
147.19500,147.79500,+,141.3,,"Potosi",Washington,37.93640137,-90.78790283,N0WNC,OPEN,On-Air,Analog/analog,,,,,,2018-06-11
147.21000,147.81000,+,91.5,91.5,"Joplin",Newton,37.02138200,-94.53996400,W0IN,OPEN,On-Air,YSF/analog,,,,,,2021-04-15
147.21000,147.81000,+,88.5,88.5,"Rolla",Phelps,37.94850159,-91.77149963,W0GS,OPEN,On-Air,Analog/analog,,,,,,2020-04-28
147.21000,147.81000,+,100.0,CSQ,"Sikeston",Scott,36.96239853,-89.55210114,KE0MQF,OPEN,On-Air,P25/analog,1656,834264,,,,2021-11-10
147.22500,147.82500,+,91.5,91.5,"Butler",Bates,38.25859833,-94.33049774,KD0PVP,OPEN,On-Air,Analog/analog,,,,,,2016-12-29
147.22500,147.82500,+,94.8,94.8,"Chillicothe",Livingston,39.73099899,-93.59899902,K0MPT,OPEN,On-Air,Analog/analog,,,,,Wide area,2021-06-05
147.22500,147.82500,+,162.2,162.2,"Springfield - Rayfield Communications Tower",Greene,37.16350174,-93.31980133,W0PM,OPEN,On-Air,Analog/analog,,,,,,2021-03-03
147.22500,147.82500,+,CSQ,CSQ,"St. Louis",St Louis,38.44319916,-90.43370056,N0FLC,OPEN,On-Air,Analog/analog,,,,,,2019-03-31
147.24000,147.84000,+,141.3,141.3,"Washington",Franklin,38.48199844,-91.04409790,WA0FYA,OPEN,On-Air,Analog/analog,,,,,,2019-12-03
147.25500,147.85500,+,162.2,162.2,"Jane - Walmart",McDonald,36.50630188,-94.28089905,N5BVA,OPEN,On-Air,Analog/analog,,,,,,2020-10-01
147.25500,147.85500,+,127.3,127.3,"Mexico - KWWR Backup Tower",Audrain,39.19919968,-91.88289642,AA0RC,OPEN,On-Air,Analog/analog,,296997,,42605,Wide area,2021-06-05
147.27000,147.87000,+,156.7,CSQ,"Bunker",Dent,37.45560074,-91.20960236,KD0IM,OPEN,On-Air,Analog/analog,,,,,,2014-04-03
147.27000,147.87000,+,123.0,123.0,"Eldon",Miller,38.34840012,-92.58159637,N0QVO,OPEN,On-Air,Analog/analog,,,,,,2015-11-23
147.27000,147.87000,+,CSQ,CSQ,"Kansas City",Jackson,39.09970093,-94.57859802,WA0SMG,OPEN,Unknown,Analog/analog,,,,,Wide area,2021-08-19
147.28500,147.88500,+,141.3,,"St. Louis - Washington University",St Louis,38.64879990,-90.31079865,W0QEV,OPEN,On-Air,Analog/analog,,,,,,2018-05-31
147.30000,147.90000,+,,,"Monett",Barry,36.92900085,-93.92769623,K0SQS,OPEN,On-Air,Analog/analog,,,,,,2016-12-27
147.30000,147.90000,+,110.9,110.9,"Viburnum",Iron,37.71530151,-91.13510132,N0WNC,OPEN,On-Air,Analog/analog,,,,,,2018-06-11
147.30000,147.90000,+,100.0,,"Viburnum",Iron,37.71530151,-91.13510132,KD0KIB,OPEN,Off-Air,Analog/analog,,,,,,2019-06-17
147.30000,147.90000,+,,,"Warsaw",Benton,38.17890167,-93.35489655,KD0CNC,OPEN,On-Air,YSF,,,,,,2017-12-31
147.31500,146.71500,-,127.3,,"Fulton",Callaway,38.84669876,-91.94799805,KC0MV,OPEN,Unknown,Analog/analog,,,,,,2021-09-10
147.31500,147.91500,+,,,"Lee's Summit",Jackson,38.90850067,-94.45490265,K0HAM,OPEN,On-Air,YSF,,,,,,2021-07-20
147.31500,147.91500,+,127.3,,"Millersburg",Callaway,38.90416700,-92.05750000,KC0MV,OPEN,On-Air,Analog/analog,,,,,,2021-09-10
147.33000,147.93000,+,100.0,,"Bloomfield - MSHP Tower",Stoddard,36.92559814,-89.89749908,KM0HP,OPEN,On-Air,Analog/analog,,,,,Wide area,2021-06-06
147.33000,147.93000,+,151.4,151.4,"Kansas City - NWS Central Region HQ",Platte,39.27769852,-94.66320038,WA0QFJ,OPEN,On-Air,YSF/analog,,,,,Wide area,2021-04-15
147.33000,147.93000,+,162.2,CSQ,"Walnut Grove",Greene,37.41120148,-93.54959869,AK0C,OPEN,On-Air,Analog/analog,,,,,,2020-07-07
147.33000,147.93000,+,123.0,123.0,"Warrenton - MSHP Tower West of Warrenton",Warren,38.83300018,-91.20330048,WA0EMA,OPEN,On-Air,Analog/analog,,,,,,2021-01-06
147.34500,147.94500,+,,,"Brookfield",Linn,39.78450012,-93.07350159,W0CIT,OPEN,On-Air,Analog/analog,,,,,,2021-06-05
147.34500,147.94500,+,110.9,110.9,"Cuba",Crawford,38.04940033,-91.39459991,KD0JOX,OPEN,Off-Air,Analog/analog,,,,,,2019-03-30
147.34500,147.94500,+,162.2,162.2,"Kimberling City",Stone,36.63339996,-93.41690063,K0EI,OPEN,On-Air,Analog/analog,,,,,,2020-04-14
147.36000,147.96000,+,,,"Boonville",Cooper,38.97359848,-92.74320221,W0BRC,OPEN,On-Air,Analog/analog,,,,,Wide area,2021-06-27
147.36000,147.96000,+,,141.3,"St. Louis - Red Cross - Lindbergh",St Louis,38.68050003,-90.40290070,W0MDG,OPEN,On-Air,Analog/analog,,,,,Wide area,2020-10-27
147.37500,147.97500,+,88.5,88.5,"Grove Springs",Wright,37.42440033,-92.59470367,KC0ROS,OPEN,On-Air,Analog/analog,,,,,,2017-09-19
147.37500,147.97500,+,156.7,156.7,"Lawson",Clay,39.43833923,-94.20410919,K0ESM,OPEN,On-Air,Analog/analog,,,,,Wide area,2021-07-06
147.37500,147.97500,+,100.0,100.0,"Piedmont",Wayne,37.13100052,-90.69100189,K0WCR,OPEN,Off-Air,Analog/analog,,,,,Wide area,2019-03-30
147.39000,147.99000,+,110.9,110.9,"Gainesville",Ozark,36.60309982,-92.42819977,WB0JJJ,OPEN,On-Air,YSF/analog,004,,,,Wide area,2020-06-27
147.39000,147.99000,+,100.0,,"St. Louis - Mercy Hospital",St Louis City,38.64440155,-90.44650269,W0SLW,OPEN,On-Air,Analog/analog,,,,,,2021-02-28
147.39000,147.99000,+,127.3,,"Stover",Morgan,38.39189911,-92.99250031,KB0QWQ,OPEN,Off-Air,Analog/analog,,,,,,2019-04-04
