Output Freq,Input Freq,Offset,Uplink Tone,Downlink Tone,"Location",County,Lat,Long,Call,Use,Op Status,Mode,Digital Access,EchoLink,IRLP,AllStar,Coverage,Last Update
224.10000,222.50000,-,162.2,162.2,"Branson",Taney,36.64369965,-93.21849823,KJ6TQ,OPEN,On-Air,Analog/analog,,443550,,,,2019-09-28
224.20000,222.60000,-,,,"Kansas City - Booth",Jackson,39.07989883,-94.48449707,WB0KIA,OPEN,Unknown,Analog/analog,,,,27078,Wide area,2020-06-17
224.28000,222.68000,-,162.2,162.2,"Clever",Christian,37.03030014,-93.47299957,K0NXA,OPEN,On-Air,Analog/analog,,,,,Wide area,2020-06-18
224.44000,222.84000,-,107.2,,"Sedalia",Pettis,38.85710144,-93.22010040,WB0LRX,OPEN,On-Air,Analog/analog,,,,,Wide area,2019-04-05
224.46000,222.86000,-,151.4,151.4,"Smithville",Clay,39.38690186,-94.58110046,N0NKX,OPEN,Off-Air,Analog/analog,,,,,,2017-10-16
224.52000,222.92000,-,141.3,141.3,"Olivette - Lindbergh and Olive",St Louis,38.67279816,-90.38849640,W0SRC,OPEN,On-Air,Analog/analog,,,,,,2021-07-14
224.58000,222.98000,-,CSQ,CSQ,"Eldon",Miller,38.34840012,-92.58159637,N0GYE,OPEN,On-Air,Analog/analog,,,,,Wide area,2015-11-23
224.66000,223.06000,-,,,"St. Paul",St Charles,38.86140060,-90.74179840,N0EEA,OPEN,On-Air,Analog/analog,,,,,Wide area,2021-05-02
224.88000,223.28000,-,,,"Holden",Johnson,38.71419907,-93.99130249,W0AU,OPEN,On-Air,Analog/analog,,,,,,2021-03-08
224.94000,223.34000,-,162.2,162.2,"Nixa",Christian,37.04357000,-93.30233800,W7RY,OPEN,On-Air,Analog/analog,,,,,,2021-08-12
224.94000,223.34000,-,141.3,,"Pacific - Nike Missile Base Control Center on Signal Hill",Franklin,38.40829849,-90.75440216,WA0FYA,OPEN,On-Air,Analog/analog,,,,,,2018-05-17
224.98000,223.38000,-,141.3,,"St. Louis - Red Cross - Lindbergh",St Louis,38.68050003,-90.40290070,W0MDG,OPEN,On-Air,Analog/analog,,,,,Wide area,2021-05-17
