Output Freq,Input Freq,Offset,Uplink Tone,Downlink Tone,"Location",County,Lat,Long,Call,Use,Op Status,Mode,Digital Access,EchoLink,IRLP,AllStar,Coverage,Last Update
434.40000,434.40000,x,100.0,,"Billings",Yellowstone,45.77640900,-108.53814600,KC9RDS,OPEN,On-Air,Analog,,530358,,516190,,2021-09-19
441.20000,446.20000,+,,,"St. Mary - Hudson Bay Divide",Glacier,48.74390030,-113.43000031,K7JAQ,OPEN,On-Air,Analog/analog,,,,,,2015-07-06
442.00000,447.00000,+,100.0,100.0,"Lewistown",Fergus,47.06819916,-109.44200134,K7VH,OPEN,On-Air,Analog/analog,,,,,,2019-03-06
442.07500,447.07500,+,88.5,,"Bigfork",Flathead,48.06330109,-114.07199860,KA5LXG,OPEN,Off-Air,Analog/analog,,,,,Wide area,2017-10-19
442.20000,442.20000,x,,,"Cut Bank",Glacier,48.63299942,-112.32599640,N5DJ,OPEN,On-Air,Analog/analog,,,,,,2019-05-04
443.00000,448.00000,+,,,"Helena",Lewis and Clark,46.59579849,-112.02700043,K7WES,OPEN,On-Air,Analog/analog,,,,,,2019-05-04
443.30000,448.30000,+,,,"Cut Bank - Airport",Glacier,48.60380173,-112.37599945,W7DPK,OPEN,On-Air,Analog/analog,,,,,,2018-11-11
443.32500,448.32500,+,,,"Cut Bank",Glacier,48.63470078,-112.33100128,K7IQA,OPEN,On-Air,Analog/analog,,,,,,2019-10-01
443.37500,448.37500,+,88.5,,"East Glacier - Mt Baldy",Glacier,48.31859970,-113.15399933,K7HR,OPEN,Unknown,Analog/analog,,,,,,2021-04-18
443.50000,448.50000,+,,,"Scobey",Daniels,48.79249954,-105.41999817,N0PL,OPEN,Off-Air,Analog/analog,,,,,,0000-00-00
443.77500,448.77500,+,100.0,100.0,"Whitefish",Flathead,48.36146310,-114.33142300,WA7VNP,OPEN,On-Air,Analog/analog,,,,,,2021-08-22
443.80000,448.80000,+,100.0,100.0,"Eureka - Black Butte Mountain",Lincoln,48.88000107,-115.05200195,WR7DW,OPEN,On-Air,YSF,,,,,,2020-03-26
444.00000,439.00000,-,100.0,,"Lincoln - Herrin Lake",Lewis and Clark,46.92364210,-112.69333340,K7MS,OPEN,On-Air,Analog/analog,,,,,,2021-09-28
444.00000,449.00000,+,,,"Plentywood",Sheridan,48.77610016,-104.55899811,KB7QWG,OPEN,On-Air,Analog/analog,,,,,,2019-05-05
444.10000,449.10000,+,,,"Dillon - Badger Pass",Beaverhead,45.21408200,-112.94130200,WR7HLN,OPEN,On-Air,DMR,2,,,,,2020-11-01
444.10000,449.10000,+,131.8,131.8,"Helena - MacDonald Pass",Lewis and Clark,46.59555700,-112.29872800,WR7HLN,OPEN,On-Air,DMR/analog,1,111730,,,,2021-01-31
444.20000,449.20000,+,,,"Taft - Lookout Pass",Mineral,47.45657900,-115.64690300,WR7HLN,OPEN,On-Air,DMR,2,,,,,2020-11-01
444.22500,449.22500,+,88.5,,"Libby - Blue Mountain",Lincoln,48.51499939,-115.43800354,W7YAK,OPEN,On-Air,Analog/analog,,,,,,2021-11-16
444.25000,449.25000,+,100.0,100.0,"Eureka - Pinkham Mountain",Lincoln,48.88000107,-115.05200195,WR7DW,OPEN,On-Air,Analog/analog,,,,,,2020-02-04
444.32500,449.32500,+,,,"Big Fork",Flathead,48.06100082,-114.07199860,NE7AL,OPEN,On-Air,DMR,1,,,,,2020-02-27
444.35000,449.35000,+,D051,,"Great Falls - Gore Hill",Cascade,47.48640060,-111.34700012,W7ECA,OPEN,On-Air,Analog/analog,,,,,,2019-11-22
444.35000,449.35000,+,,100.0,"Libby",Lincoln,48.38830185,-115.55500031,KB7SQE,OPEN,On-Air,Analog/analog,,,3056,,,2017-04-06
444.42500,444.42500,x,,,"Cut Bank",Glacier,48.63299942,-112.32599640,N5DJ,OPEN,On-Air,Analog/analog,,,,,,2019-05-04
444.50000,449.50000,+,,,"Sidney",Richland,47.71670151,-104.15599823,W7DXQ,OPEN,Off-Air,Analog/analog,,,,,,0000-00-00
444.55000,449.55000,+,,,"Dixon",Sanders,47.31669998,-114.31300354,K7KTR,OPEN,Off-Air,Analog/analog,,,,,,0000-00-00
444.60000,449.60000,+,100.0,,"Big Timber",Sweet Grass,45.83330154,-109.94999695,NU7Q,OPEN,On-Air,Analog/analog,,,,,,2019-05-04
444.60000,449.60000,+,,,"Plentywood",Sheridan,48.77610016,-104.55899811,KB7QWG,OPEN,On-Air,Analog/analog,,,,,,2019-05-05
444.65000,449.65000,+,100.0,,"Olney - Werner Peak",Flathead,48.57720184,-114.43299866,WR7DW,OPEN,On-Air,Analog/analog,,,,,,2021-11-16
444.70000,449.70000,+,,,"Havre",Hill,48.54999924,-109.68399811,W7HAV,OPEN,On-Air,Analog/analog,,,,,,2019-05-04
444.72500,449.72500,+,,,"Eureka - Black Butte Mountain",Lincoln,48.86440000,-115.12490000,W7JFO,OPEN,On-Air,DMR,6,,,,,2020-07-13
444.80000,449.80000,+,88.5,,"Missoula -  Point Six",Missoula,46.87220001,-113.99299622,W7PX,OPEN,Off-Air,Analog/analog,,,,,,0000-00-00
444.82500,449.82500,+,100.0,,"Libby",Lincoln,48.38830185,-115.55500031,KB7SQE,OPEN,On-Air,Analog/analog,,,,,,2019-04-19
444.85000,449.85000,+,,,"Boulder - Depot Hill",Jefferson,46.24850082,-112.13899994,NW7RG,OPEN,On-Air,YSF/analog,1,,,,,2019-12-08
444.92500,449.92500,+,123.0,,"Big Fork",Flathead,48.09190000,-114.01340000,NE7AL,OPEN,On-Air,Analog/analog,,,7362,,,2020-07-13
444.95000,449.95000,+,,,"Miles City",Custer,46.40829849,-105.83999634,K7RNS,OPEN,Off-Air,Analog/analog,,,,,,2019-10-01
446.80000,441.80000,-,,,"Anaconda",Deer Lodge,46.13010025,-112.97399902,KA7NBR,OPEN,On-Air,Analog/analog,,,,,,2019-05-04
447.00000,442.00000,-,162.2,,"Bozeman -  Deaconess Hosp",Gallatin,45.66999817,-111.01999664,KL7JGS,OPEN,On-Air,Analog/analog,,,,,,2015-08-10
447.12500,442.12500,s,100.0,,"Havre - Cement Hill",Hill,48.49440002,-109.71199799,W7HAV,OPEN,On-Air,Analog/analog,,,,,,2019-05-04
447.50000,442.50000,-,203.5,,"Stevensville",Ravalli,46.50889969,-113.97799683,W7FTX,OPEN,Off-Air,Analog/analog,,,,,,0000-00-00
447.50000,442.50000,-,100.0,,"West Glacier - West Entrance to Glacier National Park",Flathead,48.29000092,-113.58000183,W7YP,OPEN,Off-Air,YSF,,990395,7839,,,2018-04-30
447.70000,442.70000,-,77.0,77.0,"Bozeman -  MSU",Gallatin,45.66699982,-111.05400085,KI7XF,OPEN,On-Air,Analog/analog,,,,,,2019-01-10
448.00000,443.00000,-,,,"Baker",Fallon,46.36721280,-104.26450610,KJ7QMT,OPEN,On-Air,DMR,1,,,,,2021-09-13
448.35000,443.35000,-,100.0,100.0,"Bozeman",Gallatin,45.68349838,-111.05000305,KB7KB,OPEN,On-Air,Analog/analog,,,3692,,,2015-08-06
448.35000,443.35000,-,,,"Three Forks",Gallatin,45.89250183,-111.55100250,KB7KB,OPEN,Off-Air,Analog/analog,,,,,,0000-00-00
448.45000,443.45000,-,67.0,,"Kalispell",Flathead,45.77610016,-111.17600250,N7LT,OPEN,Off-Air,Analog/analog,,,,,,2013-09-06
448.85000,443.85000,-,100.0,,"Belgrade",Gallatin,45.77610016,-111.17600250,WB7USV,OPEN,Off-Air,Analog/analog,,,,,,0000-00-00
448.90000,443.90000,-,131.8,131.8,"Helena - North Hills",Lewis and Clark,46.77055700,-112.02921100,WR7HLN,OPEN,On-Air,DMR/analog,1,528525,,,,2020-11-01
448.90000,443.90000,-,,,"Missoula - University Mountain",Missoula,46.85593400,-113.92267400,WR7HLN,OPEN,On-Air,DMR,1,,,,,2020-11-15
449.00000,444.00000,-,,,"Billings",Yellowstone,45.78329849,-108.50099945,K7EFA,OPEN,On-Air,DStar,,,,,,2019-05-04
449.07500,444.07500,-,123.0,,"Plains - Pats Knob",Sanders,47.46020126,-114.88300323,W7GET,OPEN,On-Air,Analog/analog,,,,,Wide area,2019-05-04
449.20000,444.20000,-,131.8,131.8,"Boulder - Boulder Hill",Jefferson,46.33093900,-112.10552100,WR7HLN,OPEN,On-Air,DMR/analog,1,449200,,,,2021-04-18
449.20000,444.20000,-,,,"Great Falls - Black Horse Ridge",Cascade,47.59556500,-111.33968040,WR7HLN,OPEN,On-Air,DMR,2,,,,,2021-04-10
449.25000,444.25000,-,100.0,,"Billings",Yellowstone,45.78329849,-108.50099945,W7JDX,OPEN,On-Air,Analog/analog,,,,,,2018-01-08
449.30000,444.30000,-,,,"Toston - Lombard Mountain",Broadwater,46.11685200,-111.38092300,WR7HLN,OPEN,On-Air,DMR,1,,,,,2020-11-01
449.40000,444.40000,-,131.8,,"Butte",Silver Bow,46.00379944,-112.53500366,KB8ML,OPEN,On-Air,Analog/analog,,355351,,,,2019-05-05
449.50000,444.50000,-,,,"Great Falls",Cascade,47.50529861,-111.30100250,,OPEN,On-Air,YSF,,,,,Wide area,2019-05-29
449.75000,444.75000,-,,,"Billings",Yellowstone,45.78329849,-108.50099945,N7VR,OPEN,Off-Air,Analog/analog,,,,,,2019-05-11
449.77500,444.77500,-,,,"Dillon",Beaverhead,45.21580124,-112.63400269,K7IMM,OPEN,On-Air,Analog/analog,,,,,,2019-10-01
449.80000,444.80000,-,100.0,,"Billings",Yellowstone,45.78329849,-108.50099945,KA7MHP,OPEN,On-Air,Analog/analog,,,,,,2019-05-04
449.90000,444.90000,-,100.0,,"Bozeman -  High Flats",Gallatin,45.67969894,-111.03800201,KL7JGS,OPEN,On-Air,Analog/analog,,207198,,,,2020-06-27
449.90000,444.90000,-,100.0,100.0,"Red Lodge - Palisades Peak, Radio Sites Red Lodge Mountain",Carbon,45.18579865,-109.24600220,KE7FEL,OPEN,On-Air,Analog/analog,,,,,Wide area,2016-11-19
