Output Freq,Input Freq,Offset,Uplink Tone,Downlink Tone,"Location",County,Lat,Long,Call,Use,Op Status,Mode,Digital Access,EchoLink,IRLP,AllStar,Coverage,Last Update
144.50000,147.50000,s,107.2,,"Butte",Silver Bow,46.00389862,-112.53399658,,OPEN,On-Air,Analog/analog,,,,,,2019-05-04
145.01000,145.01000,x,PKT,,"Bozeman ",Gallatin,45.68349838,-111.05000305,KD7TQM,OPEN,On-Air,Analog/analog,,,,,,2019-10-01
145.23000,144.63000,-,123.0,,"Great Falls - 1708 6 St NW",Cascade,47.52159882,-111.32499695,AG7AD,OPEN,On-Air,Analog/analog,,,,,,2019-03-09
145.27000,144.67000,-,100.0,,"Whitefish - Big Mountain",Flathead,48.50640106,-114.34700012,KO8N,OPEN,On-Air,Analog/analog,,,,,Wide area,2016-01-26
145.31000,144.71000,-,100.0,100.0,"Libby - Meadow Peak",Lincoln,48.07960129,-114.98799896,AG7FF,OPEN,On-Air,Analog/analog,,,,,Wide area,2019-11-22
145.33000,144.73000,-,123.0,,"Noxon - Green Mountain",Sanders,47.99610138,-115.78099823,KD7OCP,OPEN,On-Air,Analog/analog,,,,,,2019-10-28
145.35000,144.75000,-,100.0,,"Polson",Lake,47.69359970,-114.16200256,W7CMA,OPEN,On-Air,Analog/analog,,,,,Wide area,0000-00-00
145.39000,144.79000,-,100.0,100.0,"Eureka - Black Butte",Lincoln,48.79000092,-115.10700226,WR7DW,OPEN,On-Air,Analog/analog,,,,,,2020-10-01
145.41000,144.81000,-,100.0,,"Roundup - Bull Mountain",Musselshell,46.23519897,-108.50299835,K7EFA,OPEN,On-Air,Analog/analog,,,,,,2021-10-15
145.43000,144.83000,-,100.0,,"Eureka - Sams Hill",Lincoln,48.90011800,-115.02338800,K7EUR,OPEN,On-Air,Analog/analog,,,,,Wide area,2020-11-01
145.43000,144.83000,-,,,"St Ignatius",Lake,47.31999969,-114.09300232,KD7YAC,OPEN,Off-Air,Analog/analog,,,,,,0000-00-00
145.45000,144.85000,-,100.0,,"Helena - Hogback Mountain",Lewis and Clark,46.82640076,-111.70899963,W7MRI,OPEN,On-Air,Analog/analog,,,,,Wide area,2019-05-04
146.40000,146.40000,x,118.8,,"Kalispell",Flathead,48.21247864,-114.44587708,KD0CST,OPEN,On-Air,Analog,,,7884,,,2021-10-22
146.58000,146.58000,x,100.0,,"Eureka",Lincoln,48.89525690,-115.06071900,KC7CUE,OPEN,On-Air,Analog,,,3363,,,2020-11-02
146.62000,146.02000,-,100.0,,"Eureka - Pinkham Mountain",Lincoln,48.64289474,-115.09167480,WR7DW,OPEN,On-Air,Analog/analog,,,,,Wide area,2020-02-04
146.64000,146.04000,-,100.0,,"Big Timber",Sweet Grass,45.75000000,-109.95500183,NU7Q,OPEN,On-Air,Analog/analog,,7123,,,,2020-07-05
146.64000,146.04000,-,100.0,,"Plains - Pats Knob",Sanders,47.46020126,-114.88300323,W7GET,OPEN,On-Air,Analog/analog,,,,41474,Wide area,2019-05-04
146.64000,146.04000,-,100.0,,"Sunburst - Mount Royal",Liberty,48.85469818,-111.13999939,W7SWT,OPEN,On-Air,Analog/analog,,,,,Wide area,2019-07-06
146.66000,146.06000,-,88.5,,"Stevensville",Ravalli,46.50999832,-114.09200287,KE7WR,OPEN,On-Air,Analog/analog,,,,,,2019-10-01
146.68000,146.08000,-,100.0,,"Great Falls",Cascade,47.53369904,-111.30999756,AA7GS,OPEN,On-Air,Analog/analog,,,,,,2019-11-22
146.68000,146.08000,-,100.0,,"Thompson Falls - Clarks Peak South of Thompaon Falls",Sanders,47.32320023,-115.18399811,W1KGK,OPEN,On-Air,Analog/analog,,,,,,2019-05-04
146.70000,146.10000,-,162.2,162.2,"Boulder - Depot Hill",Jefferson,46.24850082,-112.13899994,KC7MRQ,OPEN,On-Air,Analog/analog,,274865,7068,29115,,2019-09-18
146.70000,146.10000,-,103.5,,"East Glacier - Mt Baldy",Glacier,48.31859970,-113.15399933,K7HR,OPEN,Unknown,Analog/analog,,,,,,2021-04-18
146.72000,146.12000,-,203.5,,"Hamilton",Ravalli,46.24689865,-114.15899658,W7FTX,OPEN,On-Air,Analog/analog,,,,,,2016-05-04
146.74000,146.14000,-,100.0,,"Great Falls - Highwood Baldy Mountain",Chouteau,47.44250107,-110.62999725,W7ECA,OPEN,On-Air,Analog/analog,,37656,,,Wide area,2019-11-22
146.76000,146.16000,-,107.2,107.2,"Dillon",Beaverhead,45.21640015,-112.63700104,N7AFS,OPEN,On-Air,Analog/analog,,,,,,2019-10-28
146.76000,146.16000,-,100.0,,"Glendive",Dawson,47.10530090,-104.71199799,W7DXQ,OPEN,On-Air,Analog/analog,,,,,Wide area,2019-05-04
146.76000,146.16000,-,100.0,,"Lakeside - Blacktail Mountain",Flathead,48.01079941,-114.36299896,K7LYY,OPEN,On-Air,Analog/analog,,,,,,2017-10-19
146.79000,146.19000,-,,,"Zortman",Phillips,47.91780090,-108.52600098,W7HAV,OPEN,On-Air,Analog/analog,,,,,,2021-02-21
146.80000,146.20000,-,100.0,100.0,"Great Falls",Cascade,47.30199814,-111.19400024,K7GDM,OPEN,On-Air,DMR,2,129650,,,Wide area,2020-06-16
146.82000,146.22000,-,82.5,,"Big Sky",Gallatin,45.28469849,-111.36799622,W7LR,OPEN,On-Air,Analog/analog,,,,,,2019-07-29
146.82000,146.22000,-,88.5,,"Libby - Blue Mountain Lookout",Lincoln,48.48699951,-115.51100159,W7YAK/BL,OPEN,On-Air,Analog/analog,,,,,,2020-08-03
146.82000,146.22000,-,100.0,,"St. Mary - Hudson Bay Divide",Glacier,48.74390030,-113.43000031,K7JAQ,OPEN,On-Air,Analog/analog,,,,,,2014-02-15
146.84000,146.24000,-,100.0,,"Glasgow",Valley,48.19319916,-106.63500214,WX7GGW,OPEN,On-Air,Analog/analog,,,,,,2017-06-09
146.84000,146.24000,-,100.0,,"Libby - King Mountain",Lincoln,48.48720169,-115.79299927,K7LBY,OPEN,On-Air,Analog/analog,,,,,,2018-10-14
146.85000,146.25000,-,146.2,,"Helena -  Hogback Mountain",Lewis and Clark,46.82640076,-111.70899963,W7CK,OPEN,On-Air,Analog/analog,,,,,,2019-05-04
146.86000,146.26000,-,100.0,,"Lakeside - Blacktail Mountain",Flathead,48.01079941,-114.36399841,W7ZKA,OPEN,On-Air,Analog/analog,,,,,,2019-05-04
146.88000,146.28000,-,100.0,100.0,"Bozeman - Bridger Bowl",Gallatin,45.81719971,-110.89600372,W7YB,OPEN,On-Air,Analog/analog,,,,,Wide area,2020-07-05
146.90000,146.30000,-,,,"Colstrip -  Little Wolf Mountain",Big Horn,45.84249878,-106.91000366,KC7KCF,OPEN,Off-Air,Analog/analog,,,,,,0000-00-00
146.90000,146.30000,-,88.5,,"Missoula -  Point Six",Missoula,46.87220001,-113.99299622,W7PX,OPEN,Off-Air,Analog/analog,,,,,Wide area,0000-00-00
146.91000,146.31000,-,100.0,,"Havre",Hill,48.33390045,-109.44000244,KC7NV,OPEN,On-Air,Analog/analog,,,,,,2019-07-06
146.92000,146.32000,-,,,"Miles City",Custer,46.40829849,-105.83999634,K7HWK,OPEN,On-Air,Analog/analog,,,,,,2019-10-01
146.94000,146.34000,-,100.0,,"Butte",Silver Bow,46.00389862,-112.53399658,W7ROE,OPEN,On-Air,Analog/analog,,,,,Wide area,2014-03-14
146.96000,146.36000,-,100.0,100.0,"Lewistown - Judith Peak. ",Fergus,47.06819916,-109.44200134,K7VH,OPEN,On-Air,Analog/analog,,,,,,2019-03-06
146.96000,146.36000,-,88.5,,"Superior - Thompson Peek",Mineral,47.16730118,-114.91899872,W7PX,OPEN,On-Air,Analog/analog,,,,,,2015-11-19
146.98000,146.38000,-,100.0,CSQ,"Havre - Havre Air Base",Hill,48.86249924,-110.00499725,W7HAV,OPEN,On-Air,Analog/analog,,,,,,2017-07-16
147.00000,147.60000,+,,,"Missoula -  University Mountain",Missoula,46.85219955,-113.93399811,NZ7S,OPEN,On-Air,Analog/analog,,,,,,2016-08-19
147.00000,147.60000,+,100.0,,"Red Lodge - Grizzly Peak Mtn",Carbon,45.17860031,-109.35600281,WB7RIS,OPEN,On-Air,Analog/analog,,,,,Wide area,2015-10-15
147.00000,147.60000,+,100.0,,"Yaak",Lincoln,48.83300018,-115.70899963,N3AAW,OPEN,Unknown,Analog/analog,,,,,,2021-11-16
147.02000,147.62000,+,107.2,,"Butte",Silver Bow,46.00389862,-112.53399658,W7VNE,OPEN,On-Air,Analog/analog,,,,,,2019-05-04
147.02000,147.62000,+,,,"Saltese -  Lookout Pass",Mineral,47.45560074,-115.69599915,K7HPT,OPEN,On-Air,Analog/analog,,,,,,2019-05-04
147.04000,147.64000,+,,,"Missoula - Point Six",Missoula,46.87220001,-113.99299622,W7PX,OPEN,Off-Air,Analog/analog,,,,,Wide area,0000-00-00
147.06000,147.66000,+,100.0,,"Baker - Bracket Butte",Fallon,46.27065000,-104.22574000,KJ7ZWR,OPEN,On-Air,Analog/analog,,,,,,2021-11-10
147.08000,147.68000,+,107.2,,"Anaconda",Deer Lodge,46.13169861,-112.95099640,K0PP,OPEN,On-Air,Analog/analog,,,,,,2017-09-07
147.08000,147.68000,+,,,"Billings",Yellowstone,45.99140167,-107.95099640,WR7MT,OPEN,On-Air,Analog/analog,,,,,,2019-05-04
147.10000,147.70000,+,100.0,,"Billings",Yellowstone,45.78329849,-108.50099945,N7YHE,OPEN,On-Air,Analog/analog,,462231,,,,2016-04-19
147.10000,147.70000,+,,,"Helena - Mac Donald Pass",Lewis and Clark,46.59463200,-112.29901300,WR7HLN,OPEN,On-Air,DMR,1,,,,,2020-11-01
147.10000,147.70000,+,,,"Whitetail",Daniels,48.89500046,-105.16300201,W7WZW,OPEN,On-Air,Analog/analog,,,,,,2019-05-04
147.12000,147.72000,+,100.0,,"Great Falls - Porphyry Peak",Meagher,46.83810043,-110.71700287,W7ECA,OPEN,On-Air,Analog/analog,,110928,,,Wide area,2020-07-13
147.12000,147.72000,+,103.5,,"Missoula - Point Six",Missoula,47.02259827,-113.59100342,W1KGK,OPEN,On-Air,Analog/analog,,,,,,2019-05-04
147.14000,147.74000,+,100.0,100.0,"Great Falls",Cascade,47.50809860,-111.29499817,AE7HW,OPEN,On-Air,Analog/analog,,,,,,2020-11-02
147.14000,147.74000,+,103.5,,"Plains",Sanders,47.46030045,-114.88200378,K7KTR,OPEN,On-Air,Analog/analog,,44014,,,,2008-06-15
147.15000,147.75000,+,,,"Lewistown",Fergus,47.06250000,-109.42700195,W7YM,OPEN,On-Air,Analog/analog,,,,,,2019-05-05
147.16000,147.76000,+,100.0,,"Fallon",Prairie,46.83560181,-105.11900330,K7HWK,OPEN,Unknown,Analog/analog,,,,,,2020-04-21
147.18000,147.78000,+,100.0,,"Blacktail Mountain",Flathead,48.01079941,-114.36399841,K7LYY,OPEN,On-Air,Analog/analog,,,,,,2019-05-04
147.18000,147.78000,+,100.0,,"Bozeman",Gallatin,45.67969894,-111.03800201,WR7MT,OPEN,On-Air,Analog/analog,,,,,Wide area,2019-05-04
147.18000,147.78000,+,123.0,,"Pompeys Pillar",Yellowstone,45.99140167,-107.95099640,KF7FW,OPEN,On-Air,Analog/analog,,,,,,2016-08-20
147.20000,147.80000,+,100.0,,"Forsyth",Rosebud,46.26639938,-106.67700195,KC7BOB,OPEN,On-Air,Analog/analog,,104664,,,,2016-04-12
147.20000,147.80000,+,100.0,,"Red Lodge",Carbon,45.78329849,-108.50099945,N7YHE,OPEN,On-Air,Analog/analog,,104664,,,,2017-08-20
147.22000,147.82000,+,100.0,100.0,"Helena - Mount Belmont",Lewis and Clark,46.74810028,-112.33100128,N7RB,OPEN,On-Air,Analog/analog,,,,,,2021-09-18
147.22000,147.82000,+,100.0,,"Kalispell - Blacktail Mountain",Flathead,48.01096300,-114.36333000,N7LT,OPEN,On-Air,Analog/analog,,,,,,2021-11-16
147.24000,147.84000,+,100.0,100.0,"Billings ",Yellowstone,45.78329849,-108.50099945,K7EFA,OPEN,On-Air,Analog/analog,,,,,,2019-05-04
147.24000,147.84000,+,,,"Great Falls",Cascade,47.49420166,-111.28299713,AA7GS,OPEN,On-Air,YSF,,,21184,,,2020-11-02
147.26000,147.86000,+,107.2,,"Fairfield",Teton,47.61470032,-111.98000336,W7ECA,OPEN,On-Air,Analog/analog,,,,,Wide area,2020-10-01
147.26000,147.86000,+,100.0,,"Olney - Werner Peak",Flathead,48.57720184,-114.43299866,WR7DW,OPEN,On-Air,Analog/analog,,,,,,2018-07-13
147.28000,147.88000,+,100.0,,"Greycliff",Sweet Grass,45.88999939,-109.86799622,WR7MT,OPEN,On-Air,Analog/analog,,,,,Wide area,2019-05-04
147.30000,147.90000,+,100.0,,"Billings",Yellowstone,45.78329849,-108.50000000,K7EFA,OPEN,On-Air,Analog/analog,,,,,,2019-05-04
147.30000,147.30000,x,,,"Cut Bank",Glacier,48.63299942,-112.32599640,N5DJ,OPEN,On-Air,Analog/analog,,,,,,2019-05-04
147.30000,147.90000,+,,,"Great Falls - Gore Hill",Cascade,47.48640060,-111.34700012,W7ECA,OPEN,On-Air,Analog/analog,,,,,,2019-05-04
147.30000,147.90000,+,,,"Plentywood",Sheridan,48.77470016,-104.56199646,KB7QWG,OPEN,On-Air,Analog/analog,,,,,,2018-07-13
147.32000,147.32000,x,100.0,,"Eureka - Virginia Hill",Lincoln,48.80413900,-115.10516500,WR7DW,OPEN,On-Air,Analog/analog,,,3303,,,2021-11-16
147.32000,147.92000,+,,,"Helena",Lewis and Clark,46.59280014,-112.03500366,W7MRI,OPEN,On-Air,Analog/analog,,,,,,2019-05-04
147.34000,147.94000,+,100.0,,"Eureka - Pinkham Mountain",Lincoln,48.64339100,-115.09177800,K7EUR,OPEN,On-Air,Analog/analog,,,,,,2020-11-01
147.36000,147.96000,+,100.0,,"Billings - Red Lodge Mountain",Carbon,45.19029999,-109.34999847,K7EFA,OPEN,On-Air,Analog/analog,,,,,Wide area,2019-05-04
147.36000,147.96000,+,100.0,,"Great Falls",Cascade,47.50019836,-111.30100250,W7GMC,OPEN,On-Air,Analog/analog,,425518,5670,,,2015-08-22
147.36000,147.96000,+,103.5,103.5,"Plains - In Town",Sanders,47.46020126,-114.88300323,W1KGK,OPEN,On-Air,Analog/analog,,911157,,40419,,2021-08-22
147.36000,147.96000,+,146.2,,"Stevensville",Ravalli,46.52846400,-113.97424900,KK7GV,OPEN,On-Air,Analog/analog,,,,,,2021-06-27
147.38000,147.98000,+,,,"Sidney",Richland,47.71670151,-104.15599823,W7DXQ,OPEN,On-Air,Analog/analog,,,,,,2019-05-04
147.38000,147.98000,+,100.0,,"Three Forks - Round Spring",Jefferson,45.86059952,-111.83399963,WR7MT,OPEN,On-Air,Analog/analog,,,,,Wide area,2019-05-04
147.38000,147.98000,+,,,"Whitefish -  Sandy Hill",Flathead,48.41109848,-114.33699799,K7LYY,OPEN,On-Air,Analog/analog,,,,,,2016-11-14
