Output Freq,Input Freq,Offset,Uplink Tone,Downlink Tone,"Location",County,Lat,Long,Call,Use,Op Status,Mode,Digital Access,EchoLink,IRLP,AllStar,Coverage,Last Update
223.76000,222.16000,-,192.8,,"Manhattan",New York,40.77799988,-73.99400330,WR2MSN,CLOSED,On-Air,Analog/analog,,,,,,0000-00-00
223.80000,222.20000,-,107.2,,"Harriman",Orange,41.30830002,-74.14499664,N2SF,OPEN,On-Air,Analog/analog,,,,,Wide area,2020-07-19
223.82000,222.22000,-,114.8,114.8,"Pomona",Rockland,41.16690063,-74.04360199,N2ACF,OPEN,On-Air,Analog/analog,,,,,,2017-07-31
223.84000,222.24000,-,141.3,,"Staten Island - Todt Hill",Richmond,40.58330154,-74.15000153,W2RJR,OPEN,On-Air,Analog/analog,,168188,,42702,,2021-10-20
223.86000,222.26000,-,110.9,110.9,"West Islip",Suffolk,40.70610046,-73.30670166,W2GSB,OPEN,On-Air,Analog/analog,,8289,7737,,,2011-06-10
223.90000,222.30000,-,141.3,141.3,"Manhattan",New York,40.72800064,-73.99400330,KB2TM,OPEN,On-Air,Analog/analog,,,,,,2011-06-04
223.92000,222.32000,-,100.0,,"Beacon -  Mt Beacon",Dutchess,41.48880005,-73.94750214,W2GIO,OPEN,On-Air,Analog/analog,,,,,,2016-05-13
223.94000,222.34000,-,107.2,,"Manhattan -  Rockefeller Center",New York,40.75880051,-73.97930145,WA2ZLB,OPEN,On-Air,Analog/analog,,,,,,2011-02-22
223.96000,222.36000,-,100.0,,"Schenevus",Otsego,42.54890060,-74.82140350,KC2AWM,OPEN,On-Air,Analog/analog,,,,,,0000-00-00
223.98000,222.38000,-,100.0,,"Elmira",Chemung,42.04919815,-76.83809662,NR2P,OPEN,Unknown,Analog/analog,,,,,Wide area,2020-09-21
223.98000,222.38000,-,141.3,,"Manhattan",New York,40.72800064,-73.99400330,KB2PRV,OPEN,On-Air,Analog/analog,,,,,,0000-00-00
224.00000,222.40000,-,79.7,,"Mahopac",Putnam,41.37220001,-73.73390198,K2HR,OPEN,On-Air,Analog/analog,,,,,,2015-04-14
224.02000,222.42000,-,136.5,,"Carmel",Putnam,41.43000031,-73.68060303,KC2CWT,OPEN,On-Air,Analog/analog,,168441,4513,,,2013-05-04
224.02000,222.42000,-,123.0,,"Lyon Mountain",Clinton,44.72480011,-73.91149902,WA2LRE,OPEN,On-Air,Analog/analog,,,,,,2016-04-19
224.02000,222.42000,-,123.0,,"Peru",Albany,44.57839966,-73.52680206,NV2M,OPEN,Off-Air,Analog/analog,,,,,,2015-03-02
224.02000,222.42000,-,110.9,110.9,"Rush/East Avon - Watts Electronics",Monroe,42.96799850,-77.68250275,N2YCK ,OPEN,On-Air,Analog/analog,,,,,Wide area,2019-06-13
224.08000,222.48000,-,114.8,,"Yonkers",Westchester,40.93859863,-73.89669800,N2PAL,OPEN,On-Air,Analog/analog,,,,,,2016-09-17
224.10000,222.50000,-,141.3,141.3,"Staten Island - Grymes Hill",Richmond,40.57949829,-74.15019989,KC2GOW,OPEN,On-Air,Analog/analog,,103542,,,Wide area,2017-02-12
224.12000,222.52000,-,131.8,,"North Babylon",Suffolk,40.71640015,-73.32219696,KB2UR,OPEN,On-Air,Analog/analog,,,,,,0000-00-00
224.12000,222.52000,-,103.5,103.5,"Syracuse",Onondaga,43.04809952,-76.14779663,KD2SL,OPEN,On-Air,Analog/analog,,,,,,2020-09-19
224.14000,222.54000,-,100.0,,"Albany",Albany,42.65250015,-73.75669861,K2AD,OPEN,Unknown,Analog/analog,,,,,Wide area,2015-05-12
224.18000,222.58000,-,114.8,,"Queens",Queens,40.72819901,-73.79489899,KB2NYC ,OPEN,On-Air,Analog/analog,,,,,,2018-07-18
224.20000,222.60000,-,88.5,,"Delevan",Cattaraugus,42.48920059,-78.48110199,WB2JPQ,OPEN,On-Air,Analog/analog,,,,,,2017-06-07
224.22000,222.62000,-,,,"Elmira - Harris Hill",Chemung,42.00699997,-76.82160187,WB2VPY,OPEN,On-Air,Analog/analog,,,,,,2020-09-18
224.26000,222.66000,-,110.9,110.9,"Stanley",Ontario,42.82490158,-77.09590149,W2ACC,OPEN,On-Air,Analog/analog,,,,,,2017-02-09
224.28000,222.68000,-,,,"Martindale - Forest Lake",Columbia,42.20700073,-73.63179779,K2RVW,OPEN,On-Air,Analog/analog,,,,,,2015-06-02
224.30000,222.70000,-,114.8,,"Armonk - Kensico Reservoir",Westchester,41.12649918,-73.71399689,W2TWY,OPEN,On-Air,Analog/analog,,,,,,2015-03-03
224.34000,222.74000,-,136.5,,"Brooklyn Heights",Kings,40.69530106,-73.99420166,N2ROW,OPEN,Unknown,Analog/analog,,,,,,2021-01-13
224.34000,222.74000,-,136.5,,"Manhattan",New York,40.72800064,-73.99400330,N2SMI,OPEN,On-Air,Analog/analog,,,,,,2020-11-03
224.38000,222.78000,-,114.8,,"Orangetown",Rockland,41.09059906,-73.91829681,WA2MLG,OPEN,On-Air,Analog/analog,,,,,,0000-00-00
224.40000,222.80000,-,114.8,,"Valhalla",Westchester,41.07469940,-73.77559662,WB2ZII,OPEN,On-Air,Analog/analog,,,,,,0000-00-00
224.42000,222.82000,-,,,"Troy",Rensselaer,42.73249817,-73.68139648,W2SZ,OPEN,On-Air,Analog/analog,,,,,,2018-11-17
224.44000,222.84000,-,74.4,,"White Plains",Westchester,41.03400040,-73.76290131,NY4Z,OPEN,On-Air,Analog/analog,,,,,,2015-06-11
224.46000,222.86000,-,141.3,,"Queens - Kew Gardens",Queens,40.71394150,-73.83074200,N2XBA,OPEN,On-Air,Analog/analog,,1,,,,2021-01-13
224.46000,222.86000,-,110.9,,"South Bristol",Ontario,42.72969818,-77.39939880,NR2M,OPEN,On-Air,Analog/analog,,,,,,0000-00-00
224.47000,222.87000,-,82.5,,"Clyde",Albany,42.98759842,-76.93669891,KA2NDW,OPEN,On-Air,Analog/analog,,,,42596,,2018-06-01
224.48000,222.88000,-,88.5,,"Vestal",Broome,42.08499908,-76.05419922,AA2EQ,OPEN,On-Air,Analog/analog,,,,,,2014-08-02
224.54000,222.94000,-,136.5,,"East Rockaway",Nassau,40.64189911,-73.66999817,WA2YUD,OPEN,On-Air,Analog/analog,,,4741,,,0000-00-00
224.54000,222.94000,-,156.7,,"Middletown",Orange,41.44580078,-74.42330170,WR2MSN,OPEN,On-Air,Analog/analog,,,,,Wide area,0000-00-00
224.56000,222.96000,-,136.5,,"Dix Hills",Suffolk,40.80469894,-73.33670044,W2RGM,OPEN,On-Air,Analog/analog,,,,,Wide area,2021-01-03
224.56000,226.16000,+,88.5,,"Lackawanna",Erie,42.82559967,-78.82360077,WB2JPQ,OPEN,On-Air,Analog/analog,,,,,,2012-09-26
224.58000,222.98000,-,,,"Bronx",Bronx,40.84999847,-73.86669922,WB2KVO,OPEN,On-Air,Analog/analog,,,,,,0000-00-00
224.58000,222.98000,-,110.9,,"Rochester",Monroe,43.15470123,-77.61579895,N2HJD,OPEN,On-Air,Analog/analog,,,,,,0000-00-00
224.60000,223.00000,-,100.0,,"Brooklyn",Kings,40.65000153,-73.94999695,KA2VJD,OPEN,On-Air,Analog/analog,,,,,,2019-12-22
224.60000,223.00000,-,,,"Cragsmoor",Ulster,41.67330170,-74.38580322,N2ETY,OPEN,Unknown,Analog/analog,,,,,,2016-05-22
224.60000,223.00000,-,,,"East Hampton",Suffolk,40.96329880,-72.18530273,W2HLI,OPEN,On-Air,Analog/analog,,,,,,0000-00-00
224.62000,223.02000,-,,,"Smithtown",Suffolk,40.85580063,-73.20110321,W2LRC,CLOSED,On-Air,Analog/analog,,,,,,0000-00-00
224.64000,226.24000,+,,107.2,"Lancaster",Erie,42.92929840,-78.61879730,W2SO,OPEN,On-Air,Analog/analog,,,,,,2015-05-17
224.64000,223.04000,-,,,"Troy",Rensselaer,42.72829819,-73.69219971,KB2HPW,OPEN,On-Air,Analog/analog,,,,,,0000-00-00
224.66000,223.06000,-,103.5,,"Deerfield -  Smith Hill",Oneida,43.14469910,-75.17669678,WA2CAV,OPEN,On-Air,Analog/analog,,,,,,2021-05-26
224.66000,223.06000,-,127.3,,"Manhattan",New York,40.72800064,-73.99400330,WA2HDE,OPEN,On-Air,Analog/analog,,,,,,0000-00-00
224.68000,223.08000,-,110.9,,"Bristol",Ontario,42.84529877,-77.42440033,W2IMT,OPEN,On-Air,Analog/analog,,,,,,0000-00-00
224.68000,223.08000,-,103.5,,"Yaphank",Suffolk,40.83670044,-72.91750336,W2DQ,OPEN,On-Air,Analog/analog,,,,,,2020-10-04
224.70000,223.10000,-,,,"Gloversville",Fulton,43.05279922,-74.34420013,K2JJI,OPEN,On-Air,Analog/analog,,,,,,0000-00-00
224.70000,223.10000,-,79.7,,"Mahopac",Putnam,41.37220001,-73.73390198,NY4Z,OPEN,On-Air,Analog/analog,,,,,,0000-00-00
224.74000,223.14000,-,123.0,,"Brooklyn",Kings,40.65000153,-73.94999695,NN2N,OPEN,On-Air,Analog/analog,,,,,,0000-00-00
224.76000,223.16000,-,107.2,,"Buffalo",Erie,42.86840057,-78.87860107,WB2ECR,OPEN,On-Air,Analog/analog,,,,,,2016-12-12
224.78000,223.18000,-,,,"Lake George - Prospect Mountain",Warren,43.42620087,-73.71230316,W2WCR,OPEN,On-Air,Analog/analog,,,,,,2015-01-12
224.80000,223.20000,-,141.3,141.3,"Manhattan",New York,40.78340149,-73.96620178,KQ2H,OPEN,On-Air,Analog/analog,,,,,Wide area,2016-11-25
224.82000,223.22000,-,107.2,107.2,"Boston",Erie,42.64479828,-78.71589661,N2ZDU,OPEN,On-Air,Analog/analog,,,,,,2017-12-04
224.82000,223.22000,-,136.5,,"Glen Oaks",Queens,40.74689865,-73.71189880,W2KPQ,OPEN,On-Air,Analog/analog,,,,,,2014-11-01
224.86000,223.26000,-,107.2,,"Farmingville",Suffolk,40.83110046,-73.02999878,WA2LIR,OPEN,On-Air,Analog/analog,,,,,,0000-00-00
224.88000,223.28000,-,,,"Patterson",Putnam,41.51359940,-73.60669708,K2CQS,OPEN,On-Air,Analog/analog,,,,,,0000-00-00
224.90000,223.30000,-,110.9,110.9,"Newark - Water Tower Hill",Wayne,43.01950073,-77.09660339,WA2AAZ,OPEN,On-Air,Analog/analog,,,,,,2018-02-28
224.90000,223.30000,-,123.0,,"Rocky Point",Suffolk,40.96120071,-72.97470093,,OPEN,On-Air,Analog/analog,,,,,,2021-04-05
224.94000,223.34000,-,88.5,,"Yonkers",Westchester,40.93109894,-73.89920044,W2YRC,OPEN,On-Air,Analog/analog,,,,,,0000-00-00
224.96000,223.36000,-,88.5,88.5,"Watkins Glen",Schuyler,42.38059998,-76.87329865,WR2M,OPEN,Unknown,Analog/analog,,,,,,2020-09-19
224.98000,223.38000,-,,,"Cherry Valley",Otsego,42.79560089,-74.75360107,WA2IJE,OPEN,On-Air,Analog/analog,,,,,,0000-00-00
