Output Freq,Input Freq,Offset,Uplink Tone,Downlink Tone,"Location",County,Lat,Long,Call,Use,Op Status,Mode,Digital Access,EchoLink,IRLP,AllStar,Coverage,Last Update
144.39000,144.39000,x,,,"Pompey Hill",Onondaga,42.94739914,-76.02420044,KD2AYD,OPEN,On-Air,Analog/analog,,,,,,2015-10-30
144.46500,144.46500,x,,,"Lockport",Niagara,43.17060089,-78.69029999,K2MJ,OPEN,On-Air,DStar,,,,,,2012-09-30
145.07000,147.44500,s,,,"Plattsburgh - Rand Hill",Clinton,44.69950104,-73.45290375,KD2MAJ,OPEN,On-Air,DMR,1,,,,,2019-12-08
145.08500,147.58500,s,88.5,88.5,"New Rochelle",Westchester,40.91149902,-73.78240204,N2YGI,OPEN,On-Air,Analog/analog,,494571,,,Wide area,2020-02-03
145.11000,144.51000,-,110.9,,"Bristol - Worden Hill",Ontario,42.73109818,-77.42639923,WR2AHL,OPEN,On-Air,Analog/analog,,,,,,2021-06-02
145.11000,144.51000,-,167.9,167.9,"Ilion",Herkimer,42.97000122,-75.06999969,N2ZWO,OPEN,On-Air,Analog/analog,,,,,,2021-07-02
145.11000,144.51000,-,114.8,114.8,"Valhalla",Westchester,41.08024200,-73.80680000,WB2ZII,OPEN,On-Air,Analog/analog,,,,,,2020-05-25
145.11000,144.51000,-,123.0,,"Wilmington - Whiteface Mountain",Essex,44.36579895,-73.90309906,N2JKG,CLOSED,On-Air,Analog/analog,,,,,Wide area,2019-08-11
145.13000,144.53000,-,136.5,136.5,"Carmel - Mt. Ninham",Putnam,41.46120071,-73.72519684,K2PUT,OPEN,On-Air,Analog/analog,,,,,Wide area,2016-08-03
145.13000,144.53000,-,110.9,,"Waterloo",Seneca,42.90480042,-76.86270142,W2ACC,OPEN,On-Air,Analog/analog,,,,,,2020-09-19
145.15000,144.55000,-,,,"Hunter",Greene,42.21360016,-74.21920013,WB2UYR,OPEN,Off-Air,Analog/analog,,,,,,0000-00-00
145.15000,144.55000,-,136.5,136.5,"Port Jefferson - St. Charles Hospital",Suffolk,40.94639969,-73.06970215,W2RC,OPEN,On-Air,Analog/analog,,,,,,2016-05-16
145.15000,144.55000,-,123.0,,"Syracuse - Sentinel Heights",Onondaga,42.99499893,-76.10900116,KD2SL,OPEN,On-Air,Analog/analog,,,,,Wide area,2020-09-19
145.17000,144.57000,-,,,"Oneida",Madison,43.04144300,-75.66514200,W2MO,OPEN,On-Air,Analog/analog,,,,,Wide area,2021-05-02
145.17000,144.57000,-,114.8,,"Pomona",Rockland,41.18640137,-74.05560303,N2ACF,OPEN,On-Air,Analog/analog,,,,,,2019-05-17
145.17000,144.57000,-,127.3,127.3,"Troy",Rensselaer,42.72840118,-73.69180298,N2TY,OPEN,On-Air,YSF/analog,,618264,,,,2016-01-20
145.17000,144.57000,-,110.9,,"Wethersfield",Wyoming,42.62369919,-78.28900146,K2ISO,OPEN,On-Air,Analog/analog,,,,,Wide area,2018-07-29
145.19000,144.59000,-,103.5,,"Albany - Helderberg Mtn",Albany,42.65250015,-73.75669861,K2CT,OPEN,Unknown,Analog/analog,,,,,Wide area,2021-05-24
145.19000,144.59000,-,110.9,,"Bath",Steuben,42.33689880,-77.31809998,N2AAR,OPEN,On-Air,Analog/analog,,578244,,,,2021-07-12
145.21000,144.61000,-,123.0,,"Albany - Helderberg Mtn",Albany,42.63349000,-74.00306100,WW2G,OPEN,On-Air,Analog/analog,,,,,,2021-05-18
145.21000,144.61000,-,71.9,,"Cazenovia - Fenner Wind Farm",Madison,42.99029922,-75.76249695,N2CNY,OPEN,Unknown,Analog/analog,,,,,,2020-09-13
145.21000,144.61000,-,110.9,,"Churchville",Monroe,43.10419846,-77.88469696,N2EPO,OPEN,Unknown,Analog/analog,,,,,,2016-01-25
145.21000,144.61000,-,136.5,,"Yaphank",Suffolk,40.83670044,-72.91750336,W2DQ,OPEN,On-Air,Analog/analog,,158428,,,,2020-10-04
145.23000,144.63000,-,103.5,,"Auburn",Cayuga,42.93170166,-76.56639862,W2QYT,OPEN,On-Air,Analog/analog,,,,,Wide area,2018-09-30
145.23000,144.63000,-,114.8,,"Bronx",Bronx,40.84999847,-73.86669922,W2CMA,OPEN,On-Air,Analog/analog,,,,,,2021-01-13
145.25000,144.65000,-,100.0,,"Farmingville",Suffolk,40.83110046,-73.02999878,WB2BQW,OPEN,On-Air,Analog/analog,,14070,3390,,,0000-00-00
145.25000,144.65000,-,100.0,100.0,"Washingtonville - Schunnemunk Mtn",Orange,41.39179993,-74.11630249,WB2BQW,OPEN,Unknown,Analog/analog,,14070,3390,,,2020-08-01
145.27000,144.67000,-,141.3,141.3,"Albion - EMO",Orleans,43.21879959,-78.21219635,WA2DQL,OPEN,On-Air,Analog/analog,,,,,,2021-05-22
145.27000,144.67000,-,136.5,136.5,"Montauk",Suffolk,41.03099823,-71.97560120,WZ2Y,OPEN,On-Air,Analog/analog,,218013,4819,53839,Wide area,2021-03-11
145.27000,144.67000,-,103.5,,"Pompey",Onondaga,42.90399933,-76.02649689,WW2N,OPEN,On-Air,Analog/analog,,64224,,,,2020-09-19
145.27000,144.67000,-,136.5,136.5,"Sag Harbor",Suffolk,40.96952290,-72.34598330,WZ2Y,OPEN,On-Air,Analog,,218013,,,Wide area,2021-06-19
145.27000,144.67000,-,,100.0,"West Point",Orange,41.39139938,-73.95639801,W2KGY,OPEN,On-Air,Analog/analog,,,,,,2015-07-18
145.29000,144.69000,-,127.3,,"Bemus Point",Chautauqua,42.16170120,-79.39189911,WA2LPB,OPEN,Unknown,Analog/analog,,,,,,2021-03-26
145.29000,144.69000,-,110.9,110.9,"Canadice - Bald Hill",Ontario,42.72900009,-77.58399963,W2XRX,OPEN,On-Air,YSF/analog,,,,,,2021-02-17
145.29000,144.69000,-,94.8,94.8,"Manhattan",New York,40.72800064,-73.99400330,K2HR,OPEN,On-Air,Analog/analog,,,,,,2021-07-15
145.31000,144.71000,-,100.0,100.0,"Brooklyn",Kings,40.72809982,-74.07810211,KB2RQE,OPEN,On-Air,Analog/analog,,,,,,2016-01-16
145.31000,144.71000,-,88.5,88.5,"Colden",Erie,42.64429855,-78.67849731,W2IVB,OPEN,On-Air,Analog/analog,,,,,Wide area,2018-07-12
145.31000,144.71000,-,118.8,118.8,"Farmingville",Suffolk,40.83110046,-73.02999878,K2SPD,OPEN,On-Air,Analog/analog,,45717,,,,2019-10-16
145.31000,144.71000,-,,,"Grafton",Rensselaer,42.76890182,-73.45140076,K2CBA,OPEN,Off-Air,Analog/analog,,,,,,0000-00-00
145.31000,144.71000,-,127.3,,"Saranac Lake",Essex,44.31000137,-74.26999664,W2TLR,OPEN,On-Air,Analog/analog,,,,,,2020-07-27
145.31000,144.71000,-,,,"Syracuse",Onondaga,43.04809952,-76.14739990,KC2VER,OPEN,On-Air,YSF/analog,,,,,,2020-09-13
145.33000,144.73000,-,136.5,136.5,"Hauppauge",Suffolk,40.82559967,-73.20310211,WA2LQO,OPEN,On-Air,Analog/analog,,,,,,2014-11-01
145.33000,144.73000,-,88.5,,"Jamestown",Chautauqua,42.09700012,-79.23529816,KS2D,OPEN,On-Air,Analog/analog,,,,29357,,2021-08-11
145.33000,144.73000,-,110.9,110.9,"Livonia",Livingston,42.82200000,-77.66200000,K2SET,OPEN,On-Air,Analog/analog,,,,50475,,2021-07-15
145.33000,144.73000,-,,,"New Scotland",Albany,42.62860107,-73.91390228,K2CWW,OPEN,Unknown,Analog/analog,,,,,,2020-04-30
145.33000,144.73000,-,71.9,71.9,"Remsen",Oneida,43.32699966,-75.18679810,KB2AUJ,OPEN,Unknown,Analog/analog,,,,,,2020-09-18
145.35000,144.75000,-,167.9,,"Cherry Valley",Otsego,42.79560089,-74.75360107,NC2C,OPEN,On-Air,Analog/analog,,,,,,2016-07-06
145.35000,144.75000,-,,,"Lafayette",Onondaga,42.89220047,-76.10559845,WW2N,OPEN,Unknown,Analog/analog,,,,,,2020-09-19
145.35000,144.75000,-,114.8,114.8,"Rosedale",Queens,40.66189957,-73.73580170,K2EAR,OPEN,On-Air,Analog/analog,,181905,4242,,,0000-00-00
145.35000,144.75000,-,110.9,110.9,"Rush/East Avon - Watts Electronics",Monroe,42.96799850,-77.68250275,N2YCK,OPEN,On-Air,Analog/analog,,,,,Wide area,2019-06-13
145.37000,144.77000,-,136.5,136.5,"Manorville",Suffolk,40.84809875,-72.79389954,N2NFI,OPEN,On-Air,Analog/analog,,,4411,,,2020-10-04
145.37000,144.77000,-,,,"Salem",Washington,43.14379883,-73.39790344,K2GB,OPEN,Unknown,DStar,,,,,,2012-12-26
145.39000,144.79000,-,,,"Delevan",Cattaraugus,42.48920059,-78.48110199,K2XZ,OPEN,On-Air,Analog/analog,,,,,,2020-08-04
145.39000,144.79000,-,123.0,,"Endicott",Broome,42.09830093,-76.04969788,N2YR,OPEN,On-Air,Analog/analog,,,,,,2020-10-05
145.39000,144.79000,-,94.8,,"Mahopac",Putnam,41.37220001,-73.73390198,NY4Z,OPEN,On-Air,DMR,1,,,,,2019-12-08
145.41000,144.81000,-,114.8,114.8,"Glen Oaks",Queens,40.74689865,-73.71189880,K2CJP,OPEN,On-Air,Analog/analog,,,,,,2019-12-12
145.41000,144.81000,-,110.9,,"Victor - Baker Hill",Monroe,43.03499985,-77.42050171,N2HJD,OPEN,On-Air,Analog/analog,,636311,7250,,,2018-09-10
145.43000,144.83000,-,141.3,,"Dewitt",Onondaga,43.04266330,-76.06784900,K2SDD,OPEN,On-Air,Analog,,,,,,2020-09-15
145.43000,144.83000,-,136.5,136.5,"Hauppauge",Suffolk,40.82559967,-73.20310211,W2LRC,OPEN,On-Air,Analog/analog,,,3537,,,2020-05-17
145.43000,144.83000,-,156.7,,"Middle Grove",Saratoga,43.08969879,-73.91829681,WB2BGI,OPEN,On-Air,Analog/analog,,,,,,2016-12-25
145.45000,144.85000,-,,,"Jewett",Greene,42.27030182,-74.30329895,W1EQX,OPEN,On-Air,Analog/analog,,,,,,2017-01-05
145.45000,144.85000,-,110.9,,"Naples-Gannett Hill",Ontario,42.70009995,-77.40859985,W2ONT,OPEN,On-Air,Analog/analog,,,,,,2021-11-12
145.47000,144.87000,-,123.0,123.0,"Clarksville",Albany,42.53648000,-73.97088000,KD2ROS,OPEN,On-Air,Analog/analog,,,,,,2021-03-28
145.47000,144.87000,-,82.5,82.5,"Clyde",Seneca,42.98759842,-76.93669891,KA2NDW,OPEN,On-Air,Analog/analog,,375249,,42594,,2020-09-19
145.47000,144.87000,-,127.3,,"Ripley",Chautauqua,42.26689911,-79.71080017,K2OAD,OPEN,On-Air,Analog/analog,,,,,,2016-12-19
145.47000,144.87000,-,100.0,100.0,"Vestal",Broome,42.00203100,-76.03326500,N2VFD,OPEN,On-Air,Analog/analog,,,,,,2021-02-07
145.49000,144.89000,-,71.9,,"Cortland",Cortland,42.55419922,-76.14830017,KB2LUV,OPEN,On-Air,Analog/analog,,,,,,2020-09-19
145.49000,144.89000,-,88.5,,"Gainesville",Wyoming,42.64080048,-78.13420105,WB2JPQ,OPEN,On-Air,Analog/analog,,,4068,,,2018-09-02
145.49000,144.89000,-,123.0,123.0,"Peru - Terry Mountain",Clinton,44.57139969,-73.68129730,WA2LRE,OPEN,On-Air,Analog/analog,,,,,Wide area,2014-12-02
145.49500,144.89500,-,,,"Mount Vernon",Westchester,40.91249847,-73.83750153,K2UQT,OPEN,On-Air,Analog/analog,,,,,,0000-00-00
145.54000,145.54000,x,,,"FT. Edward",Washington,43.27470000,-73.58300000,KB1IVE,OPEN,On-Air,DStar,,,,,,2021-02-25
145.55000,145.55000,x,,,"Athens",Greene,42.28680038,-73.81340027,K2MCI,OPEN,On-Air,DStar,,,,,,2020-03-28
145.57000,146.57000,s,192.8,,"Manhattan",New York,40.72829819,-73.99420166,WR2MSN,OPEN,On-Air,Analog/analog,,,,,,2014-02-12
145.60000,145.60000,x,,,"Middletown - Scotchtown Ave",Orange,41.44580078,-74.31870270,K9CEO,OPEN,On-Air,DStar,,,,,,2019-07-03
145.60000,145.60000,x,,,"Queensbury - RT-87 Exit 19",Warren,43.33070000,-73.68769000,N1NDN,OPEN,On-Air,DStar,,,,,,2020-11-26
145.63000,145.63000,x,,,"Otisville",Orange,41.47340012,-74.53849792,KC2YYF,OPEN,On-Air,DStar,,,,,,2019-09-01
145.67000,145.67000,x,D226,D226," Bronx  - New York",New York,40.83720016,-73.92919922,K2CSX,OPEN,On-Air,YSF/analog,,600864,,,,2020-06-06
145.67000,145.67000,x,D226,,"New York - High Bridge",Bronx,40.84232530,-73.93010100,K2CSX,OPEN,On-Air,YSF,,600864,,,,2020-11-30
145.67000,145.67000,x,77.0,,"Port Jefferson Station",Suffolk,40.90914600,-73.03876200,K2SHF,OPEN,Testing,Analog/analog,,,,,,2021-10-29
145.67000,145.67000,x,,,"Tuxedo Park",Orange,41.20140076,-74.20169830,K9GOD,OPEN,On-Air,DStar,,,,,,2017-05-21
145.68000,145.68000,x,,,"North Creek - Gore Mountain",Warren,43.70250000,-73.98170000,W2CDY,OPEN,On-Air,DStar,,,,,,2021-09-06
145.70000,145.70000,x,,,"Napanoch",Ulster,41.75310135,-74.37110138,WB2LMV,OPEN,Unknown,DStar,,,,,,2021-06-24
145.72000,145.72000,x,,,"Salem",Washington,43.16020000,-73.33720000,KD2LMR,OPEN,On-Air,DStar,,,,,,2021-11-16
145.77500,146.37500,+,,,"Carmel",Putnam,41.43009949,-73.68009949,W2HVL,OPEN,Off-Air,DMR,1,,,,,2015-12-14
146.43000,147.43000,s,136.5,136.5,"Brooklyn",Kings,40.66809845,-73.97779846,KC2RA,OPEN,On-Air,NXDN/analog,,64300,8685,,,2021-03-12
146.43000,147.43500,s,71.9,71.9,"Newburgh -  Cronomer Hill",Orange,41.54000092,-74.05000305,N2HEP,OPEN,On-Air,Analog/analog,,,,,,2020-08-24
146.46000,147.46000,s,77.0,,"Pomona",Rockland,41.16690063,-74.04360199,N2ACF,OPEN,On-Air,Analog/analog,,443850,4030,,,2020-11-27
146.47500,146.47500,x,,,"Bath - Mt Washington",Steuben,42.35561500,-77.26645300,KS2ARR,OPEN,On-Air,DStar,,,,,,2021-07-06
146.55500,145.95500,-,,,"Capital District",Albany,40.71279907,-74.00599670,KC2ARE,OPEN,On-Air,P25,293,,,,,2018-05-25
146.59500,147.59500,s,123.0,,"Rocky Point",Suffolk,40.95249939,-72.92579651,N2FXE,OPEN,On-Air,Analog/analog,,,,,,2021-04-05
146.61000,146.01000,-,,,"Brooklyn",Kings,40.67819977,-73.94419861,KB2RNI,OPEN,Off-Air,DMR,1,,,,,2019-12-08
146.61000,146.01000,-,103.5,,"Ithaca - Cornell Univ",Tompkins,42.44689941,-76.48329926,W2CXM,OPEN,On-Air,Analog/analog,,,,,,2020-09-19
146.61000,146.01000,-,110.9,110.9,"Rochester - Cobbs Hill",Monroe,43.13869858,-77.57050323,W2ARM,OPEN,On-Air,P25/analog,293,,,,,2021-10-05
146.61000,146.01000,-,123.0,,"Schoharie - Petersburgh Mtn.",Schoharie,42.67779922,-74.48580170,WA2ZWM,OPEN,On-Air,Analog/analog,,,,,Wide area,2021-09-02
146.62500,146.02500,-,103.5,,"Camillus",Onondaga,43.03919983,-76.30410004,N2PYK,OPEN,On-Air,Analog/analog,,,,,,2020-09-19
146.62500,146.02500,-,127.3,,"Fredonia",Chautauqua,42.43999863,-79.33190155,W2SB,OPEN,On-Air,Analog/analog,,,,,Wide area,2021-08-11
146.62500,147.88500,s,127.3,127.3,"Walden",Orange,41.40200043,-74.32430267,KC2OUR,OPEN,On-Air,Analog/analog,,,,,,2019-06-13
146.64000,146.04000,-,100.0,100.0,"Albany - St. Peter's Hospital ",Albany,42.65579987,-73.80609894,K2ALB,OPEN,On-Air,Analog/analog,,,,,,2020-11-09
146.64000,146.04000,-,131.8,131.8,"Clay",Onondaga,43.18730110,-76.20400210,KD2CDY,OPEN,On-Air,Analog/analog,,,,,,2021-11-15
146.64000,146.04000,-,167.9,167.9,"Cooperstown",Otsego,42.70059967,-74.92469788,NC2C,OPEN,On-Air,Analog/analog,,,,,,2020-05-29
146.64000,146.04000,-,162.2,162.2,"Long Lake",Hamilton,43.97269821,-74.42040253,KD2BAD,OPEN,On-Air,Analog/analog,,,,,,2018-06-27
146.64000,146.04000,-,100.0,,"Mineola",Nassau,40.74919891,-73.64109802,W2EJ,CLOSED,On-Air,Analog/analog,,,,,,2018-03-30
146.64000,146.04000,-,CSQ,,"Wethersfield",Wyoming,42.65169907,-78.23560333,K2XZ,OPEN,On-Air,Analog/analog,,,,,,2021-06-03
146.65500,146.05500,-,,,"Boonville - Jackson Hill",Oneida,43.48360062,-75.33689880,WD2ADX,OPEN,On-Air,Analog/analog,,796920,,,Wide area,2020-09-21
146.65500,146.05500,-,100.0,100.0,"Hoosick Falls -  Hoosick Falls ",Rensselaer,42.90470123,-73.33899689,K2FCR,OPEN,On-Air,Analog/analog,,,,,,2019-09-22
146.65500,146.05500,-,110.9,110.9,"S. Bristol - Mees Observatory",Ontario,42.70040131,-77.40869904,WR2ROC,OPEN,On-Air,Analog/analog,,,,43517,,2021-06-02
146.67000,146.07000,-,100.0,100.0,"Albany",Columbia,42.65259933,-73.75620270,W2JWR,OPEN,On-Air,Analog/analog,,,,,,2017-03-02
146.67000,146.07000,-,127.3,,"Arkwright",Chautauqua,42.40689850,-79.23670197,K2XZ,OPEN,On-Air,Analog/analog,,,4068,,,2021-06-25
146.67000,146.07000,-,156.7,156.7,"Lake Peekskill",Putnam,41.33830560,-73.89613310,W2NYW,OPEN,On-Air,Analog/analog,,,,,,2020-04-15
146.67000,146.07000,-,136.5,136.5,"Queens Village",Queens,40.72669983,-73.74189758,W2FWG,OPEN,On-Air,Analog/analog,,,4223,,,2016-01-21
146.67000,146.07000,-,151.4,,"Relevant",,40.72317790,-73.99825420,N2ZNU,OPEN,On-Air,Analog,,,,,,2021-01-30
146.67000,146.07000,-,103.5,,"Syracuse",Onondaga,43.04809952,-76.14739990,KD2SL,OPEN,On-Air,Analog/analog,,9177,,,,2020-09-19
146.67000,146.07000,-,,,"Westbury",Nassau,40.75569916,-73.58760071,NC2EC,OPEN,On-Air,DStar,,,,,,2015-02-08
146.68500,146.08500,-,71.9,71.9,"Arcadia - Brantling Ski",Wayne,43.07640076,-77.07949829,WA2EMO,OPEN,On-Air,Analog/analog,,310398,,43375,,2021-06-03
146.68500,146.08500,-,110.9,110.9,"North Lindenhurst",Suffolk,40.71419907,-73.38189697,W2GSB,OPEN,On-Air,Analog/analog,,,9053,,Wide area,2018-08-24
146.68500,146.08500,-,110.9,,"Norwich",Chenango,42.53110123,-75.52390289,W2RME,OPEN,On-Air,Analog/analog,,,,,,2016-06-22
146.70000,146.10000,-,CSQ,100.0,"Elmira",Chemung,42.08969879,-76.80809784,W2ZJ,OPEN,On-Air,Analog/analog,,,,,,2020-09-18
146.70000,146.10000,-,123.0,123.0,"Gloversville - Gloversville High School ",Fulton,43.05279922,-74.34420013,K2JJI,OPEN,On-Air,YSF/analog,,845553,,,,2021-02-11
146.70000,146.10000,-,162.2,162.2,"North Chili",Monroe,43.12350082,-77.80560303,KD2AWT,OPEN,On-Air,P25,293,,,,,2018-02-17
146.70000,146.10000,-,151.4,,"Watertown",Jefferson,43.97480011,-75.91079712,WB2OOY,OPEN,On-Air,Analog/analog,,,,,,2018-10-02
146.71500,146.11500,-,167.9,,"Burlington",Otsego,42.72280121,-75.12580109,W2EES,OPEN,On-Air,Analog/analog,,,,,,2016-06-22
146.71500,146.11500,-,136.5,136.5,"Farmingville",Suffolk,40.83110046,-73.02999878,WA2UMD,OPEN,On-Air,Analog/analog,,,,,,2014-08-21
146.71500,146.11500,-,110.9,,"Perinton - Baker Hill",Monroe,43.03480148,-77.42330170,KB2VZS,OPEN,On-Air,Analog/analog,,,,,,2020-08-05
146.73000,146.13000,-,100.0,100.0,"Binghamton - Ingraham Hill",Broome,42.06169891,-75.95140076,N2YOW,OPEN,On-Air,P25/analog,293,,,,Wide area,2021-02-27
146.73000,146.13000,-,88.5,CSQ,"Brooklyn - Brooklyn Bridge",Kings,40.65000153,-73.94999695,KC2RC,OPEN,On-Air,Analog/analog,,,,,,2020-12-27
146.73000,146.13000,-,,,"Buffalo/Niagara Falls",Niagara,43.09220123,-78.89499664,KD2GBR,OPEN,On-Air,DStar,,,,,,2020-11-18
146.73000,146.13000,-,100.0,100.0,"Lake George - Prospect Mountain",Warren,43.42210007,-73.75080109,W2WCR,OPEN,On-Air,Analog/analog,,,,,,2021-02-21
146.74500,146.14500,-,136.5,136.5,"Brooklyn",Kings,40.71419907,-73.83139801,NB2A,OPEN,On-Air,Analog/analog,,,,,,2018-09-17
146.74500,146.14500,-,210.7,,"Cairo",Greene,42.29890060,-73.99890137,KB2DYB,OPEN,Off-Air,Analog/analog,,,,,,0000-00-00
146.74500,146.14500,-,,,"Dehli",Delaware,42.27809906,-74.91639709,K2NK,OPEN,Off-Air,Analog/analog,,,,,,2011-01-22
146.74500,146.14500,-,123.0,123.0,"Krumville",Ulster,41.88470078,-74.24279785,KC2BYY,OPEN,Unknown,Analog/analog,,,,,,2020-12-21
146.74500,146.14500,-,71.9,71.9,"Newark - Water Tower",Wayne,43.04669952,-77.09529877,WA2AAZ,OPEN,On-Air,YSF/analog,,440738,,41524,,2021-11-13
146.74500,146.14500,-,136.5,136.5,"Plainview",Nassau,40.74420166,-73.48249817,WA2LQO,OPEN,On-Air,YSF/analog,,,,,,2021-01-29
146.76000,146.16000,-,100.0,100.0,"Finchville",Orange,41.42779922,-74.57170105,WA2VDX,OPEN,On-Air,Analog/analog,,,,,,2015-10-04
146.76000,146.16000,-,127.3,127.3,"Mayville - Emergency Operations Center, Station 7",Chautauqua,42.25389862,-79.50450134,KD2LYO,OPEN,On-Air,YSF/analog,,,,,Wide area,2018-01-28
146.76000,146.16000,-,,,"Owego",Tioga,42.10409927,-76.26069641,W2VDX,OPEN,On-Air,Analog/analog,,,,,,2021-03-29
146.76000,146.16000,-,136.5,136.5,"Selden",Suffolk,40.86358590,-73.04904007,WA2VNV,OPEN,On-Air,Analog/analog,,,,,,2021-07-04
146.76000,146.16000,-,110.9,110.9,"South Chili -  Union Road / I-490 ",Monroe,43.07659912,-77.76809692,WR2AHL,OPEN,On-Air,Analog/analog,,554835,,,,2020-11-17
146.76000,146.16000,-,103.5,103.5,"Troy",Rensselaer,42.72840118,-73.69180298,K2REN,OPEN,On-Air,Analog/analog,,,,,,2013-01-07
146.76000,146.16000,-,,,"Utica",Oneida,43.12950134,-75.21410370,K2IQ,OPEN,On-Air,Analog/analog,,,,,,2020-09-17
146.77500,146.17500,-,146.2,146.2,"Hebron - Big Burch Hill",Washington,43.26729965,-73.34729767,N2ZTC,OPEN,On-Air,Analog/analog,,,,,,2021-02-21
146.77500,146.17500,-,D125,,"Lewiston",Niagara,43.17250061,-79.03610229,WB2NCR,OPEN,On-Air,Analog/analog,,,,,,2020-12-16
146.77500,146.17500,-,151.4,151.4,"Pompey - Pompey Hill",Onondaga,42.94520187,-76.02380371,W2CNY,OPEN,On-Air,Analog/analog,,,,,Wide area,2020-09-19
146.79000,146.19000,-,127.3,,"Frewsburg",Chautauqua,42.05440140,-79.15830231,W2DRZ,OPEN,On-Air,Analog/analog,,,,,,2021-06-08
146.79000,146.19000,-,100.0,100.0,"Glenville",Schenectady,42.92919922,-74.05249786,W2IR,OPEN,On-Air,Analog/analog,,,,,,2019-06-05
146.79000,146.19000,-,110.9,110.9,"Rochester - Highland Hospital",Monroe,43.16099930,-77.61090088,WR2ROC,OPEN,On-Air,Analog/analog,,,,43263,,2021-01-02
146.80500,146.20500,-,100.0,100.0,"Bath - Mt Washington",Steuben,42.35561395,-77.26647916,KS2ARR,OPEN,On-Air,Analog/analog,,848056,,,Wide area,2021-07-07
146.80500,146.20500,-,103.5,103.5,"Kingston",Ulster,41.92699814,-73.99739838,WA2MJM,OPEN,On-Air,Analog/analog,,,,,,2020-12-21
146.80500,146.20500,-,136.5,136.5,"Plainview",Nassau,40.77640152,-73.46779633,WB2WAK,OPEN,On-Air,Analog/analog,,,,,,2021-01-29
146.82000,146.22000,-,110.9,,"Canandaigua",Ontario,42.90917950,-77.27469930,K2BWK,OPEN,On-Air,Analog/analog,,,,,Wide area,2021-11-12
146.82000,146.22000,-,146.2,,"Colesville",Broome,42.17210007,-75.64409637,WA2QEL,OPEN,On-Air,Analog/analog,,,,,Wide area,2021-10-11
146.82000,146.22000,-,107.2,,"Lockport - Niagara County EOC",Niagara,43.17060089,-78.69059753,W2RUI,OPEN,On-Air,Analog/analog,,,,,,2020-01-27
146.82000,146.22000,-,136.5,136.5,"Middle Island",Suffolk,40.88420105,-72.93779755,W2OQI,OPEN,On-Air,Analog/analog,,,,,,2019-08-21
146.82000,146.22000,-,,,"Troy",Rensselaer,42.73400116,-73.66200256,W2SZ,OPEN,On-Air,Analog/analog,,,,,,2019-06-11
146.83500,146.23500,-,88.5,,"Eden",Erie,42.65219879,-78.89720154,WB2JPQ,OPEN,On-Air,Analog/analog,,,4068,,,2020-09-01
146.83500,146.23500,-,123.0,,"Northville",Fulton,43.22849910,-74.17427430,K2JJI,OPEN,On-Air,Analog,,,,,,2021-02-21
146.83500,146.23500,-,151.4,,"Pearl River",Rockland,41.05889893,-74.02220154,NJ2BS,OPEN,On-Air,Analog/analog,,,,,,2015-06-08
146.85000,146.25000,-,123.0,,"Fulton",Oswego,43.35250092,-76.39589691,K2QQY,OPEN,On-Air,Analog/analog,,,,,,2018-09-30
146.85000,146.25000,-,136.5,127.3,"Glen Oaks",Queens,40.74689865,-73.71189880,W2VL,OPEN,On-Air,Analog/analog,,487981,4438,,,2020-06-05
146.85000,146.25000,-,127.3,,"Knapp Creek",Cattaraugus,42.00690079,-78.50610352,W3VG,OPEN,On-Air,Analog/analog,,,,,,2018-10-14
146.85000,146.25000,-,167.9,,"Oneonta",Otsego,42.45289993,-75.06379700,W2SEU,OPEN,On-Air,Analog/analog,,,,,,2014-12-21
146.86500,146.26500,-,146.2,146.2,"Binghamton - Airport",Broome,42.20830154,-75.98100281,WA2QEL,OPEN,On-Air,Analog/analog,,,,,,2020-09-16
146.86500,146.26500,-,162.2,162.2,"Blue Mountain Lake",Hamilton,43.87229919,-74.40019989,W2CJS,OPEN,On-Air,Analog/analog,,,,,,2018-03-30
146.86500,147.46500,+,151.4,,"Buffalo",Erie,42.88639832,-78.87860107,WB2ECR,OPEN,On-Air,Analog/analog,,,,,,2020-11-01
146.86500,146.26500,-,110.9,110.9,"Yonkers",Westchester,40.93109894,-73.89920044,W2YRC,OPEN,On-Air,Analog/analog,,226292,,,,2015-11-29
146.88000,146.28000,-,71.9,71.9,"Ava",Oneida,43.36627100,-75.53976600,W2OFQ,OPEN,On-Air,Analog/analog,,743610,,,,2021-05-02
146.88000,146.28000,-,110.9,,"Rochester - Monroe County EOC Building",Monroe,43.16099930,-77.61090088,K2RRA,OPEN,On-Air,Analog/analog,,,,,,2013-12-04
146.88000,146.28000,-,141.3,141.3,"Staten Island",Richmond,40.64099884,-74.11199951,WA2IAF,OPEN,On-Air,Analog/analog,,,,,,2013-05-02
146.88000,146.28000,-,127.3,127.3,"Stockton",Chautauqua,42.32339859,-79.34410095,K2HE,OPEN,On-Air,Analog/analog,,,,,,2021-07-31
146.89500,146.29500,-,107.2,,"Ithaca",Tompkins,42.44060135,-76.49690247,K2ZG,OPEN,On-Air,Analog/analog,,,,,Wide area,2021-06-03
146.89500,146.29500,-,100.0,,"Millbrook",Dutchess,41.78499985,-73.69439697,N2EYH,OPEN,On-Air,Analog/analog,,,,,,2020-12-21
146.89500,146.29500,-,151.4,151.4,"Potsdam - Clarkson University (Graham Hall)",St Lawrence,44.66139984,-74.99739838,K2CC,OPEN,Unknown,DMR/analog,1,,,,,2021-04-09
146.91000,146.31000,-,100.0,100.0,"Boston",Erie,42.64459991,-78.71469879,W2EUP,OPEN,On-Air,Analog/analog,,,,,Wide area,2020-06-27
146.91000,146.31000,-,103.5,,"Pompey - Pompey Hill",Onondaga,42.94739914,-76.02420044,W2CM,OPEN,On-Air,Analog/analog,,,,,,2020-09-19
146.91000,146.31000,-,114.8,,"Yonkers",Westchester,40.93109894,-73.89920044,K2JQB,OPEN,On-Air,Analog/analog,,,,,,2012-09-26
146.92000,146.32000,-,,,"Naples",Ontario,42.61529922,-77.40280151,NO2W,OPEN,Off-Air,Analog/analog,,,,,,0000-00-00
146.92500,146.32500,-,110.9,110.9,"Rochester",Monroe,43.16099930,-77.61090088,N2HJD,OPEN,On-Air,Analog/analog,,636311,7250,,,2021-02-03
146.92500,146.32500,-,151.4,151.4,"Russell - Kimball Hill",St Lawrence,44.41699982,-75.12400055,KA2JXI,OPEN,On-Air,Analog/analog,,,,,,2019-05-26
146.94000,146.34000,-,162.2,162.2,"Avon",Livingston,42.91189957,-77.74579620,WR2AHL,OPEN,On-Air,Analog/analog,,,8058,,,2017-10-15
146.94000,146.34000,-,,,"Brunswick - Bald Mountain",Rensselaer,42.73590088,-73.56150055,K2RHI,OPEN,On-Air,Analog/analog,,,,,,2021-09-06
146.94000,146.34000,-,136.5,,"Holtsville",Suffolk,40.81529999,-73.04560089,WB2MOT,OPEN,On-Air,Analog/analog,,,,,,0000-00-00
146.94000,146.34000,-,103.5,103.5,"Ithaca - Hungerford Hill",Tompkins,42.25749969,-76.27040100,AF2A,OPEN,On-Air,Analog/analog,,577796,,,,2020-09-19
146.94000,146.34000,-,127.3,127.3,"Jamestown",Chautauqua,42.09690094,-79.23560333,K2LUC,OPEN,On-Air,Analog/analog,,,,,,2021-07-31
146.94000,146.34000,-,156.7,,"Middletown",Orange,41.44580078,-74.42330170,WR2MSN,OPEN,Unknown,Analog/analog,,,,,Wide area,2021-05-22
146.94000,146.34000,-,136.5,,"Setauket",Suffolk,40.93500137,-73.11889648,K2TKE,OPEN,Unknown,Analog/analog,,,,,,2018-04-05
146.94000,146.34000,-,71.9,,"Verona",Oneida,43.13809967,-75.57070160,K1DCC,OPEN,On-Air,Analog/analog,,,,,,2020-09-14
146.94000,146.34000,-,162.2,162.2,"Yorktown Heights",Westchester,41.27080154,-73.77809906,WA2TOW,OPEN,On-Air,Analog/analog,,,,,,2014-03-08
146.95500,146.35500,-,100.0,100.0,"Alfred",Allegany,42.25710000,-77.82211000,KD2PFE,OPEN,On-Air,Analog/analog,,70625,,40198,,2021-06-18
146.95500,146.35500,-,156.7,,"Lowville",Lewis,43.78670120,-75.49220276,W2RHM,OPEN,On-Air,Analog/analog,,427886,,,,2018-09-30
146.95500,146.35500,-,151.4,,"North Tonawanda",Niagara,43.03860092,-78.86440277,W2VCI,OPEN,On-Air,Analog/analog,,,,,,2021-08-11
146.95500,146.35500,-,,,"Sidney",Delaware,42.31480026,-75.39160156,AC2KP,OPEN,On-Air,Analog/analog,,,,,,2016-05-31
146.97000,146.37000,-,100.0,100.0,"Beacon - Mt Beacon",Dutchess,41.48880005,-73.94750214,AE2AN,OPEN,On-Air,Analog/analog,,,,,Wide area,2019-04-16
146.97000,146.37000,-,123.0,100.0,"Florida - Dairy Farm KD2JRP QTH",Montgomery,42.92814000,-74.25761000,K2JJI,OPEN,On-Air,Analog/analog,,,,,,2020-09-30
146.97000,146.37000,-,103.5,,"Ithaca - Connecticut Hill",Tompkins,42.23189926,-76.40129852,AF2A,OPEN,On-Air,Analog/analog,,,,,Wide area,2021-06-02
146.98500,146.38500,-,110.9,110.9,"Branchport",Yates,42.59870148,-77.15390015,N2LSJ,OPEN,On-Air,Analog/analog,,,,,,2019-08-11
146.98500,146.38500,-,82.5,,"Dundee",Yates,42.52339935,-76.97660065,KD2NOL,OPEN,On-Air,Analog/analog,,,,50277,,2019-12-22
146.98500,146.38500,-,77.0,77.0,"Margaretville - Hog Mountain",Delaware,42.17644000,-74.57540000,NS2V,OPEN,On-Air,Analog/analog,,,,,,2021-10-11
147.00000,147.60000,+,71.9,71.9,"Auburn",Cayuga,42.93170166,-76.56610107,W2QYT,OPEN,On-Air,Analog/analog,,9188,,,Wide area,2020-09-18
147.00000,147.60000,+,91.5,91.5,"Corinth - Spruce Mountian",Saratoga,43.24449921,-73.83229828,K2DLL,OPEN,On-Air,Analog/analog,,,,,,2020-06-17
147.00000,147.60000,+,107.2,107.2,"Kenmore",Erie,42.96580124,-78.87030029,K2LED,OPEN,On-Air,Analog/analog,,,,,,2018-08-23
147.00000,146.40000,-,136.5,136.5,"Manhattan",New York,40.72800064,-73.99400330,WB2ZSE,OPEN,On-Air,Analog/analog,,,,,,2021-03-13
147.01500,147.61500,+,114.8,,"Chappaqua",Westchester,41.18000000,-73.77472222,WB2IXR,OPEN,On-Air,Analog/analog,,23645,,,,2020-11-26
147.01500,147.61500,+,123.0,,"Corning",Steuben,42.14279938,-77.05500031,N2IED,OPEN,On-Air,Analog/analog,,,,,,2021-06-03
147.01500,147.61500,+,91.5,CSQ,"New Hartford",Oneida,43.03810120,-75.19560242,N2USB,OPEN,On-Air,DMR/analog,1,,,,,2019-12-08
147.01500,147.61500,+,,,"Old Forge",Herkimer,43.71009827,-74.97350311,,OPEN,Unknown,Analog/analog,,,,,,2018-04-09
147.03000,147.63000,+,136.5,,"Central Islip",Suffolk,40.79059982,-73.20220184,WB2ROL,OPEN,On-Air,Analog/analog,,,,,,0000-00-00
147.03000,147.63000,+,71.9,71.9,"Cortland",Cortland,42.57440186,-76.01139832,KB2FAF,OPEN,On-Air,Analog/analog,,,,28320,,2021-07-11
147.03000,147.63000,+,151.4,,"Dexter",Jefferson,44.00780106,-76.04440308,AC2GE,OPEN,On-Air,Analog/analog,,634618,,,,2018-09-30
147.03000,147.63000,+,110.9,,"Groveland",Livingston,42.66469955,-77.76999664,W2COP,OPEN,On-Air,Analog/analog,,,4250,43262,,2020-04-21
147.03000,147.63000,+,,,"Hauppauge",Suffolk,40.80720139,-73.17929840,WD2NY,OPEN,On-Air,DStar,,,,,,2013-12-23
147.03000,147.63000,+,,,"Saranac Lake",Franklin,44.32949829,-74.13130188,W2WIZ,OPEN,On-Air,Analog/analog,,,,,,2019-11-09
147.04500,147.64500,+,110.9,,"Arkport",Steuben,42.39440155,-77.69689941,N2AAR,OPEN,On-Air,Analog/analog,,578244,,,,2021-07-12
147.04500,147.64500,+,100.0,,"Highland - Illinois Mountain",Ulster,41.72029877,-73.99530029,N2OXV,OPEN,On-Air,Analog/analog,,,,,,2014-06-16
147.04500,147.64500,+,167.9,,"Norway",Herkimer,43.20830154,-74.95249939,N2ZWO,OPEN,Unknown,Analog/analog,,,,,,2020-09-12
147.04500,147.64500,+,136.5,,"Setauket",Suffolk,40.93500137,-73.11889648,K2YBW,OPEN,On-Air,Analog/analog,,,,,,2011-12-18
147.06000,147.66000,+,,,"Schenectady - Crawford Hill",Schenectady,42.84930038,-73.98300171,K2AE,OPEN,On-Air,Analog/analog,,,,,,2020-06-17
147.06000,147.66000,+,114.8,114.8,"Valhalla -  County radio tower on Valhalla campus ",Westchester,41.08024200,-73.80680000,WB2ZII,OPEN,On-Air,Analog/analog,,825225,,,Wide area,2020-05-25
147.07500,147.67500,+,,,"Binghamton - Trim Street",Broome,42.08079910,-75.75740051,K2VQ,OPEN,Unknown,Analog/analog,,,,,,2021-09-30
147.07500,147.67500,+,100.0,,"Dix Hills",Suffolk,40.80469894,-73.33670044,W2RGM,OPEN,On-Air,Analog/analog,,,,,,2017-05-16
147.07500,147.67500,+,94.8,94.8,"Ellenville - Sam's Point",Ulster,41.75979996,-74.59400177,KQ2H,OPEN,On-Air,Analog/analog,,146625,,,,2020-03-27
147.07500,147.67500,+,110.9,110.9,"Rochester - RIT",Monroe,43.08610153,-77.66809845,K2GXT,OPEN,On-Air,Analog/analog,,25308,,40008,,2021-09-15
147.09000,147.69000,+,,,"Cairo",Greene,42.29890060,-73.99890137,N2SQW,OPEN,Off-Air,Analog/analog,,,,,,0000-00-00
147.09000,147.69000,+,107.2,,"Colden - WIVB Tower",Erie,42.65919876,-78.62599945,WB2ELW,OPEN,On-Air,Analog/analog,,,,,,2021-01-01
147.09000,147.69000,+,151.4,151.4,"Ellenburg Center",Franklin,44.84889984,-74.29039764,WB2ERS,OPEN,On-Air,Analog/analog,,,,42279,,2021-10-22
147.09000,147.69000,+,114.8,82.5,"Flushing",Queens,40.76530075,-73.81780243,K2HAM,CLOSED,On-Air,Analog/analog,,,,,,2015-11-06
147.09000,147.69000,+,110.9,,"Geneva",Ontario,42.86759949,-76.98269653,W2ONT,OPEN,On-Air,Analog/analog,,,,,,2021-11-13
147.09000,147.69000,+,,,"Herkimer ",Herkimer,43.01139832,-75.00440216,N2ZWO,OPEN,Unknown,Analog/analog,,,,,,2020-09-12
147.10000,147.70000,+,,,"Vestal",New York,42.08509827,-76.05380249,,OPEN,On-Air,Analog/analog,,,,,,2021-09-30
147.10500,147.70500,+,114.8,,"Harriman - Arden Mt",Orange,41.30830002,-74.14499664,N2JTI,OPEN,On-Air,Analog/analog,,,,,,2019-05-17
147.10500,147.70500,+,141.3,,"Wethersfield",Erie,42.65420151,-78.24749756,N2FQN,OPEN,On-Air,Analog/analog,,,,,,2020-09-28
147.13500,147.73500,+,136.5,136.5,"East Meadow",Nassau,40.71390152,-73.55940247,WB2CYN,OPEN,On-Air,YSF/analog,,,,,,2019-02-20
147.13500,147.73500,+,151.4,,"Fine",St Lawrence,44.14659882,-75.06620026,WA2NAN,OPEN,On-Air,Analog/analog,,823942,,,,2018-09-30
147.13500,147.73500,+,94.8,,"Liberty",Sullivan,41.80110168,-74.74690247,KC2AXO,OPEN,Unknown,Analog/analog,,,,,,2020-07-30
147.13500,147.73500,+,123.0,,"North Creek - Gore Mountain",Warren,43.69779968,-73.98639679,W2WCR,OPEN,On-Air,Analog/analog,,,,,,2021-09-06
147.15000,147.75000,+,114.8,114.8,"Hudson",Columbia,42.25289917,-73.79100037,N2LEN,OPEN,On-Air,Analog/analog,,6269,4207,,,2014-10-28
147.15000,147.75000,+,136.5,123.0,"Manhattan - Washington Heights",New York,40.84170151,-73.93939972,N2JDW,OPEN,On-Air,Analog/analog,,,,,,2021-01-13
147.15000,147.75000,+,103.5,,"Oswego",Oswego,43.45479965,-76.37500000,W2OSC,OPEN,On-Air,Analog/analog,,,,,,2016-11-20
147.15000,147.75000,+,123.0,,"Plattsburgh",Clinton,44.69940186,-73.45330048,W2UXC,OPEN,On-Air,Analog/analog,,,8293,,,2020-12-27
147.16500,147.76500,+,114.8,,"Orangetown",Rockland,41.09059906,-73.91829681,WB2RRA,OPEN,On-Air,Analog/analog,,462389,5930,,Wide area,2011-06-04
147.16500,147.76500,+,,,"Speculator",Hamilton,43.52370071,-74.36090088,KA2VHF,OPEN,On-Air,Analog/analog,,,,,,2021-08-29
147.16500,147.76500,+,,,"Watkins Glen",Schuyler,42.38059998,-76.87329865,KA2IFE,OPEN,On-Air,Analog/analog,,,,,,2020-09-19
147.18000,147.78000,+,71.9,,"Cortland",Cortland,42.60110092,-76.18080139,K2IWR,OPEN,On-Air,Analog/analog,,,,27292,,2020-11-18
147.18000,147.78000,+,100.0,100.0,"Grafton",Rensselaer,42.72829819,-73.69219971,K2REN,OPEN,On-Air,Analog/analog,,,,,,2012-11-15
147.18000,147.78000,+,110.9,110.9,"Macedon",Wayne,43.04209900,-77.34919739,W1YX,OPEN,On-Air,Analog/analog,,,,,,2021-07-25
147.19500,147.79500,+,,,"Brooklyn",Kings,40.67819977,-73.94419861,KB2NGU,OPEN,On-Air,YSF,,,,,,2021-04-17
147.19500,147.79500,+,127.3,127.3,"Fredonia",Chautauqua,42.45280075,-79.33750153,KD2MNA,OPEN,On-Air,YSF/analog,1,,,,,2019-12-08
147.19500,147.79500,+,156.7,,"Glen",Montgomery,42.87269974,-74.32820129,N2MNT,OPEN,On-Air,Analog/analog,,,,,,2020-10-03
147.19500,147.79500,+,,,"Mahattan - Lincoln Center",New York,40.72800064,-73.99400330,N2BEI,OPEN,On-Air,Analog/analog,,,,,,2021-03-12
147.19500,147.79500,+,82.5,,"Skaneateles",Onondaga,42.94699860,-76.42910004,WB2FOF,OPEN,On-Air,Analog/analog,,,,,,2020-01-27
147.19500,147.79500,+,136.5,,"Southampton",Suffolk,43.52470016,-73.25219727,WA2UEG,OPEN,On-Air,Analog/analog,,,,,,2020-07-23
147.21000,147.81000,+,103.5,103.5,"Cazenovia - Route 92",Onondaga,42.93009949,-75.85269928,W2CM,OPEN,Unknown,Analog/analog,,,,,,2020-09-19
147.21000,147.81000,+,110.9,,"Hudson",Columbia,42.25279999,-73.79139709,K2RVW,OPEN,On-Air,Analog/analog,,,,,,2019-09-22
147.21000,147.81000,+,136.5,136.5,"Huntington",Suffolk,40.86809921,-73.42610168,WR2ABA,OPEN,On-Air,Analog/analog,,436398,,,,2020-05-17
147.21000,147.81000,+,123.0,123.0,"Wellsville - Alma Hill",Allegany,42.05670166,-78.00939941,NK2O,OPEN,On-Air,Analog/analog,,70625,,40198,,2021-06-18
147.22500,147.82500,+,110.9,110.9,"Brockport",Monroe,43.17660141,-77.96240234,N2HJD,OPEN,On-Air,Analog/analog,,636311,7250,,,2018-09-16
147.22500,147.82500,+,71.9,71.9,"Cortland",Cortland,42.60110092,-76.18080139,KB2FAF,OPEN,On-Air,Analog/analog,,,,27920,,2020-09-19
147.22500,147.82500,+,77.0,77.0,"Malone",Franklin,44.84899902,-74.29000092,WB2RYB,OPEN,On-Air,Analog/analog,,,,,,2020-08-13
147.24000,147.84000,+,91.5,91.5,"Barkersville - Lake Nancy",Saratoga,43.11389923,-74.01029968,K2DLL,OPEN,On-Air,Analog/analog,,,,,,2020-06-17
147.24000,147.84000,+,71.9,,"Kirkland",Oneida,43.07780075,-75.38320160,K1DCC,OPEN,On-Air,Analog/analog,,227963,,,,2020-09-16
147.24000,147.84000,+,94.8,94.8,"Manhattan",New York,40.72829819,-73.99420166,K2NYR,OPEN,On-Air,Analog/analog,,,,,,2021-03-12
147.25500,146.65500,-,100.0,,"Endicott",Broome,42.09830093,-76.04969788,WA2VCS,OPEN,On-Air,Analog/analog,,,,,,2021-03-29
147.25500,147.85500,+,103.5,103.5,"Kingston",Ulster,41.94490051,-73.98799896,WA2MJM,OPEN,On-Air,Analog/analog,,,,,,2015-11-13
147.25500,147.85500,+,107.2,107.2,"Lancaster",Erie,42.92929840,-78.61879730,W2SO,OPEN,On-Air,YSF/analog,,,4908,27709,,2020-11-11
147.25500,147.85500,+,123.0,,"Mineville",Essex,44.09280014,-73.51860046,WA2LRE,OPEN,On-Air,Analog/analog,,,,,,2019-12-04
147.25500,147.85500,+,,,"North Babylon - Babylon Town Hall",Suffolk,40.59000015,-73.50000000,KB2UR,OPEN,Off-Air,Analog/analog,,,,,,2019-04-15
147.25500,147.85500,+,151.4,,"Watertown",Jefferson,43.97480011,-75.91079712,KA2QJO,OPEN,On-Air,Analog/analog,,,,,Wide area,2020-09-14
147.27000,147.87000,+,71.9,,"Auburn",Cayuga,42.93170166,-76.56639862,K2RSY,OPEN,On-Air,YSF/analog,,,,,,2018-09-30
147.27000,147.87000,+,100.0,100.0,"Campbell",Steuben,42.20510101,-77.19830322,N9RIM,OPEN,On-Air,YSF,,,,,,2021-06-02
147.27000,147.87000,+,141.3,141.3,"Manhattan",New York,40.74000168,-73.98999786,W2ABC,OPEN,On-Air,Analog/analog,,,,,,2021-03-12
147.28500,147.88500,+,141.3,,"Batavia",Genesee,42.99810028,-78.18779755,W2SO,OPEN,On-Air,Analog/analog,,307340,,,,2021-01-06
147.28500,147.88500,+,123.0,,"Lyon Mountain",Clinton,44.72470093,-73.91190338,W2UXC,OPEN,On-Air,Analog/analog,,,,,Wide area,2017-11-05
147.28500,147.88500,+,97.4,97.4,"Melville",Suffolk,40.79339981,-73.41510010,KB2AKH,OPEN,On-Air,Analog/analog,,,4490,,,2018-07-11
147.28500,147.88500,+,118.8,,"Orange County",Orange,41.44779968,-74.39379883,N2TMT,OPEN,On-Air,Analog/analog,,,,,,2020-03-28
147.30000,147.90000,+,146.2,,"Brooklyn",Kings,40.66400146,-73.95829773,KB2NGU,OPEN,On-Air,Analog/analog,,297388,,,,0000-00-00
147.30000,147.90000,+,91.5,91.5,"Candor - Candor Hill",Tioga,42.23809814,-76.30989838,K2OQ,OPEN,On-Air,Analog/analog,,,,,Wide area,2016-06-20
147.30000,147.90000,+,100.0,100.0,"Lake Placid",Essex,44.27939987,-73.98030090,N2NGK,OPEN,On-Air,DMR,,,,,,2014-11-15
147.30000,147.90000,+,,,"Rotterdam Junction - Crawford Hill",Schenectady,42.81420135,-73.93959808,N2LEN,OPEN,On-Air,DMR,1,,,,,2021-09-15
147.30000,147.90000,+,67.0,,"Syracuse - Onondaga Community College",Onondaga,43.00640106,-76.19170380,K2OCR,OPEN,On-Air,Analog/analog,,,,,,2016-09-25
147.31500,147.91500,+,71.9,,"Old Forge",Herkimer,43.71009827,-74.97350311,KA2FWN,OPEN,On-Air,Analog/analog,,,,,,2018-08-05
147.31500,147.91500,+,118.8,118.8,"Staten Island - Todt Hill",Richmond,40.58330154,-74.15000153,KC2GOW,OPEN,On-Air,P25/analog,293,,,,Wide area,2021-01-10
147.31500,147.91500,+,141.3,,"Wethersfield",Wyoming,42.65169907,-78.23560333,KC2QNX,OPEN,On-Air,Analog/analog,,,,,,2021-06-16
147.33000,147.93000,+,110.9,,"Cameron - Travis Hill",Steuben,42.12250137,-77.50330353,N2AAR,OPEN,On-Air,Analog/analog,,,,,,2021-07-12
147.33000,147.93000,+,146.2,146.2,"Grafton",Rensselaer,42.73230000,-73.50770000,K2RHI,OPEN,On-Air,Analog/analog,,,,,,2020-05-02
147.33000,147.93000,+,136.5,136.5,"Plainview",Nassau,40.77640152,-73.46779633,WA2UZE,OPEN,On-Air,Analog/analog,,,,,,0000-00-00
147.33000,147.93000,+,100.0,100.0,"Tupper Lake",Franklin,44.23500061,-74.46849823,W2TUP,OPEN,On-Air,Analog/analog,,,,,,2019-12-04
147.34500,147.94500,+,100.0,,"Islip",Suffolk,40.72969818,-73.21080017,K2IRG,OPEN,On-Air,Analog/analog,,,,,,2014-10-28
147.34500,147.94500,+,110.9,110.9,"Rochester - URMC",New York,43.12229919,-77.62519836,WR2ROC,OPEN,On-Air,Analog/analog,,492882,4250,43262,,2020-01-03
147.36000,147.96000,+,107.2,107.2,"Clarence",Erie,43.07300186,-78.58879852,AG2AA,OPEN,On-Air,YSF/analog,,,,,,2018-08-22
147.36000,147.96000,+,,,"East Galway",Saratoga,43.07170105,-73.98889923,K2DLL,OPEN,On-Air,Analog/analog,,,,,,2019-10-21
147.36000,147.96000,+,,114.8,"Elmira",Chemung,42.08969879,-76.80809784,N3AQ,OPEN,On-Air,Analog/analog,,,,,,2020-09-18
147.36000,147.96000,+,107.2,CSQ,"Manhattan -  Rockefeller Center",New York,40.75880051,-73.97930145,WA2ZLB,OPEN,On-Air,Analog/analog,,,,,,2020-12-28
147.37500,147.97500,+,100.0,100.0,"Albany",Albany,42.65250015,-73.75669861,KA2QYE,OPEN,On-Air,Analog/analog,,,,,,2020-11-09
147.37500,147.97500,+,,,"Hemlock",Ontario,42.77099991,-77.54969788,K2BWK,OPEN,On-Air,DStar,,,,,,2021-11-12
147.37500,147.97500,+,136.5,136.5,"Selden",Suffolk,40.83110046,-73.02999878,W2KPQ,OPEN,On-Air,Analog/analog,,503075,4478,,,2019-09-19
147.39000,147.99000,+,71.9,,"Amsterdam",Montgomery,42.96769400,-74.18969600,KD2ULC,OPEN,On-Air,Analog,,,,,,2021-05-17
147.39000,147.99000,+,151.4,,"Brewster",Putnam,41.22029877,-73.61750031,WA2ZPX,CLOSED,Off-Air,Analog/analog,,,,,,0000-00-00
147.39000,147.99000,+,88.5,,"Buffalo",Erie,42.88639832,-78.87860107,W2DXA,OPEN,On-Air,Analog/analog,,,,,,2018-08-08
147.39000,147.99000,+,156.7,,"Cragsmoor",Ulster,41.67330170,-74.38580322,WA2ZPX,CLOSED,On-Air,Analog/analog,,,,,,2020-12-21
147.39000,147.99000,+,156.7,,"Finchville",Orange,41.42779922,-74.57170105,WA2ZPX,OPEN,On-Air,P25/analog,293,242534,4130,,Wide area,2019-08-21
147.39000,147.99000,+,,,"Fulton",Oswego,43.32279968,-76.41719818,WN8Z,OPEN,On-Air,YSF/analog,,,,,,2019-12-22
147.39000,147.99000,+,91.5,91.5,"Owego",Tioga,42.02450180,-76.21410370,K2OQ,OPEN,On-Air,Analog/analog,,,,,Wide area,2021-03-29
147.39000,147.99000,+,110.9,110.9,"Parishville",St Lawrence,44.62870026,-74.81379700,W2SLV,OPEN,On-Air,Analog/analog,,,,,,2021-10-22
147.43750,144.93750,s,,,"Old Forge - Murdock Mt",Hamilton,43.75450134,-74.79290009,N2LBT,OPEN,On-Air,DMR,1,,,,,2019-12-08
147.53500,145.53500,s,123.0,,"Nanuet",Rockland,41.08860016,-74.01390076,KC2EHA,OPEN,On-Air,Analog/analog,,,,,,2013-03-01
147.53500,145.53500,s,100.0,100.0,"Napanoch",Ulster,41.74399948,-74.37149811,KC2FBI,OPEN,On-Air,Analog/analog,,461132,,,,2020-04-13
147.63000,147.03000,-,107.2,,"Warwick - Mt Peter",Orange,41.25999832,-74.37000275,N2IXA,OPEN,Off-Air,Analog/analog,,,,,,2019-09-26
