Output Freq,Input Freq,Offset,Uplink Tone,Downlink Tone,"Location",County,Lat,Long,Call,Use,Op Status,Mode,Digital Access,EchoLink,IRLP,AllStar,Coverage,Last Update
438.10000,438.10000,x,D226,D226,"NYC - South Bronx",Bronx,40.83720016,-73.92919922,K2CSX,OPEN,On-Air,Analog/analog,,600864,,,,2021-08-09
438.12500,438.12500,x,D226,,"New York - High Bridge",Bronx,40.83720016,-73.92919922,K2CSX,OPEN,On-Air,YSF,,,,,,2021-01-24
438.12500,438.12500,x,,,"South Bronx",Bronx,40.81767000,-73.91842610,K2CSX,OPEN,Unknown,YSF,,,,,,2021-08-09
438.27500,0.00000,-,,,"Brooklyn",Kings,40.63880157,-73.88590240,WB2ZEX,OPEN,On-Air,DMR,1,,,,,2019-12-08
438.47500,0.00000,-,118.8,,"Brooklyn",Kings,40.65000153,-73.94999695,K2QQJ,OPEN,Unknown,Analog/analog,,,,,,2011-10-25
438.51250,0.00000,-,,,"Glen Oaks",Queens,40.74720001,-73.71179962,WB2WAK,OPEN,On-Air,DMR,1,,,,,2019-12-08
438.56250,433.56250,s,,,"Manhattan",New York,40.72800064,-73.99400330,K2JRC,OPEN,On-Air,DMR,3,,,,,2019-12-08
438.58750,433.58750,s,,,"Bayside",Queens,40.76079941,-73.76650238,K2JRC,OPEN,On-Air,DMR,3,,,,,2019-12-08
438.61250,0.00000,+,,,"Glen Oaks",Queens,40.74720001,-73.71179962,K2JRC,OPEN,Off-Air,DMR,3,,,,,2019-12-08
439.12500,0.00000,+,118.8,,"Woodstock",Ulster,42.04092470,-74.11819710,N2ACF,OPEN,On-Air,Analog/analog,,,,,,2021-08-15
439.22500,0.00000,+,114.8,,"Staten Island",Richmond,40.57953170,-74.15020070,N2ACF,OPEN,On-Air,Analog/analog,,,,,,2021-10-27
439.40000,431.80000,s,,,"Carmel",Putnam,41.43009949,-73.68009949,W2HVL,OPEN,Off-Air,DMR,1,,,,,2015-12-04
439.50000,0.00000,-,,,"Brooklyn",Kings,40.67819977,-73.94419861,KB2NGU,OPEN,On-Air,YSF,,,,,,2020-03-17
439.52500,0.00000,-,114.8,,"Flushing",Queens,40.76530075,-73.81780243,N2PZ,OPEN,Unknown,Analog/analog,,,,,,2014-04-16
439.56250,0.00000,-,88.5,,"Astoria",Queens,40.76440048,-73.92350006,N2YGI,OPEN,On-Air,DMR,1,,,,,2019-12-08
439.58750,0.00000,-,,,"New Rochelle - Montefiore Hospital",Westchester,40.91299820,-73.78749847,KD2LS,OPEN,On-Air,DMR,1,,,,,2017-11-25
439.65000,0.00000,-,,,"Flushing",Queens,40.76750183,-73.83309937,N2YGI,OPEN,On-Air,DMR,13,,,,,2019-12-08
439.69000,439.69000,x,D225,,"New York City - Throggs Neck Bridge",Bronx,40.79993190,-73.79354810,W2MGF,OPEN,On-Air,Analog,,704572,,52077,,2021-10-06
439.69000,439.69000,x,,,"The Bronx",New York,40.81937920,-73.81524330,W2MGF,OPEN,Unknown,DStar,,,,,,2021-05-01
439.69000,439.69000,x,D225,D225,"The Bronx - THROGS NECK BRIDGE",New York,40.81937920,-73.81524330,W2MGF,OPEN,On-Air,Analog/analog,,704572,,52077,,2021-10-10
439.87500,0.00000,+,118.8,,"Harriman",Orange,41.30839920,-74.14459991,N2ACF,OPEN,On-Air,Analog/analog,,,,,,2021-08-26
440.05000,445.05000,+,136.5,,"Brooklyn",Kings,40.65000153,-73.94999695,K2QQJ,OPEN,On-Air,Analog/analog,,,,,,2021-04-13
440.05000,445.05000,+,107.2,107.2,"Greenport",Suffolk,41.10329819,-72.35970306,W2AMC,OPEN,On-Air,Analog/analog,,312790,4309,,,2021-03-11
440.15000,445.15000,+,88.5,,"Yonkers",Westchester,40.93109894,-73.89920044,W2YRC,OPEN,On-Air,Analog/analog,,,,,,2016-09-17
440.20000,445.20000,+,88.5,,"Bronx",Bronx,40.86190033,-73.91639709,KB2NGU,OPEN,On-Air,Analog/analog,,297388,,,,0000-00-00
440.25000,445.25000,+,,,"North Lindenhurst",Suffolk,40.71429825,-73.38150024,W2TOB,OPEN,On-Air,DStar,,,,,,2013-09-13
440.31250,445.31250,+,,,"Highland - WRWD",Ulster,41.69950104,-74.00260162,KC2OBW,OPEN,On-Air,DMR,11,,,,,2019-12-08
440.35000,445.35000,+,127.3,,"Manhattan",New York,40.72800064,-73.99400330,WA2WCB,OPEN,On-Air,Analog/analog,,,,,,0000-00-00
440.42500,445.42500,+,156.7,,"Manhattan",New York,40.72800064,-73.99400330,WR2MSN,CLOSED,On-Air,Analog/analog,,,,,,0000-00-00
440.50000,445.50000,+,136.5,,"Brooklyn",Kings,40.65000153,-73.94999695,K2QQJ,OPEN,On-Air,Analog/analog,,,,,,2012-12-08
440.55000,445.55000,+,141.3,141.3,"Manhattan - Times Square",New York,40.75899887,-73.98449707,KC2GOW,OPEN,On-Air,P25/analog,293,,,,Wide area,2021-01-10
440.60000,445.60000,+,141.3,,"Manhattan",New York,40.72800064,-73.99400330,NY4Z,OPEN,On-Air,Analog/analog,,,,,,2021-03-12
440.65000,445.65000,+,114.8,114.8,"Valhalla",Westchester,41.05500031,-73.76719666,K2XD,OPEN,On-Air,Analog/analog,,,,,Wide area,2016-10-14
440.70000,445.70000,+,114.8,,"Flushing - Queens College",Queens,40.73619843,-73.80709839,WB2HWW,OPEN,Unknown,Analog/analog,,305371,7820,,,2021-05-22
440.75000,445.75000,+,162.2,,"Glen Oaks",Queens,40.74689865,-73.71189880,KB2EKX,OPEN,On-Air,Analog/analog,,,,,,0000-00-00
440.80000,445.80000,+,173.8,173.8,"Bronx",Bronx,40.84999847,-73.86370087,N2YN,OPEN,On-Air,YSF,,,,,,2021-04-17
440.85000,445.85000,+,110.9,110.9,"West Islip",Suffolk,40.70610046,-73.30670166,W2GSB,OPEN,On-Air,Analog/analog,,,,,,2017-03-01
441.05000,446.05000,+,141.3,,"Beacon  - Mt. Beacon",Dutchess,41.50479889,-73.96959686,W2ABC,OPEN,Unknown,Analog/analog,,,,,,2018-04-07
441.10000,446.10000,+,136.5,136.5,"Brooklyn",Kings,40.66699982,-73.96199799,N2ROW,OPEN,On-Air,Analog/analog,,,,,,2021-01-13
441.15000,446.15000,+,,,"Brooklyn",Kings,40.67819977,-73.94419861,KB2RNI,OPEN,Off-Air,DMR,1,,,,,2019-12-08
441.18750,446.18750,+,,,"Carmel",Putnam,41.43009949,-73.68009949,W2HVL,OPEN,Unknown,DMR,1,,,,,2019-11-20
441.35000,446.35000,+,107.2,,"Mineola",Nassau,40.74919891,-73.64109802,W2EJ,CLOSED,Unknown,Analog/analog,,,,,,2018-03-30
441.40000,446.40000,+,151.4,151.4,"Plainview",Nassau,40.77640152,-73.46779633,KC2AOY,OPEN,On-Air,Analog/analog,,,,,,2020-12-27
441.45000,446.45000,+,123.0,,"Manhattan",New York,40.72800064,-73.99400330,NE2E,OPEN,On-Air,Analog/analog,,,4757,,,0000-00-00
441.58750,446.58750,+,114.8,114.8,"Thiells - Rosman Center",Rockland,41.21070099,-74.01760101,W2LGB,OPEN,On-Air,YSF,,,,,,2015-10-22
441.70000,446.70000,+,100.0,100.0,"Manhattan  - Bowling Green",New York,40.78310013,-73.97129822,K2IRT,,On-Air,Analog/analog,,,,,,2021-03-12
441.80000,446.80000,+,82.5,82.5,"Thiells - Rosman Center",Rockland,41.21070099,-74.01760101,W2LGB,OPEN,On-Air,YSF,,,,,,2016-08-01
441.95000,446.95000,+,114.8,,"Liberty",Sullivan,41.80120087,-74.74659729,N2ACF,OPEN,On-Air,Analog/analog,,,,,,2019-05-06
442.02500,447.02500,+,,,"Fine - Adirondack Foothills",Franklin,44.24760056,-75.13760376,WA2NAN,OPEN,On-Air,Analog/analog,,,,,,2015-04-24
442.02500,447.02500,+,110.9,110.9,"Medina",Orleans,43.22010040,-78.38700104,WB2ERD  ,OPEN,On-Air,Analog/analog,,,,,,2021-03-01
442.05000,447.05000,+,,,"Brooklyn",Kings,40.65589905,-73.94760132,NY4Z,OPEN,On-Air,DMR,1,,,,,2019-12-08
442.05000,447.05000,+,114.8,114.8,"Ellenville - Sams Point",Ulster,41.69839859,-74.34700012,N2LEN,OPEN,Unknown,Analog/analog,,,,,,2016-02-10
442.05000,447.05000,+,114.8,,"Holtsville",Suffolk,40.81529999,-73.04560089,AG2I,OPEN,On-Air,Analog/analog,,,,,,0000-00-00
442.07500,447.07500,+,110.9,110.9,"Rochester - RIT",Monroe,43.08610153,-77.66809845,K2GXT,OPEN,On-Air,Analog/analog,,25308,,40007,,2021-09-21
442.10000,447.10000,+,88.5,88.5,"Colden",Erie,42.64429855,-78.67849731,W2IVB,OPEN,On-Air,Analog/analog,,,,,Wide area,2018-07-12
442.10000,447.10000,+,,,"White Plans",Westchester,41.03480148,-73.77269745,NY4Z,OPEN,On-Air,DMR,3,,,,,2019-01-19
442.12500,447.12500,+,110.9,110.9,"Henrietta",Monroe,43.05207730,-77.59121980,W2JSB,OPEN,On-Air,P25/analog,1293,,,,,2021-09-15
442.15000,447.15000,+,,,"Colden",Herkimer,42.64420000,-78.68470000,W2BRW,OPEN,On-Air,DMR,,,,,,2021-05-24
442.17500,447.17500,+,,,"Fine [Oswegatchie] - Ridge Rd",St Lawrence,44.24760056,-75.13760376,WA2NAN,OPEN,On-Air,DMR,1,,,,,2019-12-08
442.18750,447.18750,+,,,"Buffalo - New Era Stadium",Erie,42.65219879,-78.89720154,N2CID,OPEN,On-Air,DMR,1,,,,,2020-09-24
442.18750,447.18750,+,114.8,118.8,"Thiells - Rosman Center",Rockland,41.21070099,-74.01760101,W2LGB,OPEN,On-Air,YSF,,,,,,2015-12-01
442.20000,447.20000,+,110.9,,"Naples-Gannet Hill",Ontario,42.70009995,-77.40859985,W2ONT,OPEN,On-Air,Analog/analog,,,,,,2021-11-12
442.22500,447.22500,+,82.5,82.5,"Waterloo",Seneca,42.90480042,-76.86270142,W2ACC,OPEN,On-Air,Analog/analog,,,,42691,,2017-03-01
442.25000,447.25000,+,,,"La Fargeville - Thousand Islands",Essex,44.17690900,-75.94745100,KD2WYL,OPEN,On-Air,Analog/analog,,769078,,55528,,2021-10-22
442.25000,447.25000,+,,,"North Creek",Warren,43.69779968,-73.98600006,W2WCR,OPEN,On-Air,DMR,1,,,,Wide area,2019-12-08
442.25000,447.25000,+,167.9,,"Oneonta",Otsego,42.45285710,-75.06377460,W2SEU,OPEN,On-Air,Analog/analog,,,,,,2020-09-18
442.25000,447.25000,+,,,"Verona - NY62 on the Verona Airport",Oneida,43.13809967,-75.57070160,K1DCC,OPEN,On-Air,DMR,1,,,,,2019-12-08
442.27500,447.27500,+,107.2,107.2,"Arcade",Wyoming,42.58580017,-78.36180115,KC2PES,OPEN,On-Air,Analog/analog,,861391,,,,2019-04-04
442.28750,447.28750,+,,,"Peru - Terry Mountain",Clinton,44.69950104,-73.45290375,NV2M,OPEN,On-Air,DMR,1,,,,Wide area,2019-12-08
442.30000,447.30000,+,100.0,,"Elmira - Harris Hill",Chemung,42.12384340,-76.89655030,N2EUS,OPEN,On-Air,YSF/analog,,,,,,2021-06-03
442.30000,447.30000,+,,,"North Hebron",Washington,43.32310104,-73.32039642,N2ZTC,OPEN,On-Air,DMR,1,,,,Wide area,2018-04-30
442.30000,447.30000,+,,,"Parishville",St Lawrence,44.62870026,-74.81379700,KE2EMS,OPEN,Unknown,DMR,1,,,,,2019-12-08
442.30000,447.30000,+,114.8,,"Riverhead",Suffolk,40.92829895,-72.66220093,N2NFI,OPEN,On-Air,Analog/analog,,229199,4677,,,2019-10-22
442.35000,447.35000,+,,,"Russell - Kimball Hill",St Lawrence,44.44729996,-75.14350128,W2SLV,OPEN,Testing,DMR,1,,,,Wide area,2020-05-30
442.36250,447.36250,+,,,"Hamburg - New Era Stadium",Erie,42.71590042,-78.82949829,N2CID,OPEN,On-Air,DMR,1,,,,,2021-09-08
442.40000,437.40000,-,,,"Cohoes",Albany,42.77420044,-73.70010376,WA2CW,OPEN,Off-Air,DMR,1,,,,,2019-12-08
442.40000,447.40000,+,114.8,114.8,"Upton",Suffolk,40.86940002,-72.88719940,K2BNL,OPEN,On-Air,Analog/analog,,248798,,,,2021-10-24
442.45000,447.45000,+,179.9,179.9,"Manhattan",New York,40.72800064,-73.99400330,KB2RQE,OPEN,On-Air,Analog/analog,,,,,,2017-07-11
442.57500,447.57500,+,,,"Athens",Greene,42.26039886,-73.80960083,KM4WUD,OPEN,On-Air,DMR,,,,,,2019-12-08
442.57500,447.57500,+,107.2,,"Niagara Falls",Niagara,43.09621430,-79.03773880,N3AU,OPEN,On-Air,Analog,,,,,,2020-11-06
442.60000,447.60000,+,110.9,110.9,"Branchport",Yates,42.58940125,-77.29260254,N2LSJ,OPEN,On-Air,Analog/analog,,,,,,2016-01-09
442.65000,447.65000,+,141.3,,"Queens Village",Queens,40.72669983,-73.74189758,WB2QBP,OPEN,On-Air,Analog/analog,,,,,,2021-05-23
442.67500,447.67500,+,107.2,107.2,"Kenmore - Kenmore Mercy Hospital",Erie,42.96590042,-78.87000275,,OPEN,On-Air,P25/analog,293,,,42632,,2020-01-03
442.72500,447.72500,+,141.3,,"Spencerport ",Monroe,43.18330000,-77.77460000,KU6E,OPEN,On-Air,DMR,1,,,,,2020-10-27
442.75000,447.75000,+,,,"Austerlitz",Columbia,42.31179810,-73.47319794,KQ2H,OPEN,On-Air,Analog/analog,,,,,,2015-11-15
442.75000,447.75000,+,173.8,173.8,"Bronx",Bronx,40.84999847,-73.86669922,N2YN,OPEN,On-Air,Analog/analog,,,,,,2016-10-02
442.75000,447.75000,+,123.0,,"Lake Placid -  Blue Mountain",Essex,44.39390182,-73.97499847,N2JKG,OPEN,Off-Air,Analog/analog,,,,,Wide area,0000-00-00
442.75000,447.75000,+,88.5,88.5,"Sherman",Chautauqua,42.15919876,-79.59529877,WB2EDV,OPEN,On-Air,Analog/analog,,,,,,2020-05-30
442.80000,447.80000,+,100.0,100.0,"Binghamton/Endicott",Broome,42.11090088,-76.01560211,AC2YS,OPEN,On-Air,Analog/analog,,,,,,2019-09-02
442.80000,447.80000,+,110.9,110.9,"Rochester",Monroe,43.16460037,-77.64659882,N2HJD,OPEN,On-Air,Analog/analog,,636311,7250,,,2014-06-08
442.80000,447.80000,+,71.9,,"Staten Island",Richmond,40.58330154,-74.15000153,KB2EA,OPEN,On-Air,Analog/analog,,,,,,2016-04-15
442.83750,447.83750,+,,,"York",Livingston,42.83317810,-77.96300000,N2YSG,OPEN,Testing,DMR,1,,,,,2021-10-21
442.85000,447.85000,+,156.7,,"Austerlitz - Austerlitz Mountain",Columbia,42.33140182,-73.41149902,WA2ZPX,OPEN,On-Air,Analog/analog,,,,,Wide area,2013-12-21
442.85000,447.85000,+,71.9,,"Cortland",Cortland,42.55400085,-76.14800262,KB2FAF,OPEN,On-Air,Analog/analog,,171371,,28458,,2014-02-03
442.85000,447.85000,+,118.8,,"Dobbs Ferry",Westchester,41.01440048,-73.87310028,K2UTB,OPEN,On-Air,Analog/analog,,,,,,0000-00-00
442.85000,447.85000,+,151.4,,"Hauppague",Suffolk,40.82569885,-73.20259857,WB2ROL,OPEN,On-Air,Analog/analog,,221031,8990,,,2018-07-15
442.85000,447.85000,+,123.0,123.0,"Middletown",Orange,41.39106200,-74.44639100,WA2ZPX,OPEN,On-Air,Analog/analog,,,,511722,,2021-03-24
442.85000,447.85000,+,,,"Ogdensburg - Golden Dome",St Lawrence,44.68780136,-75.48339844,W2SLV,OPEN,On-Air,DMR,1,,,,,2021-10-22
442.87500,447.87500,+,141.3,,"Albion",Orleans,43.28639984,-78.19180298,K2SRV,OPEN,On-Air,YSF/analog,1,603973,,,,2020-11-18
442.90000,447.90000,+,110.9,110.9,"Victor - Baker Hill",Monroe,42.89509964,-77.43470001,N2HJD,OPEN,On-Air,Analog/analog,,636311,7250,,,2017-08-03
442.92500,447.92500,+,110.9,,"Macedon",Wayne,43.04199982,-77.34919739,N2HJD,OPEN,On-Air,Analog/analog,,,,,,2017-08-28
442.95000,447.95000,+,82.5,,"Lake George",,43.42618090,-73.71234080,KQ2H,OPEN,On-Air,Analog/analog,,,,,,2021-07-09
442.95000,447.95000,+,114.8,,"Melville",Suffolk,40.79330063,-73.41560364,WB2CIK,OPEN,On-Air,Analog/analog,,,,,,2021-09-30
443.00000,448.00000,+,,,"Troy",Rensselaer,42.73400116,-73.66200256,W2SZ,OPEN,On-Air,Analog/analog,,,,,,2019-06-11
443.05000,448.05000,+,179.9,179.9,"Sherburne",Chenango,42.67810059,-75.49849701,KD2HKB,OPEN,On-Air,Analog/analog,,,,,,2017-11-15
443.07500,448.07500,+,,,"Clyde",Seneca,42.98759842,-76.93669891,KA2NDW,OPEN,On-Air,NXDN,3293,,,,,2018-06-01
443.10000,448.10000,+,110.9,110.9,"Churchville",Monroe,43.10419846,-77.88449860,KB2CHM,OPEN,On-Air,Analog/analog,,49025,4516,48573,,2020-05-14
443.10000,448.10000,+,103.5,,"Syracuse",Onondaga,43.04809952,-76.14739990,WA2AUL,OPEN,On-Air,Analog/analog,,,,,,2020-09-27
443.15000,448.15000,+,151.4,,"Dexter",Jefferson,44.00780106,-76.04440308,KD2CPX,OPEN,On-Air,Analog/analog,,,,,,2018-09-30
443.15000,448.15000,+,71.9,,"Syracuse - Museum of Science and Technology",Onondaga,43.04700089,-76.15499878,K2MST,OPEN,On-Air,Analog/analog,,,,,,2020-09-19
443.15000,448.15000,+,88.5,,"Yorktown Heights",Westchester,41.27080154,-73.77809906,AF2C,OPEN,Off-Air,Analog/analog,,,,,,0000-00-00
443.20000,448.20000,+,,,"Montauk",Suffolk,41.03294100,-71.97563750,WZ2Y,OPEN,On-Air,DMR,1,,,,,2021-08-14
443.20000,448.20000,+,,,"Thiells - Rosman Center",Rockland,41.21070099,-74.01760101,W2LGB,OPEN,On-Air,DMR,1,,,,,2018-02-27
443.25000,448.25000,+,123.0,,"Mineola",Nassau,40.74919891,-73.64109802,KC2DVQ,OPEN,On-Air,Analog/analog,,,,,,0000-00-00
443.25000,448.25000,+,110.9,110.9,"Newark",Wayne,43.01779938,-77.09539795,N2MKT,OPEN,On-Air,YSF/analog,1293,310398,,41512,,2019-12-08
443.30000,448.30000,+,123.0,123.0,"Bronx",Bronx,40.85300064,-73.88700104,N2NSA,OPEN,On-Air,Analog/analog,,443300,,,,2017-03-26
443.30000,448.30000,+,CSQ,,"Pompey - Tully Hill",Onondaga,42.94710159,-76.02420044,W2CM,OPEN,On-Air,DMR,1,,,,,2020-06-21
443.30000,448.30000,+,,,"Voorheesville",Albany,42.65399933,-73.92870331,WA2UMX,OPEN,On-Air,DStar,,,,,,2021-10-04
443.32500,448.32500,+,141.3,141.3,"East Meadow",Nassau,40.71390152,-73.55940247,K2CX,OPEN,On-Air,Analog/analog,,,,,,2021-01-29
443.35000,448.35000,+,,,"Bronx",Bronx,40.84320068,-73.86679840,N2NSA,OPEN,On-Air,DMR,1,,,,,2019-12-08
443.35000,448.35000,+,114.8,,"Nanuet",Rockland,41.08869934,-74.01349640,WR2I,OPEN,On-Air,Analog/analog,,,,,,2017-07-02
443.35000,448.35000,+,,,"Potsdam - Clarkson Univ (Graham Hall)",St Lawrence,44.66329956,-74.99909973,K2CC,OPEN,Unknown,DMR,1,,,,,2021-04-04
443.45000,448.45000,+,100.0,100.0,"Lake George",Warren,43.42620087,-73.71230316,W2WCR,OPEN,On-Air,Analog/analog,,,,,,2014-10-28
443.45000,448.45000,+,107.2,,"Royalton",Niagara,43.15770440,-78.54337010,KD2WA,OPEN,Off-Air,Analog/analog,,,,,,2020-07-05
443.50000,448.50000,+,110.9,110.9,"Dix Hills",Suffolk,40.80469894,-73.33670044,W2RGM,OPEN,On-Air,DMR,,,,,,2019-09-03
443.50000,448.50000,+,,,"Hemlock",Ontario,42.77099991,-77.54969788,K2BWK,OPEN,On-Air,DStar,,,,,,2021-11-12
443.52500,448.52500,+,,,"Buffalo",Erie,42.86840057,-78.87860107,WB2ECR,OPEN,On-Air,Analog/analog,,,,,,2020-11-01
443.52500,448.52500,+,114.8,,"East Meadow",Nassau,40.71390152,-73.55940247,KB2BWV,OPEN,On-Air,Analog/analog,,,,,,2021-01-29
443.52500,448.52500,+,151.4,,"Russell",St Lawrence,44.41669846,-75.12390137,KA2JXI,OPEN,Unknown,Analog/analog,,,,,,2021-10-22
443.55000,448.55000,+,156.7,156.7,"Beacon - Mt Beacon",Dutchess,41.50479889,-73.96959686,KC2OUR,OPEN,On-Air,Analog/analog,,,,,,2019-05-17
443.55000,448.55000,+,100.0,,"Elmira",Chemung,42.08979650,-76.80773380,N2HLT,OPEN,On-Air,Analog,,,,,,2020-09-21
443.60000,448.60000,+,110.9,,"Briarcliff Manor",Westchester,41.14020157,-73.84020233,N2ION,OPEN,Unknown,DMR,1,,,,,2016-01-02
443.60000,448.60000,+,67.0,67.0,"North Tonawanda",Niagara,43.03870010,-78.86419678,N2WUT,OPEN,On-Air,Analog/analog,,,,,,2018-08-22
443.62500,448.62500,+,141.3,,"Wethersfield",Wyoming,42.65170000,-78.23560000,KC2QNX,OPEN,On-Air,Analog/analog,,,,,,2020-07-16
443.65000,448.65000,+,77.0,77.0,"Manhattan",New York,40.79029846,-73.95970154,N2YN,OPEN,On-Air,Analog/analog,,,,,,2013-12-01
443.65000,448.65000,+,103.5,,"Oneida",Madison,43.04190063,-75.66649628,W2MO,OPEN,On-Air,Analog/analog,,,,,,2015-12-21
443.70000,448.70000,+,141.3,141.3,"Pine Bush",Orange,41.58769989,-74.35710144,AA2XX,OPEN,On-Air,Analog/analog,,,,,,2016-11-21
443.75000,448.75000,+,110.9,110.9,"Rush/East Avon - Watts Electronics",Monroe,42.96799850,-77.68250275,N2YCK,OPEN,On-Air,Analog/analog,,,,,Wide area,2019-06-13
443.80000,448.80000,+,141.3,,"East Meadow",Nassau,40.71390152,-73.55940247,AA2UC,OPEN,On-Air,Analog/analog,,,,,,2015-03-22
443.80000,448.80000,+,,,"Harriman",Orange,41.30839920,-74.14459991,N2JTI,OPEN,Unknown,DMR,1,,,,,2020-06-12
443.80000,448.80000,+,114.8,,"Washingtonville",Orange,41.42789841,-74.16600037,N2ACF,OPEN,On-Air,Analog/analog,,,,,,2018-07-06
443.85000,448.85000,+,103.5,,"Kirkland",Oneida,43.03710175,-75.44360352,KA2FWN,OPEN,On-Air,Analog/analog,,227963,,,,2020-09-12
443.85000,448.85000,+,,107.2,"Lancaster",Erie,42.92929840,-78.61879730,W2SO,OPEN,On-Air,YSF/analog,,,,,,2020-11-16
443.85000,448.85000,+,162.2,,"Long Lake",Hamilton,43.97269821,-74.42040253,KD2BAD,OPEN,On-Air,Analog/analog,,,,,,2013-04-12
443.85000,448.85000,+,114.8,77.0,"Orangetown",Rockland,41.09059906,-73.91829681,N2ACF,OPEN,On-Air,Analog/analog,,,,,,2021-05-25
443.88750,448.88750,+,,,"Upper Manhattan - George Washington Bridge",New York,40.84880066,-73.93789673,N2NSA,OPEN,On-Air,DMR,1,,,,,2019-12-08
443.90000,448.90000,+,110.9,110.9,"Churchville -  On 100 foot tower ",Monroe,43.10422770,-77.88445430,KB2CHM,OPEN,On-Air,DMR/analog,,,,,,2020-05-19
443.90000,448.90000,+,123.0,,"Rocky Point",Suffolk,40.96120071,-72.97470093,N2FXE,OPEN,On-Air,Analog/analog,,,,,,2021-04-05
443.92500,448.92500,+,151.4,,"Niagara Falls",Niagara,43.09621430,-79.03773880,N3AU,OPEN,Off-Air,Analog,,,,,,2020-11-06
443.97500,448.97500,+,141.3,141.3,"Buffalo",Erie,42.76760101,-78.74389648,WB2ECR,OPEN,On-Air,Analog/analog,,,,,,2020-06-29
444.00000,449.00000,+,100.0,,"Albany",Albany,42.66999817,-73.76999664,K2AD,OPEN,On-Air,Analog/analog,,,,,Wide area,2015-05-12
444.00000,449.00000,+,,,"Albany - Helderberg Escarpment",Albany,42.65259933,-73.75620270,KM4WUD,OPEN,On-Air,DMR,,,,,,2021-08-09
444.00000,449.00000,+,,,"Buffalo",Erie,42.88639832,-78.87840271,WA2HKS,OPEN,On-Air,Analog/analog,,,,,,2020-08-17
444.00000,449.00000,+,,,"Orangeburg",Rockland,41.04650116,-73.94960022,N2JTI,OPEN,On-Air,DMR,1,,,,,2019-04-21
444.00000,449.00000,+,103.5,,"Syracuse - Sentinal Heights",Onondaga,42.95009995,-76.11489868,KD2SL,OPEN,On-Air,Analog/analog,,,,,,2020-09-19
444.05000,449.05000,+,114.8,114.8,"Manhattan",New York,40.78969955,-73.95300293,N2ION,OPEN,On-Air,Analog/analog,,600092,,,,2021-04-18
444.05000,449.05000,+,,,"Pine Hill",Ulster,42.13309860,-74.48010254,KQ2H,OPEN,On-Air,Analog/analog,,,,,,2015-11-15
444.08750,449.08750,+,,,"Lancaster",Herkimer,42.90060000,-78.67030000,W2BRW,OPEN,On-Air,DMR,,,,,,2021-05-24
444.10000,449.10000,+,100.0,100.0,"Albany",Columbia,42.65259933,-73.75620270,WA2PVV,OPEN,On-Air,Analog/analog,,,4455,,,2017-03-03
444.10000,449.10000,+,107.2,107.2,"Alma - Alma Hill",Allegany,42.05670166,-78.00939941,NK2O,OPEN,On-Air,Analog/analog,,70625,,40198,Wide area,2021-06-18
444.10000,449.10000,+,88.5,,"Colden",Erie,42.64419937,-78.68499756,WB2JPQ,OPEN,On-Air,Analog/analog,,,4068,,,2021-05-30
444.15000,449.15000,+,88.5,,"Lackawanna",Erie,42.00690079,-78.50610352,WB2JPQ,OPEN,On-Air,Analog/analog,,,4068,,,2018-08-02
444.17500,449.17500,+,88.5,,"Delevan",Cattaraugus,42.48920059,-78.48110199,K2XZ,OPEN,On-Air,Analog/analog,,,4068,,,2021-01-02
444.20000,449.20000,+,,,"Eden",Erie,42.65230179,-78.89700317,WB2JPQ,OPEN,On-Air,DMR,1,,,,,2020-09-24
444.20000,449.20000,+,100.0,100.0,"Elmira",Chemung,42.03179932,-76.78359985,KA3EVQ,OPEN,On-Air,Analog/analog,,,,,,2020-09-18
444.20000,449.20000,+,,,"Schenectady",Schenectady,42.81420135,-73.93959808,K2AE,OPEN,On-Air,Analog/analog,,,,,,2020-06-17
444.23750,449.23750,+,,,"Hauppauge",Suffolk,40.80720139,-73.17929840,WD2NY,OPEN,On-Air,DStar,,,,,,2011-11-19
444.25000,449.25000,+,131.8,131.8,"Clay",Onondaga,43.18730110,-76.20400210,WA2DAD,OPEN,On-Air,Analog/analog,,,,,,2021-11-15
444.25000,449.25000,+,110.9,,"Rochester - URMC",Monroe,43.15660095,-77.60880280,WR2ROC,OPEN,On-Air,Analog/analog,,492882,4250,43262,,2020-05-25
444.27500,449.27500,+,,,"Batavia - NY State School for the Blind",Genesee,42.99810028,-78.18750000,W2SO,OPEN,On-Air,Analog/analog,,,,,,2020-11-11
444.30000,449.30000,+,,,"Stanley",Ontario,42.80530167,-77.08519745,KD2HVC,OPEN,On-Air,DStar,,,,,,2021-11-12
444.30000,449.30000,+,,,"Troy",Rensselaer,42.72840118,-73.69180298,N3TYA,OPEN,On-Air,Analog/analog,,,,,,2019-02-10
444.30000,449.30000,+,173.8,173.8,"Vestal",Broome,42.04800000,-76.04900000,N2YOW,OPEN,On-Air,P25/analog,293,,,,,2021-04-28
444.30000,449.30000,+,100.0,100.0,"WYNANTSKILL",Rensselaer,42.66094800,-73.68553500,K2RHI,OPEN,On-Air,Analog/analog,,,,,,2021-05-11
444.35000,449.35000,+,103.5,103.5,"Fulton",Oswego,43.32279968,-76.41719818,WN8Z,OPEN,On-Air,YSF/analog,,,,,,2017-02-25
444.35000,449.35000,+,88.5,,"Pomfret - Concord Drive",Chautauqua,42.37559891,-79.35389709,W2SB,OPEN,On-Air,Analog/analog,,,,,,2019-09-26
444.37500,449.37500,+,88.5,,"New Oregon",Erie,42.58829880,-78.79190063,WB2JPQ,OPEN,On-Air,Analog/analog,,,,,,2019-01-31
444.40000,449.40000,+,,,"East Meadow",Nassau,40.71400070,-73.55899811,KC2NFB,OPEN,On-Air,DMR,,,,,,2017-02-19
444.40000,449.40000,+,110.9,,"Rochester",Monroe,43.15480042,-77.61560059,W2RFC,OPEN,On-Air,Analog/analog,,,,,,2017-07-06
444.45000,449.45000,+,114.8,,"Lake George",Warren,43.42620087,-73.71230316,N2ACF,OPEN,On-Air,Analog/analog,,,,,,2021-05-25
444.45000,449.45000,+,88.5,88.5,"Mayville",Chautauqua,42.25389862,-79.50450134,WB2EDV,OPEN,On-Air,Analog/analog,,,,,,2021-06-25
444.45000,449.45000,+,114.8,,"Pomona",Rockland,41.16690063,-74.04360199,N2ACF,OPEN,On-Air,Analog/analog,,,,,Wide area,2017-07-31
444.45000,449.45000,+,110.9,110.9,"Rochester - Cobbs Hill",Monroe,43.16099930,-77.61090088,W2ARM,OPEN,On-Air,P25/analog,293,,,,,2021-10-05
444.55000,449.55000,+,,,"Binghamton",Broome,42.09870148,-75.91799927,AA2EQ,OPEN,On-Air,Analog/analog,,,,,,2021-03-29
444.55000,449.55000,+,88.5,,"Far Rockaway",Queens,40.64189911,-73.66999817,KB2YHS,OPEN,On-Air,Analog/analog,,,,,,2013-04-02
444.55000,449.55000,+,110.9,110.9,"S. Bristol - Bristol Mountain Ski Slope",Ontario,42.74160004,-77.42479706,WR2AHL,OPEN,On-Air,Analog/analog,,,,,,2019-11-01
444.60000,449.60000,+,136.5,136.5,"Bohemia",Suffolk,40.76919937,-73.11560059,N2HBA,OPEN,On-Air,Analog/analog,,,,,,2021-01-13
444.60000,449.60000,+,162.2,162.2,"Morrisville",Madison,42.91949844,-75.64389801,WA2DTN,OPEN,On-Air,Analog/analog,,,,,,2016-12-27
444.62500,449.62500,+,D125,D125,"Lockport",Niagara,43.16719818,-78.77020264,W2OM,OPEN,On-Air,DMR,1,,,,,2019-12-08
444.65000,449.65000,+,71.9,,"Auburn",Cayuga,42.93173350,-76.56605290,K2INH,OPEN,On-Air,Analog,,,,,,2020-09-27
444.65000,449.65000,+,114.8,,"Rye Brook",Westchester,41.01919937,-73.68389893,KB2GTE,OPEN,On-Air,Analog/analog,,,,,,0000-00-00
444.65000,449.65000,+,103.5,,"Valley Stream",Nassau,40.66419983,-73.70890045,WB2IIQ,OPEN,On-Air,Analog/analog,,,,,,0000-00-00
444.67500,449.67500,+,88.5,,"Orchard Park",Erie,42.76750183,-78.74420166,N2XFX,OPEN,On-Air,Analog/analog,,,4089,,,2018-08-08
444.70000,449.70000,+,94.8,,"Albany",Albany,42.66999817,-73.76999664,KB2SIY,OPEN,On-Air,Analog/analog,,,,,Wide area,2020-11-09
444.70000,449.70000,+,114.8,114.8,"Farmingville",Suffolk,40.84159851,-73.03510284,WR2UHF,OPEN,On-Air,YSF/analog,1293,,,40980,,2021-03-17
444.70000,449.70000,+,131.8,131.8,"Owego",Tioga,42.10340118,-76.26219940,N3KZ,OPEN,On-Air,Analog/analog,,,,,,2013-08-22
444.70000,449.70000,+,110.9,110.9,"Rochester - Senica Towers",Monroe,43.16099930,-77.61090088,N2HJD,OPEN,On-Air,Analog/analog,,636311,7250,,,2014-06-08
444.70000,449.70000,+,110.9,110.9,"Tupper Lake - Big Tupper Ski Area",Franklin,44.22389984,-74.46410370,W2TUP,OPEN,On-Air,Analog/analog,,,,,,2019-09-03
444.75000,449.75000,+,110.9,110.9,"Arcadia - Brantling Ski",Wayne,43.07640076,-77.07949829,WA2EMO,OPEN,On-Air,YSF,,,,43376,,2016-11-26
444.75000,449.75000,+,110.9,110.9,"Arcadia - Brantling Hill",Wayne,43.14848600,-77.06896000,WA2EMO,OPEN,On-Air,YSF/analog,,,,43376,,2021-10-10
444.75000,449.75000,+,110.9,110.9,"East Meadow - New York",Nassau,40.71390152,-73.55940247,WB2ERS,OPEN,On-Air,Analog/analog,,,,,,2021-09-30
444.75000,449.75000,+,110.9,110.9,"Parishville",St Lawrence,44.62868300,-74.81383340,W2SLV,OPEN,On-Air,Analog/analog,,,,42279,,2021-10-22
444.77500,449.77500,+,,,"Macedon",Wayne,43.06430054,-77.30950165,KA1CNF,OPEN,On-Air,YSF,,,,,,2020-07-03
444.80000,449.80000,+,100.0,100.0,"Alfred - Moland Hill",Allegany,42.25710000,-77.82211000,KD2PFE,OPEN,On-Air,Analog/analog,,70625,,40198,Wide area,2021-06-18
444.80000,449.80000,+,,,"Fairport",Monroe,43.09870148,-77.44190216,KB2VZS,OPEN,On-Air,DStar,,,,,,2012-04-18
444.80000,449.80000,+,,,"Oneida",Madison,43.09256840,-75.65129310,KA2FWN,OPEN,On-Air,DMR,1,,,,,2020-10-27
444.82500,449.82500,+,,110.9,"North Chili",Monroe,43.11980057,-77.80560303,W2XRX,OPEN,On-Air,YSF/analog,,,,,,2017-05-20
444.83750,449.83750,+,,,"Wheatfield",Niagara,43.09220123,-78.89499664,KD2GBR,OPEN,On-Air,DStar,,,,,,2020-11-18
444.85000,449.85000,+,123.0,,"Brookhaven",Suffolk,40.77579880,-72.91539764,W2OFD,OPEN,On-Air,Analog/analog,,,,,,2015-05-11
444.85000,449.85000,+,88.5,,"Olean",Cattaraugus,42.05149841,-78.40380096,K2XZ,OPEN,On-Air,Analog/analog,,,4715,,,2021-01-02
444.85000,449.85000,+,151.4,,"Parishville",St Lawrence,44.62860107,-74.81420135,W2LCA,OPEN,Unknown,Analog/analog,,,,,,2021-10-22
444.85000,449.85000,+,110.9,110.9,"Rochester",Monroe,43.15480042,-77.61560059,WB2KAO,OPEN,On-Air,Analog/analog,,78007,,,,2015-05-17
444.85000,449.85000,+,114.8,,"Sloatsburg",Rockland,41.15439987,-74.19329834,N2ACF,OPEN,On-Air,Analog/analog,,,,,,2020-12-12
444.88750,449.88750,+,179.9,,"East Meadow",Nassau,40.71390152,-73.55940247,NC2PD,OPEN,On-Air,Analog/analog,,,,,,2021-01-29
444.90000,449.90000,+,131.8,131.8,"Baldwinsville",Onondaga,43.15869904,-76.33270264,WA2DAD,OPEN,On-Air,Analog/analog,,,,,,2017-06-16
444.90000,449.90000,+,,,"Elmira",Chemung,42.08980179,-76.80770111,N3AQ,OPEN,On-Air,Analog/analog,,,,,,2020-06-10
444.90000,449.90000,+,110.9,,"Fairport",Monroe,43.03799820,-77.42199707,N2BZX,OPEN,On-Air,YSF/analog,001,,,,,2018-10-02
444.90000,449.90000,+,107.2,,"Perrysburg",Cattaraugus,42.45650101,-79.00199890,KC2DKP,OPEN,Off-Air,Analog/analog,,,,,,2012-10-03
444.90000,449.90000,+,225.7,,"Whitestone - Whitestone Bridge",Queens,40.47129822,-73.48999786,W2BAT,OPEN,On-Air,YSF/analog,,,,,,2017-03-02
444.92500,449.92500,+,,,"Amherst",Herkimer,42.97900000,-78.79230000,WB2FXY,OPEN,On-Air,DMR,,,,,,2021-05-24
444.95000,449.95000,+,110.9,110.9,"Canadice - Bald Hill",Ontario,42.72890091,-77.58329773,WR2AHL,OPEN,On-Air,Analog/analog,,,,,,2019-11-01
444.95000,449.95000,+,114.8,,"Flushing",Queens,40.76530075,-73.81780243,KB2HRA,OPEN,Unknown,Analog/analog,,,,,,2021-05-22
444.96250,449.96250,+,,,"Buffalo",Erie,42.88644680,-78.87836890,W2BRW,OPEN,On-Air,DMR,1,,,,,2020-05-22
444.97500,449.97500,+,127.3,127.3,"Falconer",Chautauqua,42.16120148,-79.22119904,KD2LWX,OPEN,On-Air,YSF/analog,,,,,,2019-09-27
445.02500,440.02500,-,,,"Earlton",Greene,42.35559845,-73.90070343,N2LEN,OPEN,On-Air,DMR,1,,,,,2019-12-08
445.07500,440.07500,-,100.0,100.0,"Cobelskill -  Petersburg Mountain ",Schoharie,43.63180161,-74.44920349,KW2Y,OPEN,On-Air,Analog/analog,,,,,,2021-04-23
445.07500,440.07500,-,114.8,,"Manhattan",New York,40.72800064,-73.99400330,WA2CBS,OPEN,Unknown,Analog/analog,,,9615,,Wide area,2021-06-28
445.12500,440.12500,-,114.8,,"Austerlitz",Columbia,42.33140182,-73.41149902,N2ACF,OPEN,On-Air,Analog/analog,,,,,,2017-07-31
445.12500,440.12500,-,141.3,141.3,"Staten Island - Todt Hill",Richmond,40.50699997,-74.21800232,KC2GOW,OPEN,On-Air,P25/analog,293,,8327,,Wide area,2021-01-10
445.17500,440.17500,-,141.3,141.3,"Queens",Queens,40.71419907,-73.83139801,NB2A,OPEN,On-Air,Analog/analog,,58497,,,,2021-01-13
445.18750,440.18750,-,,,"Austerlitz",Columbia,42.31179810,-73.47319794,N2JTI,OPEN,Unknown,DMR,1,,,,,2021-09-06
445.22500,440.22500,-,74.4,,"Manhattan",New York,40.72800064,-73.99400330,K2NYR,OPEN,On-Air,Analog/analog,,,,,,2021-03-12
445.27500,440.27500,-,,,"Manhattan",New York,40.72800064,-73.99400330,K2DIG,OPEN,Unknown,DStar,,,,,Wide area,2021-07-15
445.32500,440.32500,-,156.7,,"Staten Island",Richmond,40.58330154,-74.15000153,W2CWW,OPEN,Unknown,Analog/analog,,,,,,2016-04-15
445.37500,440.37500,-,114.8,,"Glen Oaks",Queens,40.74689865,-73.71189880,K2CJP,OPEN,On-Air,Analog/analog,,,,,,2021-03-13
445.42500,440.42500,-,136.5,136.5,"Yonkers",Westchester,40.93119812,-73.89880371,N2QNB,OPEN,On-Air,Analog/analog,,,,,,2018-06-25
445.47500,440.47500,-,,,"Brooklyn - Downtown",Kings,40.71440125,-74.00599670,WG2MSK,OPEN,Unknown,DStar,,,,,,2021-02-17
445.52500,440.52500,-,,,"Cedarhurst",Nassau,40.62289810,-73.72429657,N2XPM,OPEN,On-Air,Analog/analog,,7325,,,,2021-07-29
445.57500,440.57500,-,141.3,141.3,"Staten Island - North shore",Richmond,40.58330154,-74.15000153,N2EHN,OPEN,On-Air,Analog/analog,,168188,,,,2012-09-04
445.72500,440.72500,-,91.5,,"Farmingville",Suffolk,40.83110046,-73.02999878,K2LI,PRIVATE,On-Air,Analog/analog,,,8186,,,2016-10-04
445.82500,440.82500,-,114.8,,"Esopus",Ulster,41.82789993,-73.96510315,N2ACF,OPEN,On-Air,Analog/analog,,,,,,2020-12-21
445.82500,440.82500,-,156.7,156.7,"Staten Island",Richmond,40.58330154,-74.15000153,KA2PBT,OPEN,On-Air,Analog/analog,,,,,,0000-00-00
445.87500,440.87500,-,,,"Carmel - Mt. Ninham",Putnam,41.46120071,-73.72519684,K2PUT,OPEN,On-Air,DStar,,,,,,2013-12-30
445.87500,440.87500,-,136.5,,"Staten Island",Richmond,40.58330154,-74.15000153,N2BBO,OPEN,On-Air,Analog/analog,,,,,,2021-01-13
445.90000,440.90000,-,82.5,,"Washingtonville",Orange,41.42779922,-74.16639709,KQ2H,OPEN,On-Air,Analog/analog,,,,,,2017-06-27
445.97500,440.97500,-,74.4,,"Carle Place",Nassau,40.74000168,-73.63999939,N2YXZ,OPEN,On-Air,Analog/analog,,54747,,27647,,2021-01-05
446.02500,446.02500,x,114.8,,"Rochester",Monroe,43.14376000,-77.59286000,W2JLD,OPEN,On-Air,Analog,,449388,,2585,,2021-10-22
446.02500,441.02500,-,,,"Tupper Lake",Hamilton,44.22389984,-74.46410370,W2TUP,OPEN,On-Air,DMR,1,,,,Wide area,2019-12-08
446.02500,446.02500,x,,71.9,"Vestal",Broome,42.08509827,-76.05380249,KD2HNW,OPEN,On-Air,Analog/analog,,316137,,,,2015-09-20
446.12500,441.12500,-,114.8,,"Glen Spey",Sullivan,41.47869873,-74.81349945,N2ACF,OPEN,On-Air,Analog/analog,,,,,,2017-07-31
446.17500,441.17500,-,136.5,,"Brooklyn",Kings,40.65000153,-73.94999695,N2UOL,OPEN,On-Air,Analog/analog,,,,,,2018-05-18
446.27500,441.27500,-,141.3,,"Manhattan",New York,40.72800064,-73.99400330,NY4Z,OPEN,On-Air,Analog/analog,,,,,,0000-00-00
446.27500,441.27500,-,192.8,192.8,"White Plains",Westchester,41.03400040,-73.76290131,NY4Z,OPEN,On-Air,Analog/analog,,,,,,2015-07-12
446.28125,441.28125,-,,,"New Rochelle",Westchester,40.91149902,-73.78240204,K2HR,OPEN,On-Air,DMR,1,,,,,2019-05-27
446.32500,441.32500,-,127.3,127.3,"Farmingville - Telescope Hill",Suffolk,40.83119965,-73.02950287,WA2DCI,,On-Air,Analog/analog,,,,,,2019-05-25
446.38750,441.38750,-,114.8,,"Queens",Queens,40.72819901,-73.79489899,KB2NYC,OPEN,On-Air,YSF/analog,,,,,,2019-03-09
446.42500,441.42500,-,,,"Malverne",Nassau,40.67890167,-73.67440033,WB2WAK,OPEN,On-Air,DMR,1,,,,,2019-12-08
446.47500,441.47500,-,136.5,,"Plainview",Nassau,40.77640152,-73.46779633,WB2WAK,OPEN,On-Air,Analog/analog,,,,,,2009-10-05
446.51250,441.51250,-,118.8,118.8,"Farmingville",Suffolk,40.83110046,-73.02999878,K2SPD,OPEN,On-Air,Analog/analog,,45717,,,,2013-05-13
446.56250,441.56250,-,,,"Yorktown Heights - New York",New York,41.27090073,-73.77760315,KB2LFH,OPEN,On-Air,DMR,3,,,,,2016-10-27
446.62500,441.62500,-,110.9,,"Yaphank",Suffolk,40.83670044,-72.91750336,W2DQ,OPEN,On-Air,Analog/analog,,,,,,2020-10-04
446.67500,441.67500,-,114.8,,"Brooklyn",Kings,40.65000153,-73.94999695,WA2JNF,OPEN,Unknown,Analog/analog,,,,,,2021-03-13
446.72500,441.72500,-,192.8,192.8,"New Rochelle",Westchester,40.91149902,-73.78240204,NY4Z,OPEN,On-Air,Analog/analog,,,,,,2017-01-15
446.77500,441.77500,-,110.9,,"North Babylon - Babylon Town Hall",Suffolk,40.71640015,-73.32219696,KB2UR,OPEN,On-Air,Analog/analog,,,,,,2019-04-15
446.81250,441.81250,-,71.9,,"Queens",Queens,40.72800064,-73.99400330,KC2LAI,OPEN,Unknown,Analog/analog,,95540,,,,2021-03-10
446.82500,441.82500,-,141.3,141.3,"Brooklyn - Downtown",Kings,40.65000153,-73.94999695,K2RMX,OPEN,On-Air,YSF/analog,,,,,,2021-03-28
446.90000,441.90000,-,136.5,,"Manhattan",New York,40.72800064,-73.99400330,N2BEI,OPEN,On-Air,Analog/analog,,,,,,2012-06-25
446.92500,441.92500,-,69.3,69.3,"Manhattan",New York,40.72800064,-73.99400330,KF2GV,PRIVATE,On-Air,Analog/analog,,,,,,2017-12-30
446.97500,441.97500,-,,,"Lake Placid",New York,44.27949905,-73.97989655,N2NGK,PRIVATE,On-Air,DMR/analog,1,,,,,2019-12-08
447.02500,442.02500,-,D516,D516,"Glen Oaks",Queens,40.74689865,-73.71189880,WB2WAK,OPEN,On-Air,YSF/analog,,,,,,2018-07-24
447.07500,442.07500,-,114.8,,"Staten Island",Richmond,40.58330154,-74.15000153,KB2NQT,OPEN,Unknown,Analog/analog,,,,,,2016-04-15
447.07500,442.07500,-,127.3,127.3,"Troy",Rensselaer,42.72840118,-73.69180298,N2TY,OPEN,On-Air,YSF/analog,,,,,,2016-01-22
447.17500,442.17500,-,141.3,141.3,"Manhattan",New York,40.72800064,-73.99400330,WB2ZTH,OPEN,Unknown,Analog/analog,,,,,,2021-03-10
447.20000,442.20000,-,100.0,,"Manhattan",New York,40.72800064,-73.99400330,KE2EJ,OPEN,On-Air,Analog/analog,,,,,,2015-05-30
447.20000,442.20000,-,136.5,,"Plainview",Nassau,40.77640152,-73.46779633,KE2EJ,OPEN,On-Air,Analog/analog,,,4016,,,0000-00-00
447.27500,442.27500,-,,,"Greenwich - Willard Mountain",Washington,43.02000046,-73.51999664,N2LEN,OPEN,On-Air,DMR,1,,,,,2019-12-08
447.32500,442.32500,-,107.2,107.2,"Whitestone",Queens,40.79439926,-73.81890106,KC2EFN,OPEN,Unknown,Analog/analog,,262893,,,,2016-07-13
447.35000,442.35000,-,114.8,,"Plainview",Nassau,40.77640152,-73.46779633,N2FLF,OPEN,On-Air,Analog/analog,,,,,,2021-01-29
447.37500,442.37500,-,141.3,141.3,"Staten Island",Richmond,40.58330154,-74.15000153,WA2IAF,OPEN,On-Air,Analog/analog,,,,,,2013-05-03
447.47500,442.47500,-,,,"Valhalla",Westchester,41.08024200,-73.80680000,WB2ZII,OPEN,On-Air,DMR,14,,,,,2021-05-28
447.52500,442.52500,-,,,"Selden",Suffolk,40.86640167,-73.03610229,WA2UMD,CLOSED,Off-Air,Analog/analog,,,,,,0000-00-00
447.52500,442.52500,-,82.5,,"Wurtsboro",Sullivan,41.57669830,-74.48750305,KQ2H,OPEN,On-Air,Analog/analog,,,,,Wide area,2016-06-04
447.57500,442.57500,-,123.0,123.0,"Plattsburgh",Clinton,44.69950104,-73.45290375,NV2M,OPEN,On-Air,Analog/analog,,,,,,2014-12-02
447.62500,442.62500,-,136.5,,"Bronx",Bronx,40.84999847,-73.86669922,N2HBA,OPEN,On-Air,Analog/analog,,,,,,2021-01-13
447.72500,442.72500,-,71.9,,"Staten Island",Richmond,40.57949829,-74.15019989,KB2EA,OPEN,On-Air,Analog/analog,,,,,,2017-02-24
447.77500,442.77500,-,114.8,,"Islip Terrace",Suffolk,40.74309921,-73.19309998,WA2UMD,CLOSED,Off-Air,Analog/analog,,,,,,0000-00-00
447.77500,442.77500,-,123.0,,"Whiteface -  Whiteface Mountain",Essex,44.36579895,-73.90309906,N2JKG,CLOSED,On-Air,Analog/analog,,,,,,2016-04-19
447.80000,442.80000,-,114.8,CSQ,"Bear Mountain",Rockland,41.31290054,-74.00620270,N2ACF,OPEN,On-Air,Analog/analog,,,,,,2020-11-02
447.80000,442.80000,-,114.8,,"Selden",Suffolk,40.86640167,-73.03610229,WA2UMD,CLOSED,Off-Air,Analog/analog,,,,,,0000-00-00
447.82500,442.82500,-,107.2,107.2,"Manhattan -  Rockefeller Center",New York,40.75880051,-73.97930145,WA2ZLB,OPEN,On-Air,Analog/analog,,282103,4551,,,2021-03-10
447.87500,442.87500,-,114.8,CSQ,"Haverstraw",Rockland,41.19749832,-73.96499634,W2LGB,OPEN,On-Air,Analog/analog,,,,,,2018-07-21
447.92500,442.92500,-,114.8,114.8,"Oceanside",Nassau,40.63859940,-73.64060211,N2ION,OPEN,On-Air,Analog/analog,,,,,,2020-08-30
447.97500,442.97500,-,136.5,,"Syosset",Nassau,40.82609940,-73.50250244,WB2CYN,OPEN,On-Air,YSF/analog,,,,,,2021-04-09
448.02500,443.02500,-,136.5,,"Syosset",Nassau,40.82609940,-73.50250244,N2HBA,OPEN,On-Air,Analog/analog,,,,,,2021-01-13
448.07500,443.07500,-,123.0,,"Plattsburgh",Clinton,44.69940186,-73.45330048,WA2LRE,OPEN,On-Air,Analog/analog,,,,,,2019-09-03
448.12500,443.12500,-,88.5,,"Pawling",Dutchess,41.56190109,-73.60310364,KA2NAX,OPEN,On-Air,Analog/analog,,,,,,2013-11-24
448.12500,443.12500,-,151.4,,"Pyrites",St Lawrence,44.51478310,-75.18576200,KD2PBB,OPEN,On-Air,Analog/analog,,,,,,2020-06-27
448.18750,443.18750,-,114.8,,"Valhalla",Westchester,41.07479858,-73.77510071,W2ECA,OPEN,On-Air,Analog/analog,,,,,,2021-06-24
448.22500,443.22500,-,91.5,91.5,"Corinth",Saratoga,43.24449921,-73.83229828,K2DLL,OPEN,On-Air,Analog/analog,,,,,,2017-08-03
448.22500,443.22500,-,69.3,69.3,"Huntington - Huntington Hospital",Suffolk,40.87919998,-73.41609955,KF2GV,PRIVATE,On-Air,Analog/analog,,,,,,2013-10-11
448.22500,443.22500,-,,,"Huntington",Suffolk,40.86819839,-73.42569733,KC2QHN,PRIVATE,On-Air,Analog/analog,,,,,,2020-04-25
448.22500,443.22500,-,114.8,CSQ,"Warwick",Orange,41.26390076,-74.38220215,N2ACF,OPEN,On-Air,Analog/analog,,,,,,2017-07-31
448.27500,443.27500,-,114.8,114.8,"Hunter - Colonels Chair Summit",Greene,42.20059967,-74.23069763,N2LEN,OPEN,On-Air,Analog/analog,,6269,4207,,,2015-05-02
448.27500,443.27500,-,,,"Manhattan - Empire State Building",New York,40.74840164,-73.98770142,K2MAK,OPEN,On-Air,DMR,3,,,,,2019-12-08
448.32500,443.32500,-,114.8,CSQ,"Greenwich",Washington,43.09013950,-73.49928240,N2ACF,OPEN,On-Air,Analog/analog,,,,,,2020-12-05
448.32500,443.32500,-,123.0,123.0,"Otisville - Graham Mountain",Orange,41.44089890,-74.57399750,KC2OUR,OPEN,On-Air,Analog/analog,,,,,,2021-01-24
448.32500,443.32500,-,107.2,,"Southold",Suffolk,41.06470108,-72.42669678,W2OQI,OPEN,Off-Air,Analog/analog,,,,,,0000-00-00
448.37500,443.37500,-,162.2,,"Brooklyn",Kings,40.65000153,-73.94999695,KB2NGU,OPEN,On-Air,Analog/analog,,327684,,,,2021-03-12
448.42500,443.42500,-,114.8,114.8,"Huntington",Suffolk,40.86815390,-73.42567600,W2LRC,OPEN,Testing,Analog/analog,,,,,,2021-09-30
448.42500,443.42500,-,141.3,,"New York",New York,40.63330078,-74.11560059,N2MCC,OPEN,Off-Air,YSF,,,,,,2020-03-28
448.42500,443.42500,-,94.8,,"Troy",Rensselaer,42.72840118,-73.69180298,K2RHI,OPEN,On-Air,Analog/analog,,,,,,2021-01-27
448.43000,443.43000,-,107.2,,"Manhattan",New York,40.72800064,-73.99400330,KC2IMB,OPEN,On-Air,Analog/analog,,,,,,0000-00-00
448.47500,443.47500,-,,,"Dix Hills",Suffolk,40.80479813,-73.33619690,W2RGM,OPEN,On-Air,DMR,1,,,,,2019-12-08
448.47500,443.47500,-,94.8,,"Staten Island",Richmond,40.58330154,-74.15000153,N2IXU,OPEN,On-Air,Analog/analog,,,,,,2015-03-23
448.57500,443.57500,-,,,"Hamptonburgh - Goshen Turnpike",Orange,41.44580000,-74.31870000,K9RRD,OPEN,On-Air,DStar,,,,,,2020-05-09
448.57500,443.57500,-,,,"Westbury",Nassau,40.75569916,-73.58760071,NC2EC,OPEN,On-Air,DStar,,,,,,2015-02-08
448.62500,443.62500,-,77.0,77.0,"Kingston",Ulster,41.92699814,-73.99739838,WA2MJM,OPEN,Unknown,Analog/analog,,,,,,2020-12-21
448.62500,443.62500,-,136.5,,"Valley Stream",Nassau,40.66419983,-73.70890045,N2ZEI,OPEN,On-Air,Analog/analog,,,,,,2015-07-17
448.63750,443.63750,-,,,"Sag Harbor",Suffolk,41.04790115,-72.46309662,K1IMD,OPEN,On-Air,DMR,1,,,,,2019-08-23
448.67500,443.67500,-,114.8,114.8,"Hauppauge",Suffolk,40.82016700,-73.22420500,WR2ABA,OPEN,On-Air,Analog/analog,,,,,,2020-09-30
448.72500,443.72500,-,107.2,,"Putnam Valley",Putnam,41.33580017,-73.87439728,N2CBH,OPEN,On-Air,Analog/analog,,,,,,0000-00-00
448.77500,443.77500,-,114.8,,"Glen Oaks",Queens,40.74689865,-73.71189880,WB2VTJ,OPEN,On-Air,Analog/analog,,,,,,0000-00-00
448.82500,443.82500,-,114.8,,"Selden",Suffolk,40.86640167,-73.03610229,WA2VNV,OPEN,On-Air,DMR,1,,,,,2019-12-08
448.87500,443.87500,-,203.5,203.5,"Half Moon",Saratoga,42.82759857,-73.71779633,W2GBO,OPEN,On-Air,Analog/analog,,,,,,2014-10-28
448.92500,443.92500,-,107.2,107.2,"Clifton Park",Saratoga,42.84469986,-73.81839752,WA2TTP,OPEN,On-Air,Analog/analog,,,,,,2020-06-17
448.92500,443.92500,-,,,"Jefferson Valley",Westchester,41.31689835,-73.80169678,NY4Z,OPEN,On-Air,DMR,1,,,,,2019-12-08
448.97500,443.97500,-,136.5,136.5,"Brooklyn",Kings,40.65000153,-73.94999695,KB2PRV,CLOSED,On-Air,Analog/analog,,,,,,0000-00-00
449.02500,444.02500,-,,,"Ithaca",Tompkins,42.44400024,-76.50189972,AF2A,OPEN,On-Air,DStar,,,,,,2018-12-01
449.02500,444.02500,-,123.0,123.0,"Manhattan",New York,40.72800064,-73.99400330,N2JDW,OPEN,On-Air,Analog/analog,,,,,,2017-10-06
449.02500,444.02500,-,,,"New Baltimore",Greene,42.44609833,-73.78980255,N2LEN,OPEN,On-Air,DMR,1,,,,,2017-02-21
449.07500,444.07500,-,82.5,82.5,"Clyde",Seneca,42.98759842,-76.93669891,KA2NDW,OPEN,On-Air,Analog/analog,,375249,,,,2020-09-19
449.07500,444.07500,-,110.9,,"Jamaica",Queens,40.69139862,-73.80609894,N2ION,OPEN,On-Air,Analog/analog,,,,,,2012-12-25
449.12500,444.12500,-,100.0,100.0,"North chatham",Columbia,42.47029877,-73.63159943,W2JWR,OPEN,On-Air,Analog/analog,,,,,,2015-11-18
449.12500,444.12500,-,136.5,136.5,"Plainview",Nassau,40.77640152,-73.46779633,W2KPQ,OPEN,On-Air,Analog/analog,,500940,4969,,,2021-01-29
449.12500,444.12500,-,114.8,CSQ,"Port Jervis",Orange,41.37509918,-74.69270325,N2ACF,OPEN,On-Air,Analog/analog,,,,,,2020-10-05
449.17500,444.17500,-,114.8,,"Holtsville",Suffolk,40.81529999,-73.04560089,W2SBL,OPEN,On-Air,Analog/analog,,,,,,2017-01-07
449.18750,444.18750,-,114.8,114.8,"Thiells - Rosman Center",Rockland,41.20169830,-73.99440002,W2LGB,OPEN,On-Air,YSF/analog,,,,,,2018-07-21
449.22500,444.22500,-,82.5,67.0,"Manhattan - Empire State Building",New York,40.72800064,-73.99400330,KQ2H,OPEN,On-Air,Analog/analog,,,,,Wide area,2021-03-12
449.22500,444.22500,-,82.5,,"Stamford",Delaware,42.40729904,-74.61430359,KQ2H,OPEN,On-Air,Analog/analog,,,,,,2021-06-15
449.27500,444.87500,s,123.0,CSQ,"Beacon",Dutchess,41.50479889,-73.96959686,N2ACF,OPEN,On-Air,Analog/analog,,,,,,2017-07-31
449.27500,444.27500,-,88.5,,"Maspeth",Queens,40.58980179,-73.81359863,KB2YHS,OPEN,Unknown,Analog/analog,,,,,,2013-04-02
449.28000,444.72500,s,114.8,,"Bay Shore",Suffolk,40.72499847,-73.24579620,WA2RYY,OPEN,On-Air,Analog/analog,,,,,,0000-00-00
449.30000,444.30000,-,192.8,192.8,"Bethpage",Nassau,40.74420166,-73.48249817,K2ATT,CLOSED,On-Air,Analog/analog,,1224,4265,40822,,2020-05-30
449.32500,444.32500,-,136.5,,"Manhattan - Lincoln Center - Upper West Side",New York,40.72800064,-73.99400330,N2BEI,OPEN,On-Air,Analog/analog,,,,,,2021-03-12
449.32500,444.32500,-,,,"Utica - Smith Hill",Oneida,43.10089874,-75.23269653,KA2FWN,OPEN,On-Air,DMR,1,,,,,2020-10-25
449.35000,444.35000,-,71.9,,"Averill Park",Rensselaer,42.63399887,-73.55370331,W1GRM,OPEN,Off-Air,Analog/analog,,,,,,2019-09-03
449.36250,444.36250,-,,,"Selden",Suffolk,40.84210900,-73.02592500,W2KPQ,OPEN,On-Air,DMR,1,,,,Wide area,2021-09-30
449.37500,444.37500,-,,,"Plainview - Long Island",Nassau,40.78499985,-73.47409821,W2KPQ,OPEN,On-Air,DMR,1,,,,,2019-12-08
449.42500,444.42500,-,114.8,114.8,"Nyack -  Tappan Zee Bridge",Rockland,41.09069824,-73.91790009,WR2I,OPEN,On-Air,Analog/analog,,,,,,2019-12-22
449.47500,444.47500,-,71.9,,"Newburgh",Orange,41.50329971,-74.01080322,N2HEP,OPEN,On-Air,Analog/analog,,,,,,2017-01-04
449.52500,444.52500,-,123.0,123.0,"Finchville",Orange,41.42779922,-74.57170105,WA2VDX,OPEN,On-Air,Analog/analog,,,,,,2015-10-04
449.52500,444.52500,-,,,"Inlet",Hamilton,43.73965800,-74.78831400,N2LBT,OPEN,On-Air,DMR,1,,,,,2020-08-19
449.52500,444.52500,-,114.8,,"Port Jefferson",Suffolk,40.94639969,-73.06970215,W2RC,OPEN,On-Air,Analog/analog,,,,,,0000-00-00
449.57500,444.57500,-,100.0,100.0,"Beacon -  Mt Beacon",Dutchess,41.48880005,-73.94750214,WA2GZW,OPEN,On-Air,Analog/analog,,,,,,2016-05-13
449.57500,444.57500,-,110.9,110.9,"Malone",Franklin,44.84859848,-74.29530334,N2MMV,OPEN,On-Air,Analog/analog,,,,,,2020-11-22
449.62500,444.62500,-,179.9,179.9,"Manhattan - Sheraton Hotel",New York,40.72800064,-73.98190308,WB2SEB,OPEN,On-Air,Analog/analog,,320590,,,,2021-03-13
449.62500,444.62500,-,136.5,,"South Blooming Grove",Orange,41.37329865,-74.17829895,N2OKB,OPEN,On-Air,Analog/analog,,121210,,,,2016-05-17
449.67500,444.67500,-,162.2,,"Goshen - Orange County Emergency Services Center",Orange,41.40039825,-74.32379913,KC2OUR,OPEN,On-Air,Analog/analog,,,,,,2019-05-17
449.67500,444.67500,-,114.8,,"Hempstead",Nassau,40.70619965,-73.61869812,KB2AZY,OPEN,On-Air,Analog/analog,,,,,,2016-08-15
449.67500,444.67500,-,,,"Thiells",Rockland,41.21070099,-74.01760101,KD2EQY,OPEN,On-Air,Analog/analog,,,,,,2021-01-22
449.72500,444.72500,-,,,"Flushing",Queens,40.73619843,-73.80709839,KC2CQR,CLOSED,On-Air,YSF,,,,,,2016-03-21
449.72500,444.72500,-,151.4,,"Sayville",Suffolk,40.73580170,-73.08249664,WA2RYY,OPEN,Off-Air,Analog/analog,,,4148,,,2015-07-13
449.77500,444.77500,-,88.5,,"Brooklyn",Kings,40.65000153,-73.94999695,K2MAK,PRIVATE,On-Air,YSF,,,,,,2019-05-15
449.77500,444.77500,-,114.8,,"Queensbury - Queensbury Middle School",Warren,43.33010101,-73.68630219,N1NDN,OPEN,On-Air,Analog/analog,,450530,,41764,,2021-06-23
449.77500,444.77500,-,,,"Thiells",Rockland,41.21070099,-74.01760101,W2LGB,OPEN,On-Air,YSF/analog,99,,,,,2021-03-28
449.80000,444.80000,-,114.8,,"Manhattan",New York,40.72800064,-73.99400330,WB2ZSE,OPEN,On-Air,Analog/analog,,,,,,0000-00-00
449.82500,444.82500,-,114.8,,"Brooklyn",Kings,40.65000153,-73.94999695,WB2VTJ,OPEN,Unknown,Analog/analog,,,,,,2015-07-26
449.82500,444.82500,-,110.9,,"Plattsburgh - Rand Hill",Essex,44.69940186,-73.45330048,N2MMV,OPEN,Off-Air,Analog/analog,,,,,,2019-09-03
449.82500,444.82500,-,,,"Staten Island - South Shore",Richmond,40.63330078,-74.11560059,N2YLD,OPEN,Unknown,Analog/analog,,,,,,2016-04-15
449.87500,444.87500,-,114.8,,"Wurtsboro",Sullivan,41.57669830,-74.48750305,N2ACF,OPEN,On-Air,Analog/analog,,,,,Wide area,2021-05-22
449.92500,444.92500,-,179.9,,"Lake Peekskill",Putnam,41.33470154,-73.88140106,KB2CQE,OPEN,On-Air,Analog/analog,,,4214,,,0000-00-00
449.92500,444.92500,-,114.8,,"Manhattan",New York,40.72800064,-73.99400330,KB2HRA,OPEN,Unknown,Analog/analog,,,,,,2014-04-16
449.92500,444.92500,-,110.9,110.9,"Martindale - Forest Lake",Albany,42.20700073,-73.63179779,K2RVW,OPEN,On-Air,Analog/analog,,372818,,,,2020-11-09
449.97500,444.97500,-,94.8,,"Mattituck",Suffolk,40.99110031,-72.53469849,K1IMD,OPEN,On-Air,Analog/analog,,93225,4480,,,2018-07-15
449.97500,444.97500,-,88.5,88.5,"Union Vale  - Clove Mtn",Dutchess,41.67119980,-73.67720032,N2DXL,OPEN,On-Air,DMR/analog,11,,,,,2016-01-29
449.98000,444.98000,-,94.8,,"Sag Harbor",Suffolk,40.99779892,-72.29309845,K2GLP,OPEN,On-Air,Analog/analog,,278808,4878,,,0000-00-00
462.67500,444.98000,+,141.3,141.3,"Endwell ",Broome,42.11285250,-76.02103400,,OPEN,On-Air,Analog/analog,,,,,,2021-02-07
