Output Freq,Input Freq,Offset,Uplink Tone,Downlink Tone,"Location",County,Lat,Long,Call,Use,Op Status,Mode,Digital Access,EchoLink,IRLP,AllStar,Coverage,Last Update
421.25000,434.00000,s,,,"Lisbon",Columbiana,40.77199936,-80.76809692,KC8PHW,OPEN,On-Air,Analog,,,,,,2020-09-23
427.25000,439.25000,s,,,"Columbus",Franklin,39.96120071,-82.99880219,WR8ATV,OPEN,On-Air,Analog/analog,,,,,,2020-09-20
434.00000,923.25000,s,,,"Van Wert",Van Wert,40.86949921,-84.58409882,W8FY,OPEN,On-Air,Analog,,,,,,2020-09-23
435.00000,0.00000,+,,,"Atwater",Portage,41.02379990,-81.16359711,W8FAA,OPEN,On-Air,DMR,7,,,,,2019-12-09
439.97500,0.00000,-,,,"Cincinnati",Hamilton,39.10309982,-84.51200104,K8BIG,OPEN,On-Air,DMR,1,,,,,2021-04-12
440.15000,445.15000,+,,,"Tiffin - The Hamster Cage",Seneca,41.11320900,-83.17709500,W8SPB,OPEN,Testing,YSF,,,,,,2020-04-25
440.15000,440.15000,x,,,"Tiffin - Goldbond Apartments",Seneca,41.11315820,-83.17647930,W8SPB,OPEN,On-Air,Analog,,300048,,,,2020-10-02
440.50000,445.50000,+,,,"Akron",Summit,40.41730118,-82.90709686,KD8ASA,OPEN,On-Air,DMR,1,,,,,2019-12-09
442.00000,447.00000,+,131.8,,"Uniontown",Stark,40.97510147,-81.40820313,WB8OVQ,OPEN,On-Air,Analog/analog,,828808,,,,2021-08-10
442.02500,447.02500,+,,,"Blanchester",Clinton,39.29309845,-83.98880005,KB8CWC,CLOSED,On-Air,Analog/analog,,,,,,2020-09-23
442.02500,447.02500,+,131.8,,"Kent",Portage,41.15370178,-81.35790253,N8ZPS,OPEN,On-Air,Analog/analog,,,,,,2020-09-20
442.05000,447.05000,+,CSQ,CSQ,"Brook Park",Cuyahoga,41.39838380,-81.80457880,WB8ZQH,CLOSED,On-Air,Analog/analog,,,,,,2020-09-18
442.05000,447.05000,+,,,"Newark",Licking,40.05810165,-82.40129852,WD8RVK,OPEN,On-Air,Analog/analog,,,,,,2020-09-23
442.07500,447.07500,+,103.5,,"Fayette",Fulton,41.67340088,-84.32689667,KB8GOM,OPEN,Unknown,Analog/analog,,,,,,2021-09-19
442.07500,447.07500,+,77.0,,"Washington Court House",Fayette,39.53639984,-83.43910217,N8QLA,OPEN,On-Air,Analog/analog,,,,,,2020-09-22
442.08750,447.08750,+,,,"Warrensville",Adams,41.43230057,-81.51029968,N8NOD,OPEN,On-Air,DMR,1,,,,,2021-01-04
442.10000,447.10000,+,123.0,123.0,"Dayton",Montgomery,39.75889969,-84.19159698,W8BI,OPEN,On-Air,Analog/analog,,,,,,2021-06-13
442.10000,447.10000,+,,,"Mt. Vernon",Knox,40.39339828,-82.48570251,KD8EVR,OPEN,On-Air,DMR,7,,,,,2019-12-09
442.10000,447.10000,+,88.5,,"Salem",Columbiana,40.90090179,-80.85679626,KB8MFV,OPEN,On-Air,Analog/analog,,,,,,2020-09-20
442.11250,447.11250,+,,,"Massillon",Stark,40.77270100,-81.63417100,W8NP,OPEN,On-Air,DMR,7,,,,,2021-09-08
442.11250,447.11250,+,,,"Willow Wood",Lawrence,38.56110001,-82.46820068,KD8SPV,OPEN,On-Air,DMR,7,,,,,2019-12-09
442.12500,447.12500,+,67.0,67.0,"Bowling Green",Wood,41.37480164,-83.65129852,K8TIH,OPEN,On-Air,YSF/analog,,,,,,2020-09-18
442.12500,447.12500,+,82.5,82.5,"Cleveland",Cuyahoga,41.46530151,-81.67310333,WX8CLE,OPEN,On-Air,Analog/analog,,,,,,2021-03-10
442.12500,447.12500,+,123.0,,"Piqua",Miami,40.14479828,-84.24240112,N8OWV,OPEN,On-Air,Analog/analog,,,,,,2020-09-20
442.13750,447.13750,+,CSQ,CSQ,"Barberton",Summit,41.02470016,-81.58470154,KC8ZKI,OPEN,On-Air,DMR,1,,,,,2021-04-12
442.13750,447.13750,+,,,"Delaware",Delaware,40.29869843,-83.06800079,KC8BPE,OPEN,On-Air,DMR,1,,,,,2019-12-09
442.15000,447.15000,+,88.5,88.5,"Polk",Ashland,40.94449997,-82.21540070,WA8TJC,OPEN,On-Air,Analog/analog,,,,,,2021-02-24
442.15000,447.15000,+,107.2,,"Wapakoneta",Auglaize,40.56779861,-84.19360352,KD8CQL,OPEN,On-Air,Analog/analog,,,,,Wide area,2020-09-23
442.15000,447.15000,+,,,"Wilmington",Clinton,39.44530106,-83.82849884,WB8ZZR,OPEN,On-Air,Analog/analog,,,,,,2020-09-22
442.17500,447.17500,+,,,"Cincinnati",Hamilton,39.10309982,-84.51200104,WB8FXJ,OPEN,On-Air,DMR,1,,,,,2019-12-09
442.17500,447.17500,+,71.9,71.9,"Clarksfield",Huron,41.19509888,-82.41159821,AL7OP,OPEN,On-Air,DMR,7,,,,,2019-12-09
442.17500,447.17500,+,,,"East Liverpool",Columbiana,40.61869812,-80.57730103,K8BLP,OPEN,On-Air,Analog/analog,,,,,,2020-09-20
442.17500,447.17500,+,91.5,91.5,"Roseville",Muskingum,39.80730057,-82.07129669,N8ROA,OPEN,On-Air,YSF/analog,,,,,,2020-04-08
442.18750,447.18750,+,,,"Marion",Marion,40.58869934,-83.12850189,KC8BPE,OPEN,On-Air,DMR,1,,,,,2019-12-09
442.20000,447.20000,+,,,"Stoutsville",Fairfield,39.60480118,-82.82910156,KD8SPV,OPEN,On-Air,DMR,7,,,,,2019-12-09
442.20000,447.20000,+,,,"Waynesburg",Stark,40.66780090,-81.25730133,KC8ONY,OPEN,On-Air,Analog/analog,,,,,,2021-02-24
442.22500,447.22500,+,131.8,,"Parma",Cuyahoga,41.40480042,-81.72290039,KB8WLW,OPEN,On-Air,Analog/analog,,146520,,,,2021-09-11
442.22500,447.22500,+,,,"Ray",Jackson,39.18489838,-82.69550323,KD8SPV,OPEN,On-Air,DMR,7,,,,,2019-12-09
442.25000,447.25000,+,,,"Middlefield",Geauga,41.46200180,-81.07369995,KC8IBR,OPEN,On-Air,Analog/analog,,,,,,2021-02-17
442.25000,447.25000,+,100.0,,"Oak Harbor",Ottawa,41.50669861,-83.14659882,K8VXH,OPEN,On-Air,Analog/analog,,,,,,2019-12-14
442.25000,447.25000,+,91.5,,"Zanesville",Muskingum,39.94029999,-82.01319885,KB8ZMI,OPEN,On-Air,Analog/analog,,,,,,2020-09-23
442.27500,447.27500,+,,,"Doylestown",Wayne,40.98550034,-81.70490265,W8WKY,OPEN,On-Air,YSF,1293,,,,,2020-11-22
442.27500,447.27500,+,74.4,74.4,"Gallipolis - Mound Hill",Gallia,38.80979919,-82.20240021,KC8ZAB,OPEN,On-Air,YSF/analog,,,,,,2021-08-08
442.27500,447.27500,+,110.9,,"Mason",Warren,39.36009979,-84.30989838,W8ESS,OPEN,On-Air,Analog/analog,,,,,,2020-09-23
442.27500,447.27500,+,141.3,,"Paulding",Paulding,41.16519928,-84.59940338,KE8FJX,OPEN,On-Air,Analog/analog,,,,,,2021-02-24
442.28750,447.28750,+,131.8,CSQ,"East Cleveland  - Crystal Towers",Cuyahoga,41.53310013,-81.57900238,KD8LDE,OPEN,On-Air,DMR/analog,1,294095,,,,2021-02-17
442.30000,447.30000,+,,,"Bascom",Seneca,41.13270187,-83.28209686,KB8EOC,OPEN,On-Air,Analog/analog,,,,,,2021-02-17
442.30000,447.30000,+,123.0,123.0,"Dayton",Montgomery,39.75889969,-84.19159698,WB8VSU,OPEN,On-Air,Analog/analog,,,4235,,,2020-09-20
442.30000,447.30000,+,123.0,123.0,"Newark",Licking,40.07709885,-82.40609741,KA8PCP,OPEN,On-Air,YSF,,,,,,2021-06-13
442.32500,447.32500,+,,,"Cleveland",Cuyahoga,41.49950027,-81.69539642,WB8THD,OPEN,On-Air,DStar,,,,,,2021-02-24
442.32500,447.32500,+,123.0,,"West Chester",Butler,39.34619904,-84.40920258,WC8RA,OPEN,On-Air,Analog/analog,,,,,,2020-09-20
442.35000,447.35000,+,131.8,131.8,"Alliance",Stark,40.90290070,-81.10459900,W8LKY,OPEN,On-Air,Analog/analog,,,,,,2021-02-24
442.36250,447.36250,+,103.5,,"SWANTON - Ohio",Fulton,41.58869934,-83.89109802,N3VGX,OPEN,On-Air,YSF/analog,,,,,,2020-02-28
442.37500,447.37500,+,118.8,118.8,"Fairborn",Greene,39.82089996,-84.01940155,K8FBN,OPEN,On-Air,YSF/analog,,,,,,2021-03-04
442.37500,447.37500,+,,,"Rittman",Wayne,40.97809982,-81.78209686,WW8TF,OPEN,On-Air,YSF,1,,,,,2019-12-09
442.40000,447.40000,+,,,"Carrollton",Carroll,40.57279968,-81.08570099,K8VPJ,OPEN,On-Air,Analog/analog,,,,,,2020-03-11
442.40000,447.40000,+,131.8,131.8,"Chardon",Geauga,41.57946800,-81.21579000,KC8LIN,OPEN,On-Air,Analog,,,,,,2020-09-06
442.42500,447.42500,+,,,"Chillicothe",Ross,39.33309937,-82.98239899,KD8SPV,OPEN,On-Air,DMR,7,,,,,2019-12-09
442.42500,447.42500,+,77.0,,"Franklin",Warren,39.55889893,-84.30410004,WE8N,OPEN,On-Air,Analog/analog,,,,,,2020-09-20
442.42500,447.42500,+,103.5,103.5,"Northwood",Wood,41.64369965,-83.48690033,KB8YVY,OPEN,On-Air,Analog/analog,,,,,,2021-02-17
442.42500,447.42500,+,131.8,,"Stow",Summit,41.15950012,-81.44039917,AF1K,OPEN,On-Air,Analog/analog,,,,,,2020-09-23
442.45000,447.45000,+,,,"Jacksontown",Licking,39.89649963,-82.42019653,AC8GI,OPEN,On-Air,DMR,7,,,,,2019-12-09
442.45000,447.45000,+,123.0,,"Miamisburg",Montgomery,39.64279938,-84.28659821,NV8E,OPEN,On-Air,Analog/analog,,,,,,2020-09-20
442.45000,447.45000,+,CSQ,CSQ,"Parma",Cuyahoga,41.40480042,-81.72290039,KB8WLW,OPEN,On-Air,Analog/analog,,,,,,2021-03-10
442.47500,447.47500,+,,,"Marietta",Washington,39.41540146,-81.45480347,N8OJ,OPEN,On-Air,DMR,7,,,,,2019-12-09
442.47500,447.47500,+,131.8,131.8,"Medina",Medina,41.09149933,-81.82689667,KD8AVO,OPEN,On-Air,DMR,7,,,,,2019-12-09
442.47500,447.47500,+,,,"Sidney",Shelby,40.28419876,-84.15550232,W8JSG,OPEN,On-Air,P25/analog,4CE,,,,,2020-10-28
442.47500,447.47500,+,131.8,131.8,"Wadsworth",Medina,41.02560043,-81.72989655,KD8DRG,OPEN,On-Air,DMR,7,,,,,2020-04-08
442.50000,447.50000,+,82.5,82.5,"Gahanna",Franklin,40.01919937,-82.87930298,KB8SXJ,OPEN,On-Air,Analog/analog,,,,,,2021-06-13
442.51250,447.51250,+,,,"Akron - Spring Hill",Summit,41.06890106,-81.55130005,KE8LDH,OPEN,Unknown,YSF,1293,,,,,2021-08-09
442.51250,447.51250,+,,,"Springfield",Clark,39.92419815,-83.80879974,KC8NYH,OPEN,On-Air,DMR,1,,,,,2019-12-09
442.52500,447.52500,+,162.2,,"Lisbon",Columbiana,40.77199936,-80.76809692,KD8XB,OPEN,On-Air,Analog/analog,,,,,,2020-09-20
442.52500,447.52500,+,88.5,88.5,"Shelby",Crawford,40.89179993,-82.75099945,W8DZN,OPEN,On-Air,Analog/analog,,,,,,2020-05-27
442.55000,447.55000,+,118.8,,"Monroe",Butler,39.44029999,-84.36219788,WA8MU,OPEN,On-Air,Analog/analog,,,,,,2020-09-20
442.55000,447.55000,+,131.8,131.8,"Richfield",Summit,41.23979950,-81.63819885,N8CPI,OPEN,On-Air,Analog/analog,,,,,,2020-09-23
442.57500,447.57500,+,107.2,,"Defiance",Defiance,41.28450012,-84.35579681,K8VON,OPEN,On-Air,YSF/analog,,,,,,2021-06-13
442.57500,447.57500,+,127.3,127.3,"Fairborn",Greene,39.82089996,-84.01940155,N8QBS,OPEN,On-Air,Analog/analog,,,,,,2021-06-13
442.58750,447.58750,+,,,"Carrollton",Carroll,40.57279968,-81.08570099,N8RQU,OPEN,On-Air,Analog/analog,,,,,,2020-09-23
442.60000,447.60000,+,131.8,131.8,"Akron",Summit,41.08140182,-81.51899719,WD8MDF,OPEN,On-Air,YSF,,,,,,2021-02-24
442.60000,447.60000,+,114.8,,"Columbus - Ohio State University",Franklin,39.96120071,-82.99880219,W8LT,OPEN,On-Air,Analog/analog,,,,,,2021-02-24
442.62500,447.62500,+,110.9,110.9,"Bellevue",Sandusky,41.27370071,-82.84159851,NF8E,OPEN,On-Air,Analog/analog,,,,,,2021-04-12
442.62500,447.62500,+,,,"Carrollton",Carroll,40.57279968,-81.08570099,K8VPJ,CLOSED,On-Air,Analog/analog,,,,,,2020-09-22
442.62500,447.62500,+,,,"Hamilton",Butler,39.39950180,-84.56130219,W8RNL,OPEN,On-Air,Analog,,,,,,2021-09-10
442.65000,447.65000,+,131.8,131.8,"Brecksville",Cuyahoga,41.31980133,-81.62680054,K8IIU,OPEN,On-Air,Analog/analog,,,,,,2021-03-04
442.65000,447.65000,+,,,"Columbus",Franklin,39.96120071,-82.99880219,W8DIG,OPEN,On-Air,DStar,,,,,,2020-09-18
442.65000,447.65000,+,,,"Hamilton",Butler,39.39950180,-84.56130219,KD8TUZ,OPEN,On-Air,Analog,,,,,,2021-09-10
442.67500,447.67500,+,162.2,,"Berlin Ht's - FBI tower 400'",Huron,40.41728710,-82.90712300,KA8VDW,OPEN,On-Air,Analog/analog,,,,,Wide area,2021-08-25
442.67500,447.67500,+,107.2,,"Fort Recovery",Mercer,40.41279984,-84.77639771,KB8SCR,OPEN,On-Air,Analog/analog,,,,,,2020-09-23
442.67500,447.67500,+,77.0,77.0,"Seaman",Adams,38.93853900,-83.57389900,KN8E,OPEN,On-Air,YSF/analog,,948822,,,,2021-11-02
442.70000,447.70000,+,,,"Circleville",Pickaway,39.60060120,-82.94599915,KD8HIJ,OPEN,On-Air,Analog/analog,,,,,,2020-09-20
442.70000,447.70000,+,123.0,,"West Chester",Butler,39.34619904,-84.40920258,W8VVL,OPEN,On-Air,Analog/analog,,,,,,2020-09-22
442.71250,447.71250,+,141.3,141.3,"Jefferson",Ashtabula,41.73866620,-80.76980660,K8RSO,OPEN,On-Air,Analog/analog,,,,,,2021-10-15
442.72500,447.72500,+,,,"Marietta",Washington,39.41540146,-81.45480347,N8OJ,OPEN,On-Air,DMR,7,,,,,2019-12-09
442.73750,447.73750,+,,,"Rittman",Wayne,40.98300171,-81.79409790,KE8LDG,OPEN,On-Air,YSF,1,,,,,2019-12-09
442.75000,447.75000,+,94.8,,"Dayton",Montgomery,39.75889969,-84.19159698,W6CDR,OPEN,On-Air,Analog/analog,,,,,,2020-09-23
442.75000,447.75000,+,131.8,,"McDonald",Mahoning,41.13170660,-80.72890830,W8WRC,OPEN,On-Air,Analog/analog,,,,,,2020-12-19
442.75000,447.75000,+,,,"Toledo",Lucas,41.66389847,-83.55519867,W8HHF,OPEN,On-Air,DStar,,,,,,2020-09-18
442.77500,447.77500,+,,,"Loveland",Clermont,39.26890182,-84.26380157,WD8KPU,OPEN,On-Air,Analog/analog,,,,,,2020-09-20
442.80000,447.80000,+,151.4,,"Columbus",Franklin,39.96120071,-82.99880219,K8NIO,OPEN,On-Air,Analog/analog,,,,,,2021-04-16
442.82500,447.82500,+,,,"Fairborn",Greene,39.82089996,-84.01940155,N8QBS,OPEN,On-Air,Analog/analog,,,,,,2021-02-24
442.82500,447.82500,+,131.8,,"Warren",Trumbull,41.23759842,-80.81839752,KA8YTS,OPEN,On-Air,Analog/analog,,,,,,2021-08-08
442.85000,447.85000,+,131.8,131.8,"Massillon",Stark,40.80270004,-81.61450195,W8NP,OPEN,On-Air,YSF/analog,,,,,,2021-03-10
442.85000,447.85000,+,103.5,103.5,"Toledo - University of Toledo Campus",Lucas,41.66389847,-83.55519867,W8HHF,OPEN,On-Air,Analog/analog,,,,,,2020-09-18
442.85000,447.85000,+,,,"Union",Montgomery,39.89780045,-84.30629730,WA8ZWJ,OPEN,On-Air,Analog/analog,,,,,,2020-09-22
442.87500,447.87500,+,,,"Dayton",Montgomery,39.75889969,-84.19159698,W8AK,OPEN,On-Air,DMR,1,,,,,2019-12-09
442.87500,447.87500,+,,,"Findlay",Hancock,41.00999832,-83.64990234,N8PC,OPEN,On-Air,DMR,1,,,,,2021-06-22
442.87500,447.87500,+,100.0,100.0,"Ravenna",Portage,41.15760040,-81.24210358,KB8ZHP,OPEN,On-Air,Analog/analog,,,,,,2021-09-10
442.90000,447.90000,+,100.0,,"Eaton - Preble County EMA Office",Preble,39.84329987,-84.62819672,K8YR,OPEN,On-Air,YSF/analog,,,,,,2021-06-06
442.90000,447.90000,+,,,"Marietta",Washington,39.41540146,-81.45480347,W8JL,OPEN,On-Air,DMR,7,,,,,2019-12-09
442.92500,447.92500,+,123.0,123.0,"Huber Heights",Montgomery,39.84389877,-84.12470245,W8AK,OPEN,On-Air,Analog/analog,,,4523,,,2021-06-13
442.95000,447.95000,+,118.8,118.8,"Huber Heights",Montgomery,39.84389877,-84.12470245,NO8I,OPEN,On-Air,Analog/analog,,,,,,2021-08-27
442.95000,447.95000,+,162.2,162.2,"Minerva",Columbiana,40.72980118,-81.10540009,KD8XB,OPEN,On-Air,Analog/analog,,,,,,2020-09-22
442.95000,447.95000,+,103.5,103.5,"Toledo",Lucas,41.66389847,-83.55519867,WJ8E,OPEN,On-Air,Analog/analog,,,,,,2021-02-24
442.96250,447.96250,+,,,"Hamilton",Butler,39.39950180,-84.56130219,KD8VLU,OPEN,On-Air,DMR,1,,,,,2019-12-09
442.97500,447.97500,+,131.8,131.8,"Polk",Ashland,40.94449997,-82.21540070,N8SIW,OPEN,On-Air,Analog/analog,,,,,,2021-05-26
442.97500,447.97500,+,,,"Troy",Miami,40.03950119,-84.20330048,WD8CMD,OPEN,On-Air,Analog/analog,,,,,,2021-02-24
443.00000,448.00000,+,,,"Fremont",Sandusky,40.41730118,-82.90709686,N8FIS,OPEN,On-Air,DMR,7,,,,,2019-12-09
443.00000,448.00000,+,88.5,,"Miamisburg",Montgomery,39.64279938,-84.28659821,W8DYY,OPEN,On-Air,Analog/analog,,,,,,2020-09-23
443.00000,448.00000,+,,,"Warren",Trumbull,41.23759842,-80.81839752,W8VTD,OPEN,On-Air,Analog/analog,,,,,,2020-09-22
443.02500,448.02500,+,131.8,131.8,"Brunswick",Medina,41.23809814,-81.84179688,N8OVW,OPEN,On-Air,Analog/analog,,,,,,2021-03-10
443.05000,448.05000,+,,,"Dayton - TV CH 16 Tower",Montgomery,39.72119904,-84.25000000,W8RTL,OPEN,On-Air,DStar,,,,,,2020-09-20
443.05000,448.05000,+,186.2,,"Marietta",Washington,39.38069916,-81.57779694,W8JTW,OPEN,On-Air,Analog/analog,,,,44204,,2021-07-16
443.05000,448.05000,+,131.8,,"Vermilion",Erie,41.42200089,-82.36460114,W8DRZ,OPEN,On-Air,Analog/analog,,,,,,2020-09-20
443.06250,448.06250,+,,,"Stoutsville",Fairfield,39.61569977,-82.77239990,KD8GRN,OPEN,On-Air,YSF,,,,,,2021-10-06
443.07500,448.07500,+,107.2,,"Celina",Mercer,40.54890060,-84.57019806,KC8KVO,OPEN,On-Air,Analog/analog,,,,,,2020-09-20
443.07500,448.07500,+,,,"Hillsboro",Highland,39.20230103,-83.61160278,KD8RWK,OPEN,On-Air,DMR,1,,,,,2019-12-09
443.07500,448.07500,+,151.4,,"Mansfield",Richland,40.75839996,-82.51540375,KA8VDW,OPEN,On-Air,Analog/analog,,,,,Wide area,2021-04-21
443.10000,448.10000,+,,,"Hubbard",Trumbull,41.15639877,-80.56919861,W8IZC,OPEN,On-Air,Analog/analog,,,,,,2020-09-23
443.10000,448.10000,+,110.9,,"Shiloh",Richland,40.96865000,-82.60110000,W8DLB,OPEN,On-Air,YSF,,,,,,2020-11-20
443.10000,448.10000,+,123.0,123.0,"Xenia",Greene,39.68479919,-83.92960358,W8XRN,OPEN,On-Air,Analog/analog,,,,,,2021-06-16
443.11250,448.11250,+,,,"Akron",Summit,41.07609940,-81.51149750,W8UPD,OPEN,On-Air,DMR,1,,,,,2019-12-09
443.11250,448.11250,+,,,"Minford",Scioto,38.85910034,-82.86199951,KD8SPV,OPEN,On-Air,DMR,7,,,,,2019-12-09
443.12500,448.12500,+,,,"Logan",Hocking,39.54010010,-82.40709686,K8LGN,OPEN,On-Air,Analog/analog,,,,,,2020-09-20
443.12500,448.12500,+,,,"North Ridgeville",Lorain,41.38949966,-82.01899719,N8LXM,OPEN,On-Air,DMR,1,,,,,2019-12-09
443.15000,448.15000,+,,,"Columbus",Franklin,39.96120071,-82.99880219,W8TRB,OPEN,On-Air,DMR,1,,,,,2019-12-09
443.15000,448.15000,+,107.2,,"Delphos",Van Wert,40.84339905,-84.34159851,KB8UDX,OPEN,On-Air,Analog/analog,,,,,,2020-09-23
443.15000,448.15000,+,118.8,,"Franklin",Warren,39.55889893,-84.30410004,WB8ZVL,OPEN,On-Air,Analog/analog,,,,,,2020-09-22
443.15000,448.15000,+,,,"Lebanon",Warren,39.46200180,-84.15299988,KE8AOQ,OPEN,On-Air,DStar,,,,,,2021-04-12
443.15000,448.15000,+,131.8,,"North Royalton",Cuyahoga,41.31370163,-81.72460175,K8SCI,OPEN,On-Air,Analog/analog,,,,,,2020-09-20
443.17500,448.17500,+,123.0,,"Urbana",Champaign,40.10839844,-83.75240326,WB8UCD,OPEN,On-Air,Analog/analog,,,,,,2020-09-20
443.17500,448.17500,+,,,"Wooster",Wayne,40.83560181,-81.93939972,W8WOO,OPEN,On-Air,DMR,1,,,,,2020-11-22
443.18750,448.18750,+,123.0,,"Germantown",Montgomery,39.62620163,-84.36940002,WG8ARS,OPEN,On-Air,Analog/analog,,694318,,,,2021-02-24
443.20000,448.20000,+,156.7,156.7,"Sidney",Shelby,40.28419876,-84.15550232,KE8BCY,OPEN,On-Air,YSF/analog,,,,,,2020-08-26
443.21250,448.21250,+,,,"Hebron",Licking,40.41730118,-82.90709686,K8MDM,OPEN,On-Air,DMR,1,,,,,2019-12-09
443.21250,448.21250,+,,,"Westerville",Delaware,40.14210129,-82.89080048,K8MDM,OPEN,Off-Air,Analog/analog,,,,,,2020-09-23
443.22500,448.22500,+,,,"Dayton",Montgomery,39.63550186,-84.22940063,W8COH,OPEN,On-Air,YSF,,,,,,2021-01-28
443.22500,448.22500,+,146.2,146.2,"Mansfield",Richland,40.76860046,-82.52429962,N8RGO,OPEN,On-Air,YSF/analog,,,,,,2020-05-06
443.22500,448.22500,+,156.7,,"Youngstown",Mahoning,41.09980011,-80.64949799,N8FAL,OPEN,On-Air,Analog/analog,,,,,,2020-09-20
443.23750,448.23750,+,141.3,,"New Carlisle",Clark,39.89036950,-84.04437620,W8RMF,OPEN,On-Air,Analog/analog,,,,,,2021-05-05
443.25000,448.25000,+,,,"Wellston",Jackson,39.12340164,-82.53289795,N8OJ,OPEN,On-Air,DMR,1,,,,,2019-12-09
443.25000,448.25000,+,,,"Youngstown",Mahoning,41.09980011,-80.64949799,W8IZC,OPEN,On-Air,DMR/analog,7,,,,,2021-03-25
443.26250,448.26250,+,,,"Huber Heights - W8BI Club Station",Montgomery,39.84389877,-84.12470245,K1CCN,OPEN,On-Air,DMR,7,,,,,2019-12-09
443.26250,448.26250,+,107.2,,"Tiffin",Seneca,40.41728710,-82.90712300,WB8REI,OPEN,On-Air,YSF/analog,,,,,,2020-09-04
443.27500,448.27500,+,,,"Wilmington - Clinton County Airport",Carroll,39.50680302,-83.86259349,N8ASB,OPEN,On-Air,Analog/analog,,,,,,2021-10-25
443.30000,448.30000,+,,,"Lancaster",Fairfield,39.73084900,-82.59428500,KD8GRN,OPEN,On-Air,YSF,,,,,,2021-01-31
443.30000,448.30000,+,103.5,103.5,"Oregon",Lucas,41.64369965,-83.48690033,N8UAS,OPEN,On-Air,Analog/analog,,,,,,2020-05-06
443.30000,448.30000,+,146.2,146.2,"Springfield - Ohio Masonic Home",Clark,39.92419815,-83.80879974,W8BUZ,OPEN,On-Air,YSF/analog,,,,,,2021-06-13
443.30000,448.30000,+,131.8,131.8,"West Salem",Medina,40.97140121,-82.10990143,KE8X,OPEN,On-Air,Analog/analog,,,,,,2021-02-24
443.32500,448.32500,+,186.2,,"McDermott",Scioto,38.83499908,-83.06410217,KB8RBT,OPEN,On-Air,Analog/analog,,,,,,2020-04-14
443.32500,448.32500,+,,,"Medina",Medina,41.14319992,-81.85520172,N8OND,OPEN,On-Air,DMR,1,,,,,2019-12-09
443.32500,448.32500,+,71.9,,"West Lafayette",Coshocton,40.27610016,-81.75170135,WX8OH,OPEN,On-Air,Analog/analog,,,,,,2021-08-08
443.33750,448.33750,+,,,"Hamilton",Butler,39.39950180,-84.56130219,W8WRK,OPEN,On-Air,Analog/analog,,,,,,2020-09-22
443.33750,448.33750,+,,,"Painsville - Next to Lake County Fairgrounds",Lake,41.69831085,-81.26879883,N1TVI,OPEN,On-Air,P25/analog,293,,,,,2020-02-27
443.35000,448.35000,+,CSQ,CSQ,"Urbana",Champaign,40.05440140,-83.86769867,K7DN,OPEN,On-Air,YSF/analog,,,,,,2020-01-15
443.37500,448.37500,+,123.0,,"Wilmington",Clinton,39.44530106,-83.82849884,K8IO,OPEN,On-Air,Analog/analog,,,,,,2020-09-20
443.40000,448.40000,+,,,"Cincinnati",Hamilton,39.27370071,-84.52919769,WB8CRS,OPEN,On-Air,DMR,1,,,,,2020-03-06
443.40000,448.40000,+,91.5,,"Marietta",Washington,39.41540146,-81.45480347,W8HH,OPEN,On-Air,Analog/analog,,,,,,2020-09-23
443.40000,448.40000,+,,,"Wooster",Wayne,40.80509949,-81.93509674,K8WAY,OPEN,On-Air,Analog/analog,,,,,,2020-09-23
443.41250,448.41250,+,123.0,123.0,"Springfield",Clark,39.92419815,-83.80879974,KC8NYH,OPEN,On-Air,DMR,1,,,,,2019-12-09
443.42500,448.42500,+,71.9,71.9,"Columbus",Franklin,39.93270111,-83.03919983,N8RQJ,OPEN,On-Air,YSF/analog,,,,,,2019-12-12
443.42500,448.42500,+,91.5,CSQ,"Findlay",Hancock,41.05810165,-83.64409637,W8JES,OPEN,On-Air,Analog/analog,,51064,,498690,,2020-05-19
443.42500,448.42500,+,131.8,131.8,"Hinckley Township",Medina,41.24300003,-81.71309662,W8WGD,OPEN,On-Air,Analog/analog,,,,,,2021-08-08
443.45000,448.45000,+,,,"Fremont",Sandusky,41.35029984,-83.12190247,KC8EPF,OPEN,On-Air,Analog/analog,,,,,,2019-12-18
443.45000,448.45000,+,123.0,,"Goshen",Clermont,39.23339844,-84.16130066,K8DV,OPEN,On-Air,YSF/analog,,,,,,2021-01-21
443.45000,448.45000,+,136.5,136.5,"Marysville",Union,40.23649979,-83.36710358,K8JWL,OPEN,On-Air,DMR,7,,,,,2019-12-09
443.45000,448.45000,+,,,"Montville",Geauga,41.60720062,-81.05059814,N8XUA,CLOSED,On-Air,Analog/analog,,,,,,2020-09-22
443.47500,448.47500,+,,CSQ,"Hudson",Summit,41.24010086,-81.44069672,KD8DFL,OPEN,On-Air,Analog/analog,,,,,,2020-04-06
443.47500,448.47500,+,,,"Thompson",Geauga,41.68690109,-81.04509735,N8NOD,OPEN,On-Air,DMR,1,,,,,2020-12-27
443.48750,448.48750,+,110.9,110.9,"Bucyrus",Crawford,40.80839920,-82.97550201,KD8SIQ,OPEN,On-Air,Analog/analog,,525265,,,,2020-11-15
443.50000,448.50000,+,103.5,,"Englewood",Montgomery,39.87760162,-84.30220032,KB8ZR,OPEN,On-Air,Analog/analog,,,,,,2020-06-03
443.50000,448.50000,+,,,"Uhrichsville",Tuscarawas,40.39310074,-81.34649658,K8CQA,OPEN,On-Air,Analog/analog,,,,,,2020-09-22
443.51250,448.51250,+,103.5,103.5,"Bowling Green",Wood,41.37480164,-83.65129852,KD8BTI,OPEN,On-Air,Analog/analog,,,,,,2021-02-24
443.52500,448.52500,+,,,"Columbus",Franklin,39.96120071,-82.99880219,WB8YOJ,OPEN,Off-Air,Analog/analog,,,,,,2021-04-12
443.52500,448.52500,+,162.2,162.2,"New Springfld",Mahoning,40.41730118,-82.90709686,KF8YF,OPEN,On-Air,Analog/analog,,,,,,2021-02-24
443.53750,448.53750,+,162.2,,"Fresno",Coshocton,40.33259964,-81.74150085,KB9JSC,OPEN,On-Air,Analog/analog,,,,,,2020-09-23
443.53750,448.53750,+,118.8,118.8,"Middletown",Butler,39.51509857,-84.39830017,W8MUM,OPEN,On-Air,YSF/analog,,,,,,2019-12-29
443.55000,448.55000,+,,,"Delaware",Delaware,40.29869843,-83.06800079,KE8O,OPEN,On-Air,YSF,,,,,,2021-04-02
443.55000,448.55000,+,,,"Mantua",Portage,41.28390121,-81.22399902,KD8DRG,OPEN,On-Air,DMR,7,,,,,2019-12-09
443.56250,448.56250,+,107.2,107.2,"Miller City",Putnam,41.10279846,-84.13130188,NO8C,OPEN,On-Air,Analog/analog,,,,,,2021-02-17
443.57500,448.57500,+,123.0,,"Colerain Township",Hamilton,39.24840164,-84.59919739,K8CR,OPEN,On-Air,Analog/analog,,,,,,2020-09-20
443.57500,448.57500,+,,,"Columbus",Franklin,39.96120071,-82.99880219,WB8YOJ,OPEN,Off-Air,Analog/analog,,,,,,2020-09-18
443.57500,448.57500,+,,123.0,"Fairfield",Hamilton,39.29980087,-84.57350159,W8KJ,OPEN,On-Air,YSF/analog,,,,,Wide area,2019-12-30
443.58750,448.58750,+,,,"Akron",Summit,41.08140182,-81.51899719,KD8YCF,OPEN,On-Air,YSF/analog,,,,,,2020-04-08
443.58750,448.58750,+,,,"Bainbridge - Paint Creek State Park",Ross,39.22760010,-83.27050018,KD8SPV,OPEN,On-Air,DMR,7,,,,,2019-12-09
443.60000,448.60000,+,,,"Dayton",Montgomery,39.75889969,-84.19159698,KB8CSL,OPEN,On-Air,Analog/analog,,,,,,2020-09-22
443.60000,448.60000,+,131.8,131.8,"Lorain",Lorain,41.45280075,-82.18240356,WA8CAE,OPEN,On-Air,Analog/analog,,,,,,2021-02-24
443.60000,448.60000,+,71.9,71.9,"Newark",Licking,40.05810165,-82.40129852,W8AJL,OPEN,On-Air,Analog/analog,,,,,,2019-11-29
443.62500,448.62500,+,CSQ,,"Bainbridge",Ross,39.25979996,-82.23770142,KD8GRN,OPEN,On-Air,YSF,,,,,,2019-11-24
443.62500,448.62500,+,,,"Lima - WLIO tower",Allen,40.74840164,-84.13189697,KT8APR,OPEN,On-Air,DStar,,,,,,2020-09-22
443.62500,448.62500,+,162.2,162.2,"Polk",Ashland,40.94449997,-82.21540070,KA8VDW,OPEN,On-Air,Analog/analog,,,,,Wide area,2021-04-21
443.63750,448.63750,+,,,"Ray",Jackson,39.18489838,-82.69550323,KD8GRN,OPEN,On-Air,YSF,,43230,,,,2020-12-24
443.63750,448.63750,+,,,"Troy",Miami,40.03950119,-84.20330048,KB8MUV,OPEN,On-Air,Analog/analog,,,,,,2021-06-16
443.65000,448.65000,+,179.9,,"Columbus",Franklin,39.96120071,-82.99880219,W8DIG,OPEN,On-Air,P25,293,,,,,2021-04-12
443.65000,448.65000,+,103.5,,"Kingsville",Ashtabula,41.89009857,-80.67590332,N8XUA,CLOSED,On-Air,Analog/analog,,,,,,2020-09-20
443.65000,448.65000,+,,,"West Chester - VOA Museum",Butler,39.35680008,-84.35659790,WC8VOA,OPEN,On-Air,YSF/analog,,,,,,2021-06-24
443.67500,448.67500,+,,131.8,"Attica",Seneca,41.04019928,-82.53140259,N0CZV,OPEN,On-Air,Analog/analog,,,,,,2021-08-08
443.67500,448.67500,+,,118.8,"Bellbrook",Greene,39.63560104,-84.07080078,W8DGN,OPEN,On-Air,YSF,,,,,,2021-06-06
443.67500,448.67500,+,D023,D023,"Massillon",Stark,40.79669952,-81.52149963,WA8GXM,OPEN,On-Air,YSF/analog,,,,,,2021-10-31
443.70000,448.70000,+,131.8,131.8,"Avon",Lorain,41.45169830,-82.03540039,N8SIW,OPEN,On-Air,YSF,,,,,,2019-12-30
443.70000,448.70000,+,,,"Cincinnati",Hamilton,39.10309982,-84.51200104,W8NWS,OPEN,On-Air,Analog/analog,,,,,,2020-09-20
443.70000,448.70000,+,,,"Findlay",Hancock,41.04420090,-83.64990234,W8FT,OPEN,On-Air,DMR,1,,,,,2019-12-09
443.70000,448.70000,+,91.5,91.5,"Pomeroy",Meigs,39.02759933,-82.03379822,K8ATG,OPEN,On-Air,Analog/analog,,,,,,2021-08-08
443.72500,448.72500,+,131.8,,"Warren",Trumbull,41.23759842,-80.81839752,N8DOD,OPEN,On-Air,Analog/analog,,,,,,2021-02-17
443.73750,448.73750,+,,,"Cincinnati",Belmont,39.10309982,-84.51200104,W8SDR,OPEN,On-Air,Analog/analog,,,,,,2019-11-29
443.75000,448.75000,+,,,"Dayton",Montgomery,39.75889969,-84.19159698,W8AK,OPEN,Unknown,DMR,1,,,,,2021-10-05
443.75000,448.75000,+,131.8,,"Fairlawn",Summit,41.12779999,-81.60980225,N8NOQ,PRIVATE,On-Air,Analog/analog,,,,,,2021-02-17
443.75000,448.75000,+,,,"Waterville",Lucas,41.50090027,-83.71829987,,OPEN,On-Air,DMR,1,,,,,2019-10-25
443.76250,448.76250,+,123.0,,"Cincinnati",Hamilton,39.10309982,-84.51200104,K8SCH,OPEN,On-Air,YSF,,,,,,2021-03-10
443.77500,448.77500,+,,,"Dayton",Montgomery,39.75889969,-84.19159698,WF8M,OPEN,On-Air,P25,4CE,,4267,,,2020-10-28
443.77500,448.77500,+,103.5,103.5,"Sylvania",Lucas,41.71889877,-83.71299744,N8LPQ,OPEN,On-Air,Analog/analog,,,,,,2020-03-11
443.77500,448.77500,+,,,"Wintersville - Blessed Sacrament Church",Jefferson,40.37450027,-80.70210266,WD8IIJ,OPEN,On-Air,Analog/analog,,,,,,2021-02-17
443.78750,448.78750,+,131.8,131.8,"Akron - Tallmadge Circle",Summit,41.10120200,-81.44182000,KC8LIN,OPEN,On-Air,Analog,,,,,,2020-09-06
443.80000,448.80000,+,67.0,,"Loveland",Warren,39.26890182,-84.26380157,WB8BFS,OPEN,On-Air,Analog/analog,,277668,,,,2021-11-18
443.80000,448.80000,+,CSQ,131.8,"Shaker Heights - Shaker Towers",Cuyahoga,41.47389984,-81.53710175,KD8LDE,OPEN,On-Air,Analog/analog,,,,,,2021-02-17
443.80000,448.80000,+,107.2,107.2,"Tiffin",Seneca,41.11449814,-83.17800140,K8EMR,OPEN,On-Air,Analog/analog,,,,,,2021-02-17
443.81250,448.81250,+,,,"Columbus",Franklin,39.96120071,-82.99880219,K8MK,OPEN,On-Air,Analog/analog,,,,,,2021-02-24
443.82500,448.82500,+,186.2,,"Bellefontaine - Campbell Hill",Logan,40.36119843,-83.75969696,W8FTV,OPEN,On-Air,YSF/analog,,,,,,2020-01-15
443.82500,448.82500,+,131.8,,"Parma",Cuyahoga,41.40480042,-81.72290039,K8ZFR,OPEN,On-Air,Analog/analog,,,,,,2021-03-10
443.85000,448.85000,+,,,"Canton",Stark,40.79890060,-81.37840271,W8TUY,OPEN,Unknown,Analog/analog,,,,,,2021-04-08
443.85000,448.85000,+,,,"Norton",Summit,41.05020142,-81.66069794,KD8DRG,OPEN,On-Air,DMR,7,,,,,2019-12-09
443.87500,448.87500,+,CSQ,,"Bucyrus",Crawford,40.80839920,-82.97550201,KD8NCL,OPEN,On-Air,DMR,1,,,,,2019-12-09
443.87500,448.87500,+,,,"Cortland",Trumbull,41.33029938,-80.72540283,WA8ILI,OPEN,On-Air,Analog/analog,,,,,,2020-09-23
443.87500,448.87500,+,71.9,71.9,"Lancaster",Fairfield,39.71369934,-82.59929657,K8QIK,OPEN,On-Air,YSF,,,,,,2021-01-28
443.88750,448.88750,+,107.2,107.2,"Ottawa",Putnam,41.01050186,-84.02239990,W8ZRZ,OPEN,On-Air,YSF/analog,,,,,,2021-10-31
443.90000,448.90000,+,,,"Cincinnati",Hamilton,39.10309982,-84.51200104,K8BIG,OPEN,On-Air,DMR,1,,,,,2019-12-09
443.90000,448.90000,+,131.8,,"North Royalton",Cuyahoga,41.31370163,-81.72460175,WA8CEW,OPEN,On-Air,Analog/analog,,,,,,2019-12-29
443.90000,448.90000,+,,,"Sidney",Shelby,40.28419876,-84.15550232,N8YFM,OPEN,Unknown,DMR,1,,,,,2020-07-24
443.91250,448.91250,+,,,"Bowling Green",Wood,41.37480164,-83.65129852,WD8LEI,OPEN,On-Air,DMR,1,,,,,2020-12-06
443.92500,448.92500,+,131.8,,"Richfield",Summit,41.23979950,-81.63819885,KA8JOY,OPEN,On-Air,Analog/analog,,,,,,2020-09-23
443.93750,448.93750,+,114.8,114.8,"Bellefontaine",Logan,40.37879944,-83.78780365,N8AGJ,OPEN,On-Air,Analog/analog,,468850,,42556,,2020-01-21
443.95000,448.95000,+,123.0,,"Fairfield - Jungle Jim's",Butler,39.32889938,-84.52559662,KD8WDU,OPEN,On-Air,Analog/analog,,,,40524,,2021-03-10
443.95000,448.95000,+,,,"Reynoldsburg",Franklin,39.95479965,-82.81210327,W8LAD,OPEN,On-Air,Analog/analog,,,,,,2021-08-08
443.97500,448.97500,+,,,"Atwater",Portage,41.02379990,-81.16359711,W8FAA,OPEN,On-Air,DMR,7,,,,,2019-12-09
443.97500,448.97500,+,103.5,103.5,"Toledo",Lucas,41.64369965,-83.48690033,N8LPQ,OPEN,On-Air,YSF,,,,,,2021-04-12
443.98750,448.98750,+,162.2,162.2,"Elyria",Lorain,41.36840057,-82.10769653,KA8VDW,OPEN,On-Air,Analog/analog,,,,,Wide area,2021-03-04
444.00000,449.00000,+,123.0,123.0,"Cincinnati",Hamilton,39.10309982,-84.51200104,K8BIG,OPEN,On-Air,P25/analog,,,,,,2021-06-24
444.00000,449.00000,+,,,"Columbus",Franklin,39.96120071,-82.99880219,W8CMH,OPEN,On-Air,DStar,,,,,,2020-09-20
444.00000,449.00000,+,,,"Norton",Summit,41.02920151,-81.63819885,WD8KNL,OPEN,On-Air,DMR,7,,,,,2019-12-09
444.01250,449.01250,+,131.8,131.8,"North Olmsted",Cuyahoga,41.41559982,-81.92350006,W8IZ,OPEN,On-Air,Analog/analog,,3049,,,,2020-01-03
444.02500,449.02500,+,74.4,,"Eaton",Preble,39.74390030,-84.63659668,W8VFR,OPEN,On-Air,Analog/analog,,,,,,2020-09-22
444.02500,449.02500,+,100.0,100.0,"Peebles",Adams,38.93439865,-83.45099640,WD8LSN,OPEN,On-Air,YSF/analog,50,,,,,2020-03-01
444.03750,449.03750,+,,,"Ashland",Ashland,40.86869812,-82.31819916,N8IHI,OPEN,On-Air,DMR,7,,,,,2019-12-09
444.03750,449.03750,+,,,"Leesburg - North Joint Fire and Ambulance",Highland,39.34593000,-83.55056000,KB8DOT,OPEN,On-Air,YSF/analog,99,,,,,2021-10-21
444.05000,449.05000,+,131.8,,"Parma - WJW Tower",Cuyahoga,41.36309814,-81.71600342,W8DRZ,OPEN,On-Air,Analog/analog,,,,,,2021-02-17
444.07500,449.07500,+,110.9,110.9,"Cincinnati",Clermont,39.10309982,-84.51200104,KB8SBN,CLOSED,On-Air,Analog/analog,,,,,,2020-09-23
444.07500,449.07500,+,,,"Lima",Allen,40.74250031,-84.10520172,N8GCH,OPEN,On-Air,Analog/analog,,,,,,2020-09-23
444.07500,449.07500,+,131.8,131.8,"North Royalton",Cuyahoga,41.31370163,-81.72460175,K8YSE,OPEN,On-Air,Analog/analog,,6563,,,,2020-09-23
444.08750,449.08750,+,,,"Huber Heights - W8BI Clubhouse",Montgomery,39.84769821,-84.09919739,W8HEQ,OPEN,On-Air,DStar,,,,,,2020-09-22
444.10000,449.10000,+,,,"Columbus",Franklin,40.01419830,-82.98860168,N8YMT,OPEN,On-Air,YSF,,,,,,2020-07-29
444.10000,449.10000,+,,,"Marietta",Washington,39.41540146,-81.45480347,N8OJ,OPEN,On-Air,DMR,1,,,,,2019-12-09
444.10000,449.10000,+,,,"Zanesville",Muskingum,39.90520096,-82.02030182,KD8MST,OPEN,On-Air,DMR,2,,,,,2019-12-09
444.11250,449.11250,+,,,"Gallipolis",Gallia,38.80979919,-82.20240021,KD8SPV,OPEN,On-Air,DMR,7,,,,,2019-12-09
444.11250,449.11250,+,118.8,118.8,"Hamilton",Butler,39.39950180,-84.56130219,KD8EYB,OPEN,On-Air,YSF/analog,,,,,,2021-10-31
444.12500,449.12500,+,131.8,131.8,"Lorain",Lorain,41.45280075,-82.18240356,WD8CHL,CLOSED,On-Air,Analog/analog,,,,,,2021-02-17
444.15000,449.15000,+,88.5,,"Findlay",Hancock,41.04420090,-83.64990234,W8FT,OPEN,On-Air,YSF/analog,,,,,,2021-10-15
444.15000,449.15000,+,,,"Mason",Warren,39.36009979,-84.30989838,WB8WFG,OPEN,On-Air,Analog/analog,,,,,,2020-09-20
444.15000,449.15000,+,,,"Wickliffe",Lake,41.60530090,-81.45339966,WA8PKB,OPEN,On-Air,Analog/analog,,,,,,2020-09-22
444.16250,449.16250,+,,,"Toledo",Lucas,41.66389847,-83.55519867,KE8HCG,OPEN,On-Air,DMR,1,,,,,2019-12-09
444.17500,449.17500,+,82.5,,"Columbus",Franklin,39.96120071,-82.99880219,WA8PYR,OPEN,On-Air,Analog/analog,,,,,,2021-04-16
444.17500,449.17500,+,131.8,131.8,"Elyria - Lorain County Community College",Lorain,41.36840057,-82.10769653,KC8BED,OPEN,On-Air,YSF/analog,,,,,,2020-01-05
444.17500,449.17500,+,,,"Greenville",Darke,40.10279846,-84.63300323,N8OBE,OPEN,On-Air,Analog/analog,,,,,,2020-09-20
444.18750,449.18750,+,88.5,88.5,"Lebanon",Warren,39.46279907,-84.14489746,WC8EMA,OPEN,On-Air,Analog/analog,,,,,,2021-06-16
444.20000,449.20000,+,131.8,,"Akron - Spring Hill Apartments",Summit,41.06850052,-81.55210114,N8XPK,OPEN,On-Air,Analog/analog,,,,43118,,2020-09-23
444.20000,449.20000,+,151.4,151.4,"Columbus",Franklin,39.96120071,-82.99880219,W8AIC,OPEN,On-Air,Analog/analog,,,,,,2021-04-16
444.21250,449.21250,+,123.0,,"Dayton - Miami Valley Hospital",Montgomery,39.44440079,-84.11080170,K8MCA,OPEN,On-Air,Analog/analog,,,,,,2020-02-02
444.21250,449.21250,+,103.5,103.5,"Holland",Lucas,41.63150024,-83.74980164,K8TTE,OPEN,On-Air,YSF/analog,,479706,,,,2021-02-24
444.22500,449.22500,+,131.8,131.8,"Chagrin Falls",Geauga,41.41519928,-81.36889648,W8QT,OPEN,On-Air,Analog/analog,,,,,,2020-09-17
444.22500,449.22500,+,110.9,,"Cincinnati",Hamilton,39.10309982,-84.51200104,W8ESS,OPEN,On-Air,Analog/analog,,,,,,2020-09-20
444.25000,449.25000,+,123.0,,"Dayton",Montgomery,39.75889969,-84.19159698,K8MCA,OPEN,On-Air,Analog/analog,,,,,,2020-02-02
444.25000,449.25000,+,,,"Orwell",Ashtabula,41.53509903,-80.86810303,KF8YF,OPEN,On-Air,Analog/analog,,,,,,2020-09-23
444.25000,449.25000,+,,,"Toledo",Lucas,41.66389847,-83.55519867,KD8QOF,OPEN,On-Air,DStar,,,,,,2020-03-11
444.25000,449.25000,+,131.8,,"Wooster",Wayne,40.80509949,-81.93509674,KD8EU,OPEN,On-Air,Analog/analog,,,,,,2020-09-23
444.27500,449.27500,+,141.3,141.3,"Bethel - Ohio",Clermont,38.96369934,-84.08080292,W8GFT,OPEN,On-Air,Analog/analog,,,,,,2021-02-24
444.27500,449.27500,+,131.8,131.8,"Cleveland",Cuyahoga,41.49950027,-81.69539642,N8OND,CLOSED,On-Air,Analog/analog,,,,,,2021-03-10
444.27500,449.27500,+,94.8,,"Columbus",Franklin,39.96120071,-82.99880219,WB8INY,OPEN,On-Air,Analog/analog,,,,,,2021-04-16
444.27500,449.27500,+,107.2,107.2,"Holland",Lucas,41.62170029,-83.71160126,W8AK,OPEN,On-Air,Analog/analog,,,,,,2021-02-24
444.30000,449.30000,+,,,"Atwater",Portage,41.02379990,-81.16359711,W8FAA,OPEN,On-Air,DMR,7,,,,,2019-12-09
444.30000,449.30000,+,118.8,,"Cincinnati",Hamilton,39.10309982,-84.51200104,N8TVU,OPEN,On-Air,Analog/analog,,,,,,2020-09-20
444.30000,449.30000,+,,,"Columbus",Franklin,39.96120071,-82.99880219,WB8YOJ,OPEN,On-Air,Analog/analog,,,,,,2020-10-11
444.30000,449.30000,+,,,"Columbus Grove",Putnam,40.92110062,-84.06250000,K8TEK,OPEN,On-Air,DMR,1,,,,,2019-12-09
444.30000,449.30000,+,131.8,,"Kent",Portage,41.15370178,-81.35790253,N8BHU,OPEN,On-Air,DMR,7,,,,,2019-12-09
444.31250,449.31250,+,131.8,131.8,"Elyria",Lorain,41.45280075,-82.18240356,KB8O,OPEN,On-Air,Analog/analog,,,,,,2021-09-10
444.31250,449.31250,+,,,"Fairborn",Montgomery,39.82089996,-84.01940155,KI6SZ,CLOSED,On-Air,Analog/analog,,,,,,2020-09-20
444.33750,449.33750,+,,,"Amherst - Between SR 2 and the OTP in Brownhelm Twp",Lorain,41.39780045,-82.22239685,N1TVI,OPEN,On-Air,DMR,1,,,,,2020-01-03
444.35000,449.35000,+,,,"Chillicothe - Scioto Trail State Park",Ross,39.22240067,-82.97370148,KD8SPV,OPEN,On-Air,DMR,7,,,,,2019-12-09
444.36250,449.36250,+,,,"Middletown",Butler,39.51509857,-84.39830017,W8BLV,OPEN,On-Air,DMR,1,,,,,2019-12-09
444.37500,449.37500,+,91.5,,"Cambridge",Guernsey,40.03120041,-81.58850098,KB8ZMI,OPEN,On-Air,Analog/analog,,,,,,2020-09-20
444.37500,449.37500,+,110.9,110.9,"Sandusky",Erie,41.44889832,-82.70800018,W8LBZ,OPEN,On-Air,Analog/analog,,,,,,2019-12-30
444.40000,449.40000,+,131.8,,"Macedonia",Summit,41.31340027,-81.53199768,WR8ABC,OPEN,On-Air,Analog/analog,,,,,,2021-03-04
444.41250,449.41250,+,,,"Springfield",Clark,39.92419815,-83.80879974,KA8HMJ,CLOSED,On-Air,Analog/analog,,,,,Wide area,2020-09-22
444.42500,449.42500,+,,,"Chillicothe - Scioto Trail State Park",Ross,39.33309937,-82.98239899,W8BAP,OPEN,On-Air,DStar,,,,,,2021-02-24
444.43750,449.43750,+,,,"Dayton",Montgomery,39.72277000,-84.25023000,N8NQH,OPEN,On-Air,DMR,11,,,,,2020-11-23
444.43750,449.43750,+,107.2,107.2,"Republic",Seneca,41.12200165,-83.01570129,KC8RCI,OPEN,On-Air,Analog/analog,,,,,,2021-10-31
444.45000,449.45000,+,103.5,,"Delta",Fulton,41.57369995,-84.00520325,K8LI,OPEN,On-Air,Analog/analog,,,,,,2021-02-24
444.46250,449.46250,+,127.3,127.3,"Piqua",Miami,40.14930600,-84.24138900,N8BCM,OPEN,On-Air,YSF,1,,,,,2021-10-21
444.47500,449.47500,+,67.0,67.0,"Bowling Green",Wood,41.37480164,-83.65129852,K8TIH,OPEN,On-Air,Analog/analog,,,,,,2021-02-17
444.47500,449.47500,+,,,"Chillicothe",Ross,39.22240067,-82.97370148,KD8GRN,OPEN,On-Air,YSF,,,,,,2020-11-11
444.47500,449.47500,+,131.8,131.8,"Mentor",Lake,41.66619873,-81.33959961,N9AGC,OPEN,On-Air,YSF/analog,,65777,,,,2020-04-08
444.47500,449.47500,+,100.0,,"Middletown",Butler,39.51509857,-84.39830017,AG8Y,OPEN,On-Air,Analog/analog,,,,,,2020-09-20
444.48750,449.48750,+,,,"Mogadore",Summit,41.04639816,-81.39790344,KC8MXW,OPEN,On-Air,Analog/analog,,,,,,2021-02-17
444.50000,449.50000,+,141.3,,"Newark",Licking,40.05810165,-82.40129852,W8WRP,OPEN,On-Air,Analog/analog,,,,,,2021-10-31
444.50000,449.50000,+,131.8,,"North Ridgeville",Lorain,41.38949966,-82.01899719,K8IC,OPEN,On-Air,YSF,,,,,,2020-01-02
444.50000,449.50000,+,,,"West Carrollton",Montgomery,39.67229843,-84.25219727,K8ZQ,OPEN,On-Air,Analog/analog,,,,,,2020-09-20
444.51250,449.51250,+,,103.5,"Perrysburg",Wood,41.51839828,-83.65000153,W8ODR,OPEN,On-Air,YSF/analog,,,,,,2020-09-18
444.51250,449.51250,+,,,"Richfield",Summit,41.24000168,-81.63700104,KA8OAD,OPEN,On-Air,DMR,7,,,,,2019-12-09
444.51250,449.51250,+,,,"Seaman",Adams,38.94200134,-83.57240295,KC8FBG,OPEN,On-Air,Analog/analog,,,,,,2020-09-22
444.52500,449.52500,+,110.9,110.9,"Boardman",Mahoning,41.02420044,-80.66280365,KD8ODF,OPEN,On-Air,Analog/analog,,,,,,2021-02-24
444.52500,449.52500,+,100.0,,"Loveland",Clermont,39.26890182,-84.26380157,WU8S,OPEN,On-Air,Analog/analog,,,,,,2020-09-23
444.53750,449.53750,+,,,"Tipp City",Miami,39.95840073,-84.17220306,N8RVS,OPEN,On-Air,Analog/analog,,,,,,2020-09-23
444.55000,449.55000,+,123.0,123.0,"Columbus",Franklin,39.96026471,-82.99772319,N8PVC,OPEN,On-Air,P25/analog,293,,,,Wide area,2021-04-16
444.56250,449.56250,+,131.8,,"Thompson",Geauga,41.57910156,-81.20850372,W8QT,OPEN,On-Air,Analog/analog,,,,,,2020-09-17
444.56250,449.56250,+,,,"West Milton",Miami,39.96260071,-84.32800293,N8EIO,CLOSED,On-Air,Analog/analog,,,,,,2020-09-23
444.57500,449.57500,+,,,"Mantua",Portage,41.28820000,-81.20210000,K8IV,OPEN,On-Air,Analog/analog,,,,,,2020-09-04
444.57500,449.57500,+,141.3,,"Wilmington",Clinton,39.44530106,-83.82849884,WB8ZZR,OPEN,On-Air,Analog/analog,,,,,,2020-09-20
444.60000,449.60000,+,,,"Centerville",Greene,39.62839890,-84.15940094,WB8SCT,OPEN,On-Air,DMR,1,,,,,2019-12-09
444.60000,449.60000,+,,,"Centerville",Warren,39.62839890,-84.15940094,KC8QGP,OPEN,On-Air,Analog/analog,,,,,,2020-09-23
444.60000,449.60000,+,131.8,,"Chesterland",Geauga,41.52230072,-81.33789825,K9IC,OPEN,On-Air,Analog/analog,,,,,,2020-09-23
444.60000,449.60000,+,CSQ,CSQ,"Portsmouth",Scioto,38.75609970,74.38249969,N8QA,OPEN,On-Air,Analog/analog,,,,,,2021-10-06
444.61250,449.61250,+,,,"Washington Court House",Fayette,39.53639984,-83.43910217,N8EMZ,OPEN,On-Air,Analog/analog,,,,,,2020-09-20
444.62500,449.62500,+,,,"Ashley",Delaware,40.40930176,-82.95439911,KC8BVF,OPEN,On-Air,Analog/analog,,,,,,2020-09-23
444.62500,449.62500,+,103.5,,"Ironton",Lawrence,38.53419876,-82.68530273,W8SOE,OPEN,On-Air,Analog/analog,,,,,,2020-03-11
444.62500,449.62500,+,131.8,,"Newbury",Geauga,41.44929886,-81.27390289,WB8QGR,OPEN,On-Air,Analog/analog,,,,,,2020-09-18
444.65000,449.65000,+,123.0,,"Hamilton",Butler,39.39950180,-84.56130219,K8KY,OPEN,On-Air,Analog/analog,,,,,,2020-09-20
444.65000,449.65000,+,131.8,,"Mentor - Tri-Point Hospital",Lake,41.66289902,-81.24729919,N8BC,OPEN,On-Air,Analog/analog,,,,,,2021-06-24
444.65000,449.65000,+,179.9,,"Thurston",Fairfield,39.84034190,-82.54599330,KB8TRL,OPEN,On-Air,Analog/analog,,,,,,2020-05-17
444.66250,449.66250,+,123.0,,"Kettering",Montgomery,39.68949890,-84.16880035,W8GUC,OPEN,On-Air,Analog/analog,,,,,,2020-09-22
444.66250,449.66250,+,,,"Wellington",Lorain,41.16889954,-82.21790314,K8TV,OPEN,On-Air,Analog/analog,,,,,,2020-09-23
444.67500,449.67500,+,131.8,131.8,"Brunswick",Medina,41.26092000,-81.81265000,W8WIN,OPEN,On-Air,Analog/analog,,,,,,2021-10-26
444.67500,449.67500,+,,,"Hillsboro - Rocky Fork State Park",Highland,39.20230103,-83.61160278,K8HO,OPEN,On-Air,Analog/analog,,,,,,2019-11-29
444.67500,449.67500,+,156.7,,"Salem",Columbiana,40.90090179,-80.85679626,KA8OEB,OPEN,On-Air,Analog/analog,,,,,,2020-09-23
444.70000,449.70000,+,131.8,131.8,"Lakewood",Cuyahoga,41.49950027,-81.69539642,WR8ABC,OPEN,On-Air,YSF,,,,,,2020-11-20
444.70000,449.70000,+,146.2,146.2,"Mansfield",Richland,40.75839996,-82.51540375,W8WE,OPEN,On-Air,DMR,7,,,,,2019-12-09
444.70000,449.70000,+,103.5,103.5,"Maumee",Lucas,41.56280136,-83.65380096,W8TER,OPEN,On-Air,Analog/analog,,,,,,2021-02-17
444.72500,449.72500,+,123.0,,"Piqua",Miami,40.14479828,-84.24240112,W8AK,OPEN,On-Air,Analog/analog,,,,,,2021-02-24
444.72500,449.72500,+,,,"Wickliffe",Lake,41.60530090,-81.45339966,WA8PKB,OPEN,On-Air,Analog/analog,,,,,,2020-09-23
444.73750,449.73750,+,,,"Defiance - OH",Defiance,41.18320084,-84.23159790,KT8EMA,OPEN,On-Air,YSF,,,,,,2020-09-23
444.73750,449.73750,+,,,"Sandusky",Erie,41.44889832,-82.70800018,KD8AVO,OPEN,Unknown,DMR,7,,,,,2020-06-18
444.75000,449.75000,+,,,"Cincinnati",Hamilton,39.10309982,-84.51200104,KB8BWE,OPEN,On-Air,Analog/analog,,,,,,2020-09-20
444.75000,449.75000,+,,,"Mt Vernon",Knox,40.39339828,-82.48570251,KC8YED,OPEN,On-Air,Analog/analog,,,,,,2019-12-29
444.75000,449.75000,+,131.8,131.8,"Shaker Heights",Cuyahoga,41.47389984,-81.53710175,K8ZFR,OPEN,On-Air,Analog/analog,,,,,,2021-02-24
444.76250,449.76250,+,131.8,,"Gibsonburg",Sandusky,41.38449860,-83.32050323,K8KXA,OPEN,On-Air,Analog/analog,,,,,,2021-04-12
444.77500,449.77500,+,,,"Greenfield - WVNU Radio Tower",Fayette,39.35200119,-83.38269806,K8HO,OPEN,On-Air,Analog/analog,,,,,,2021-01-28
444.77500,449.77500,+,118.8,,"Lima",Allen,40.74250031,-84.10520172,WB8PJZ,OPEN,On-Air,Analog/analog,,,,,,2020-09-23
444.77500,449.77500,+,131.8,131.8,"Parma",Cuyahoga,41.40480042,-81.72290039,WR8SS,CLOSED,On-Air,Analog/analog,,,,,,2021-03-04
444.78750,449.78750,+,,,"Alliance",Stark,40.90048200,-81.10557600,W8NP,OPEN,On-Air,DMR,7,,,,,2021-09-13
444.80000,449.80000,+,131.8,131.8,"Elyria",Lorain,41.36840057,-82.10769653,K8KRG,OPEN,On-Air,YSF/analog,,,,,,2021-02-24
444.81250,449.81250,+,131.8,,"Chardon",Geauga,41.57910156,-81.20850372,W8QT,OPEN,On-Air,P25,293,44024,4203,,,2020-09-17
444.81250,449.81250,+,107.2,,"Fort  Recovery",Mercer,40.41279984,-84.77639771,KB8SCR,OPEN,On-Air,Analog/analog,,,,,,2020-09-22
444.82500,449.82500,+,77.0,,"Middletown",Butler,39.51509857,-84.39830017,W8BLV,OPEN,On-Air,Analog/analog,,,,,,2020-09-18
444.82500,449.82500,+,71.9,,"Stone Creek",Tuscarawas,40.39730072,-81.56210327,W8ZX,OPEN,On-Air,Analog/analog,,,,,,2021-09-10
444.82500,449.82500,+,,,"Tiffin",Seneca,41.11449814,-83.17800140,W3DWW,OPEN,On-Air,DMR,1,,,,,2020-01-07
444.83750,449.83750,+,,,"Piqua",Miami,40.14479828,-84.24240112,W8AK,OPEN,On-Air,DMR,1,,,,,2020-01-15
444.83750,449.83750,+,,,"Warren",Trumbull,41.23759842,-80.81839752,WA8ILI,OPEN,On-Air,Analog/analog,,,,,,2020-09-23
444.85000,449.85000,+,110.9,,"Cuyahoga Falls",Summit,41.13389969,-81.48459625,W8VPV,OPEN,On-Air,Analog/analog,,,,,,2020-09-23
444.85000,449.85000,+,,,"Johnstown",Licking,40.11569977,-82.68039703,AC8GI,OPEN,On-Air,DMR,7,,,,,2019-12-09
444.85000,449.85000,+,,,"Toledo",Lucas,41.64699936,-83.60489655,N8EFJ,OPEN,On-Air,DMR,1,,,,,2019-12-09
444.85000,449.85000,+,136.5,,"Van Wert",Van Wert,40.86949921,-84.58409882,W8FY,CLOSED,On-Air,Analog/analog,,,,,,2020-09-23
444.86250,449.86250,+,,,"Mt Gilead - US 42",Morrow,40.54919815,-82.82740021,W8NL,OPEN,On-Air,YSF,,,,,,2020-03-13
444.87500,449.87500,+,94.8,,"Bellbrook",Greene,39.66329956,-84.06700134,N8NQH,OPEN,On-Air,DMR/analog,13,,,,,2019-12-09
444.87500,449.87500,+,131.8,,"Millersburg",Holmes,40.55450058,-81.91790009,KD8CJ,OPEN,On-Air,Analog/analog,,,,,,2020-09-23
444.88750,449.88750,+,107.2,,"Sidney",Shelby,40.28419876,-84.15550232,N6JSX,OPEN,On-Air,Analog/analog,,,,,,2020-09-22
444.90000,449.90000,+,,,"Columbus",Franklin,39.96120071,-82.99880219,N8ADL,OPEN,Off-Air,Analog/analog,,,,,,2021-03-10
444.90000,449.90000,+,131.8,,"Parma",Cuyahoga,41.40480042,-81.72290039,W8CJB,OPEN,On-Air,Analog/analog,,,,,,2021-02-24
444.91250,449.91250,+,162.2,162.2,"Hanoverton - Guilford Lake State Park;",Columbiana,40.75999832,-80.83999634,NN8B,OPEN,On-Air,YSF,,,,,,2020-08-26
444.91250,449.91250,+,,,"Mt Gilead",Morrow,40.54919815,-82.82740021,WN7C,OPEN,On-Air,DMR,7,,,,,2019-12-09
444.92500,449.92500,+,,,"Cincinnati",Clermont,39.10309982,-84.51200104,K8CF,OPEN,On-Air,Analog/analog,,,,,,2020-09-22
444.92500,449.92500,+,,,"Cridersville",Auglaize,40.65420151,-84.15080261,W8EQ,OPEN,On-Air,Analog/analog,,,,,,2020-09-23
444.92500,449.92500,+,131.8,131.8,"Lafayette Township",Medina,41.07920074,-81.94719696,W8EOC,OPEN,On-Air,Analog/analog,,,,,,2021-02-24
444.92500,449.92500,+,103.5,103.5,"Oregon",Lucas,41.64369965,-83.48690033,W8MTU,OPEN,On-Air,Analog/analog,,,,,,2021-02-17
444.92500,449.92500,+,146.2,146.2,"Washington - On the WTAP tower",Washington,39.34809875,-81.55460358,N8MDG,OPEN,On-Air,Analog/analog,,592837,,45467,Wide area,2021-06-05
444.93750,449.93750,+,103.5,103.5,"Deshler",Henry,41.20759964,-83.89910126,KC8QYH,OPEN,On-Air,Analog/analog,,,,,,2021-02-17
444.93750,449.93750,+,97.4,,"Eaton",Preble,39.74390030,-84.63659668,W8VFR,OPEN,On-Air,Analog/analog,,,,,,2021-02-24
444.95000,449.95000,+,131.8,,"Mason",Warren,39.36009979,-84.30989838,W8SAI,OPEN,On-Air,Analog/analog,,,,,,2020-09-20
444.95000,449.95000,+,103.5,103.5,"Toledo",Lucas,41.66389847,-83.55519867,N8LPQ,OPEN,On-Air,YSF/analog,,938424 ,,,,2020-01-29
444.95000,449.95000,+,,,"Zanesville",Muskingum,39.94029999,-82.01319885,W8TJT,OPEN,On-Air,Analog/analog,,,,,Wide area,2020-09-23
444.96250,449.96250,+,,,"Andover - Water Tower",Ashtabula,41.60672110,-80.57229600,W8VFD,OPEN,On-Air,DMR,2,,,,,2020-04-06
444.96250,449.96250,+,,,"Salem",Columbiana,40.90090179,-80.85679626,K8BTP,OPEN,On-Air,Analog/analog,,,,,,2021-02-24
444.97500,449.97500,+,,,"Columbus",Franklin,39.96120071,-82.99880219,WR8ATV,OPEN,On-Air,Analog,,,,,,2020-09-20
444.97500,449.97500,+,D251,CSQ,"Newbury",Geauga,41.44929886,-81.27390289,K8SGX,OPEN,On-Air,Analog/analog,,,,,,2021-11-18
444.97500,449.97500,+,162.2,,"West Chester",Butler,39.33209991,-84.41729736,W8SDR,OPEN,On-Air,Analog/analog,,,,,,2021-08-08
444.98750,449.98750,+,110.9,,"Marion",Marion,40.58869934,-83.12850189,KC8BPE,OPEN,On-Air,Analog/analog,,,,,,2020-10-13
445.10000,445.10000,x,,,"Pickerington",Fairfield,39.88423040,-82.75350490,W4JER,OPEN,Off-Air,YSF,,,,,,2021-01-23
446.02500,451.02500,+,156.7,156.7,"Van Wert",Van Wert,40.86949921,-84.58409882,N8IHP,OPEN,On-Air,Analog/analog,,,,,,2021-06-13
446.12500,441.12500,-,,,"Toledo",Lucas,41.66389847,-83.55519867,KD8KCF,OPEN,On-Air,DMR,1,,,,,2019-12-09
446.13500,446.13500,x,131.8,131.8,"Parma",Cuyahoga,41.35786400,-81.68686400,W8KDG,OPEN,Unknown,Analog/analog,,,,48553,,2021-07-22
446.13500,446.13500,x,141.3,,"Parma",Cuyahoga,41.35786400,-81.68686400,W8KDG,OPEN,Unknown,Analog,,,,53334,,2021-10-17
447.01250,442.01250,-,123.0,123.0,"Marion",Marion,40.58869934,-83.12850189,WW8MRN,OPEN,On-Air,YSF/analog,,,,,,2021-02-17
449.73750,444.73750,-,123.0,123.0,"Marion",Marion,40.58869934,-83.12850189,W8MRN,OPEN,On-Air,Analog/analog,,,,,,2021-03-10
