Output Freq,Input Freq,Offset,Uplink Tone,Downlink Tone,"Location",County,Lat,Long,Call,Use,Op Status,Mode,Digital Access,EchoLink,IRLP,AllStar,Coverage,Last Update
223.44000,223.44000,x,141.3,141.3,"Parma",Cuyahoga,41.35786400,-81.68686400,W8KDG,OPEN,On-Air,Analog/analog,,44134,,48269,,2021-10-22
223.77500,223.77500,x,141.3,,"Parma",Cuyahoga,41.35786400,-81.68686400,W8KDG,OPEN,Unknown,Analog,,,,53334,,2021-07-22
223.82000,222.22000,-,77.0,,"Springboro",Warren,39.56900024,-84.15000153,K8DZ,OPEN,On-Air,Analog/analog,,,,,,2020-09-23
223.94000,222.34000,-,,,"Dayton",Montgomery,39.75889969,-84.19159698,W8BI,OPEN,On-Air,Analog/analog,,275515,,,,2019-12-18
223.96000,222.36000,-,107.2,,"Ft. Recovery",Mercer,40.41279984,-84.77639771,KB8SCR,OPEN,On-Air,Analog/analog,,,,,,2019-11-29
223.98000,222.38000,-,,,"Troy",Miami,40.03950119,-84.20330048,N8OWV,OPEN,Unknown,Analog/analog,,,,,,2021-10-31
224.00000,222.40000,-,123.0,,"Batavia - WOBO Tower",Clermont,39.06200027,-84.09719849,K8YOJ,OPEN,On-Air,Analog/analog,,,,,,2020-01-15
224.02000,222.42000,-,141.3,,"Kent",Portage,41.15370178,-81.35790253,N8BHU,OPEN,On-Air,Analog/analog,,,,,,2020-09-20
224.04000,222.44000,-,141.3,141.3,"Elyria",Lorain,41.36840057,-82.10769653,WD8CHL,OPEN,On-Air,Analog/analog,,166616,,,,2021-02-24
224.06000,222.46000,-,100.0,,"Cincinnati",Hamilton,39.10309982,-84.51200104,K8YOJ,OPEN,On-Air,Analog/analog,,,,,,2020-01-15
224.06000,222.46000,-,,,"Norton",Summit,41.02920151,-81.63819885,WB8UTW,OPEN,On-Air,Analog/analog,,,,,,2021-02-24
224.08000,222.48000,-,141.3,,"Fairport Hrbr",Lake,41.75000000,-81.27400208,N8JCV,OPEN,On-Air,Analog/analog,,,,,,2020-09-20
224.14000,222.54000,-,,,"Atwater",Portage,41.02379990,-81.16359711,WA8LCA,OPEN,On-Air,Analog/analog,,,,,,2021-09-10
224.14000,222.54000,-,103.5,,"Toledo - University of Toledo",Lucas,41.65800095,-83.61409760,W8HHF,OPEN,On-Air,Analog/analog,,,,,,2020-09-18
224.16000,222.56000,-,,,"Dayton",Montgomery,39.75889969,-84.19159698,WC8OH,OPEN,On-Air,Analog/analog,,,,,,2021-02-13
224.16000,222.56000,-,131.8,,"Warren",Trumbull,41.23759842,-80.81839752,N8DOD,OPEN,On-Air,Analog/analog,,,,,,2020-09-23
224.22000,222.62000,-,100.0,,"Springboro",Warren,39.56150055,-84.23580170,N8RXL,OPEN,On-Air,Analog/analog,,,,,,2020-09-20
224.28000,222.68000,-,131.8,,"Columbus",Franklin,40.03239822,-82.98320007,W8KHW,OPEN,On-Air,Analog/analog,,,,27797,,2021-04-16
224.30000,222.70000,-,123.0,123.0,"Huber Heights",Miami,39.84389877,-84.12470245,NO8I,OPEN,On-Air,Analog/analog,,,,,,2021-06-16
224.34000,222.74000,-,77.0,,"Oxford",Butler,39.50699997,-84.74520111,N8ECH,OPEN,On-Air,Analog/analog,,,,,,2020-12-09
224.38000,222.78000,-,,,"Canal Winchester",Franklin,39.85319901,-82.88829803,KA8ZNY,OPEN,On-Air,Analog/analog,,,,,,2019-12-29
224.38000,222.78000,-,131.8,131.8,"Shaker Heights",Cuyahoga,41.47389984,-81.53710175,KD8LDE,OPEN,On-Air,Analog/analog,,,,,,2021-04-01
224.40000,222.80000,-,141.3,141.3,"Chesterland",Geauga,41.54639816,-81.38780212,K9IC,OPEN,On-Air,Analog/analog,,,,,Wide area,2021-02-17
224.48000,222.88000,-,141.3,,"Parma",Cuyahoga,41.40480042,-81.72290039,KB8WLW,OPEN,On-Air,Analog/analog,,146520,,,,2020-09-18
224.50000,222.90000,-,141.3,,"Mentor - Tri-Point Hospital",Lake,41.66619873,-81.33959961,N8BC,OPEN,On-Air,Analog/analog,,,,,,2020-09-23
224.52000,222.92000,-,,,"Blanchester",Clinton,39.29309845,-83.98880005,KB8CWC,OPEN,On-Air,Analog/analog,,,,,,2019-12-30
224.54000,222.94000,-,,,"Hamilton",Butler,39.39950180,-84.56130219,WB8TCB,OPEN,On-Air,Analog/analog,,,,,,2020-09-20
224.58000,222.98000,-,,,"Beavercreek",Greene,39.70920181,-84.06330109,N8DCP,OPEN,On-Air,Analog/analog,,,,,,2019-12-18
224.58000,222.98000,-,110.9,110.9,"Hayesville - Ashland/Mansfield",Ashland,40.77109909,-82.26290131,KD8BIW,OPEN,On-Air,Analog/analog,,-1,,29912,,2021-02-24
224.60000,223.00000,-,100.0,,"St. Paris",Champaign,40.12810135,-83.95999908,WB8UCD,OPEN,On-Air,Analog/analog,,,,,,2020-09-22
224.62000,223.02000,-,110.9,,"Cincinnati",Hamilton,39.10309982,-84.51200104,W8ESS,OPEN,On-Air,Analog/analog,,,,,,2020-11-20
224.66000,223.06000,-,,,"Galena",Delaware,40.20800018,-82.87200165,W8RUT,OPEN,On-Air,Analog/analog,,391711,,,,2020-01-15
224.68000,223.08000,-,,,"Dayton",Montgomery,39.75889969,-84.19159698,KB8CSL,OPEN,Unknown,Analog/analog,,,,,,2021-10-31
224.72000,223.12000,-,,,"Dayton",Montgomery,39.75889969,-84.19159698,KB8CSL,OPEN,On-Air,Analog/analog,,,,,,2021-06-24
224.76000,223.16000,-,,,"North Royalton",Cuyahoga,41.31370163,-81.72460175,K8SCI,OPEN,On-Air,Analog/analog,,,,,,2020-09-20
224.86000,223.26000,-,100.0,,"Cable",Champaign,40.17029953,-83.62830353,WB8UCD,OPEN,On-Air,Analog/analog,,,,,,2021-08-08
224.86000,223.26000,-,CSQ,CSQ,"Medina",Medina,41.23809814,-81.84179688,W8EOC,OPEN,On-Air,Analog/analog,,,,,,2020-09-23
224.88000,223.28000,-,,,"Hamilton - North C Street hill",Butler,39.40650177,-84.56479645,W8AJT,OPEN,On-Air,Analog/analog,,,,,,2021-08-08
224.90000,223.30000,-,141.3,,"Lakewood",Cuyahoga,41.48199844,-81.79820251,WR8ABC,OPEN,On-Air,Analog/analog,,,,,,2021-03-10
224.92000,223.32000,-,114.8,114.8,"Minford",Scioto,38.80390167,-82.98190308,KF8YO,OPEN,On-Air,Analog/analog,,866900,,49390,,2021-01-28
224.94000,223.34000,-,71.9,,"Mt Gilead",Morrow,40.54919815,-82.82740021,WY8G,OPEN,On-Air,Analog/analog,,,,,,2021-04-12
224.94000,223.34000,-,,,"Troy",Miami,40.03438900,84.21842900,WB8PMG,OPEN,On-Air,Analog/analog,,,,,,2021-10-06
224.94000,223.34000,-,,,"Zanesville",Muskingum,39.94029999,-82.01319885,KJ8N,OPEN,On-Air,Analog/analog,,,,,,2020-09-20
224.96000,223.36000,-,141.3,,"Thompson",Geauga,41.69010162,-81.05149841,KB8FKM,OPEN,On-Air,Analog/analog,,,,,,2021-02-24
224.98000,223.38000,-,100.0,,"Urbana",Champaign,40.10839844,-83.75240326,K7GUN,OPEN,On-Air,Analog/analog,,,,,,2020-09-22
