Output Freq,Input Freq,Offset,Uplink Tone,Downlink Tone,"Location",County,Lat,Long,Call,Use,Op Status,Mode,Digital Access,EchoLink,IRLP,AllStar,Coverage,Last Update
145.11000,144.51000,-,,,"Columbus",Franklin,39.96120071,-82.99880219,WC8OH,OPEN,On-Air,Analog/analog,,,,,,2021-09-29
145.11000,144.51000,-,67.0,,"Dayton",Montgomery,39.71030045,-84.24410248,WC8OH,OPEN,On-Air,Analog/analog,,,,,Wide area,2021-06-06
145.11000,144.51000,-,110.9,110.9,"Kent",Portage,41.15739822,-81.36720276,N8ZPS,OPEN,On-Air,Analog/analog,,,,,,2021-02-26
145.13000,144.53000,-,,,"Mason",Warren,39.36009979,-84.30989838,W8BRQ,OPEN,On-Air,Analog/analog,,,,,,2021-08-08
145.13000,144.53000,-,110.9,110.9,"Polk",Ashland,40.94449997,-82.21540070,N8SIW,OPEN,On-Air,Analog/analog,,,,,Wide area,2020-04-29
145.15000,144.55000,-,,,"Athens",Athens,39.32920074,-82.10130310,W8UKE,OPEN,On-Air,Analog/analog,,,,,,2021-06-05
145.15000,144.55000,-,,,"Bascom",Seneca,41.13270187,-83.28209686,KB8EOC,OPEN,On-Air,Analog/analog,,,,,,2021-02-17
145.15000,144.55000,-,,,"Hamilton",Butler,39.39950180,-84.56130219,W8RNL,OPEN,On-Air,Analog,,,,,,2021-09-10
145.15000,144.55000,-,110.9,110.9,"North Royalton",Cuyahoga,41.31370163,-81.72460175,K8KRG,OPEN,On-Air,Analog/analog,,,,,,2021-03-10
145.17000,144.57000,-,,,"Akron",Summit,41.07609940,-81.51149750,W8UPD,OPEN,On-Air,Analog/analog,,,,,,2021-03-10
145.17000,144.57000,-,74.4,,"Delaware",Delaware,40.29869843,-83.06800079,W8SMK,OPEN,On-Air,Analog/analog,,,,,,2021-06-24
145.17000,144.57000,-,,,"Lima - Husky Refinery Complex",Allen,40.74250031,-84.10520172,N8GCH,OPEN,On-Air,Analog/analog,,,,,,2021-02-17
145.17000,144.57000,-,77.0,77.0,"Seaman",Adams,38.93853900,-83.57389900,KN8E,OPEN,On-Air,YSF/analog,,,,,,2021-09-11
145.19000,144.59000,-,123.0,,"Delaware",Delaware,40.29869843,-83.06800079,N8DCA,OPEN,On-Air,Analog/analog,,,,,,2020-11-03
145.19000,144.59000,-,110.9,110.9,"Medina",Medina,41.13840103,-81.86370087,W8HAC,OPEN,On-Air,Analog/analog,,,,,,2021-02-24
145.21000,144.61000,-,71.9,71.9,"Lithopolis",Fairfield,39.80279922,-82.80629730,KB8WQ,OPEN,On-Air,Analog/analog,,,,,,2020-07-26
145.21000,144.61000,-,110.9,,"Mentor",Lake,41.65999985,-81.27999878,N9AGC,OPEN,On-Air,YSF/analog,,,,,,2020-04-08
145.21000,144.61000,-,118.8,,"Oxford",Butler,39.50699997,-84.74520111,W8CCI,OPEN,On-Air,Analog/analog,,,,,,2021-01-25
145.21000,144.61000,-,103.5,103.5,"St Clairsville",Belmont,40.07809830,-80.89900208,W8GBH,OPEN,On-Air,YSF/analog,,,,,,2021-07-16
145.23000,144.63000,-,,,"Columbus",Franklin,39.96120071,-82.99880219,WB8MMR,OPEN,On-Air,Analog/analog,,,,,,2021-04-16
145.23000,144.63000,-,71.9,,"Coshocton",Coshocton,40.27199936,-81.85959625,KE8BDF,OPEN,On-Air,YSF/analog,,,,,,2021-02-17
145.23000,144.63000,-,110.9,110.9,"Elyria",Lorain,41.36840057,-82.10769653,W8HF,OPEN,On-Air,Analog/analog,,,,,,2021-03-10
145.23000,144.63000,-,100.0,100.0,"Troy",Miami,40.06576600,-84.24138900,W8FW,OPEN,On-Air,Analog/analog,,,,,Wide area,2021-10-18
145.25000,144.65000,-,162.2,,"Blanchester",Clinton,39.29309845,-83.98880005,KB8CWC,CLOSED,On-Air,Analog/analog,,,,,,2020-09-23
145.25000,144.65000,-,107.2,,"Coldwater",Mercer,40.47980118,-84.62830353,W8MCA,OPEN,On-Air,Analog/analog,,,,,,2020-09-18
145.25000,144.65000,-,186.2,186.2,"Fremont",Sandusky,41.35029984,-83.12190247,W8NCK,OPEN,On-Air,Analog/analog,,,,,,2020-06-09
145.25000,144.65000,-,,,"Hudson",Summit,41.24010086,-81.44069672,K8KSW,OPEN,On-Air,Analog/analog,,,,,,2020-09-23
145.25000,144.65000,-,,,"Thornville",Licking,39.89649963,-82.42019653,AC8GI,OPEN,On-Air,DMR,7,,,,,2019-12-09
145.27000,144.67000,-,82.5,82.5,"Columbus",Franklin,39.96120071,-82.99880219,WA8PYR,OPEN,On-Air,Analog/analog,,,,,,2019-12-29
145.27000,144.67000,-,,,"Huber Heights - W8BI Clubhouse",Montgomery,39.84769821,-84.09919739,W8HEQ,OPEN,On-Air,DStar,,,,,,2020-09-22
145.27000,144.67000,-,110.9,110.9,"McDonald",Mahoning,41.13170900,-80.72857600,W8WRC,OPEN,On-Air,Analog/analog,,,,,,2021-03-22
145.29000,144.69000,-,110.9,,"Brunswick",Medina,41.23809814,-81.84179688,N8NC,OPEN,On-Air,Analog/analog,,,,,,2021-03-21
145.29000,144.69000,-,123.0,,"Delaware",Delaware,40.29869843,-83.06800079,KA8IWB,OPEN,On-Air,Analog/analog,,,,,,2019-12-18
145.29000,144.69000,-,118.8,,"Franklin",Warren,39.55889893,-84.30410004,WB8ZVL,OPEN,On-Air,Analog/analog,,,,,,2020-09-20
145.31000,144.71000,-,123.0,123.0,"Cincinnati",Hamilton,39.10309982,-84.51200104,N8SIM,OPEN,On-Air,Analog/analog,,,,,,2021-03-04
145.31000,144.71000,-,110.9,110.9,"Parma",Cuyahoga,41.38370000,-81.73380000,W8BTO,OPEN,On-Air,Analog/analog,,,,,,2021-09-09
145.31000,144.71000,-,82.5,82.5,"Springfield",Clark,39.92419815,-83.80879974,W8OG,OPEN,On-Air,YSF/analog,,,,,,2021-06-06
145.33000,144.73000,-,71.9,71.9,"Mansfield",Richland,40.75839996,-82.51540375,W8NDB,OPEN,On-Air,Analog/analog,,,,,,2021-08-08
145.33000,144.73000,-,,,"Marietta",Washington,39.41540146,-81.45480347,W8JL,OPEN,On-Air,DMR,1,,,,,2019-12-09
145.33000,144.73000,-,,,"Miamisburg - Sycamore hospital",Montgomery,39.64279938,-84.28659821,W8DYY,OPEN,On-Air,Analog/analog,,,,,,2021-08-08
145.33000,144.73000,-,,,"Montville",Geauga,41.60720062,-81.05059814,N8XUA,CLOSED,On-Air,Analog/analog,,,,,,2020-09-20
145.35000,144.75000,-,,,"Cincinnati",Hamilton,39.12519836,-84.49880219,K8BIG,OPEN,On-Air,Analog,,,,,Wide area,2021-09-10
145.35000,144.75000,-,,,"Cleveland",Cuyahoga,41.49950027,-81.69539642,WB8THD,OPEN,On-Air,DStar,,,,,,2020-09-23
145.35000,144.75000,-,110.9,110.9,"Clyde",Sandusky,41.30419922,-82.97519684,NF8E,OPEN,On-Air,Analog/analog,,,,,,2021-02-17
145.35000,144.75000,-,127.3,127.3,"Marysville",Union,40.23649979,-83.36710358,N8IG,OPEN,On-Air,Analog/analog,,742504,,,,2021-06-13
145.37000,144.77000,-,110.9,110.9,"Alliance",Stark,40.91529846,-81.10590363,W8LKY,OPEN,On-Air,Analog/analog,,811710,,,,2021-07-13
145.37000,144.77000,-,,123.0,"Cincinnati",Hamilton,39.10309982,-84.51200104,K8YOJ,OPEN,On-Air,Analog/analog,,,,,,2021-06-24
145.37000,144.77000,-,,,"Columbus",Franklin,39.96120071,-82.99880219,W8TRB,OPEN,On-Air,DMR,1,,,,,2019-12-09
145.37000,144.77000,-,107.2,,"Lima - WLIO tower",Allen,40.74840164,-84.13189697,KT8APR,OPEN,On-Air,Analog/analog,,,4370,,,2020-09-20
145.39000,144.79000,-,,,"Columbus",Franklin,39.96120071,-82.99880219,W8DIG,OPEN,On-Air,DStar,,,,,,2020-09-18
145.39000,144.79000,-,,,"Fairfield",Butler,39.31140137,-84.51249695,WC8VOA,OPEN,On-Air,YSF/analog,,805289,,,,2020-12-09
145.39000,144.79000,-,,,"Ravenna",Portage,41.15760040,-81.24210358,KB8ZHP,OPEN,On-Air,Analog/analog,,,,,,2021-01-04
145.39000,144.79000,-,136.5,,"South Webster",Scioto,38.80569839,-82.72869873,N8QA,OPEN,On-Air,YSF,,839665,,50227,,2021-10-06
145.41000,144.81000,-,107.2,107.2,"Archbold",Fulton,41.48749924,-84.30300140,N8RLD,OPEN,On-Air,Analog/analog,,,8866,,,2021-02-10
145.41000,144.81000,-,118.8,118.8,"Fairborn",Greene,39.82089996,-84.01940155,K8FBN,OPEN,On-Air,YSF/analog,,,,,,2021-03-04
145.41000,144.81000,-,110.9,,"Parma",Cuyahoga,41.40480042,-81.72290039,KB8WLW,OPEN,On-Air,Analog/analog,,146520,,,Wide area,2021-09-11
145.43000,144.83000,-,88.5,88.5,"Centerville",Montgomery,39.62839890,-84.15940094,WB8ART,OPEN,On-Air,Analog/analog,,,,,,2021-06-13
145.43000,144.83000,-,123.0,123.0,"Columbus",Franklin,39.96026471,-82.99772319,N8PVC,OPEN,On-Air,P25/analog,293,,,,,2021-04-16
145.45000,144.85000,-,114.8,,"Sciotoville",Scioto,38.75230026,-82.93679810,W8KKC,OPEN,On-Air,YSF/analog,,,,,,2021-06-13
145.45000,144.85000,-,123.0,123.0,"Springfield",Clark,39.92419815,-83.80879974,K8IRA,OPEN,On-Air,Analog/analog,,,,,,2021-06-16
145.45000,144.85000,-,107.2,,"Tiffin - Kiwanis Manor",Seneca,41.11410141,-83.18099976,W8ID,OPEN,On-Air,Analog/analog,,,,,,2020-09-23
145.45000,144.85000,-,110.9,,"Uniontown",Stark,40.97510147,-81.40820313,WD8BIW,OPEN,On-Air,Analog/analog,,,,,,2021-05-28
145.47000,144.87000,-,100.0,,"Eaton",Preble,39.74390030,-84.63659668,K8YR,OPEN,On-Air,Analog/analog,,,,,,2021-06-06
145.47000,144.87000,-,,,"Johnstown",Licking,40.15370178,-82.68520355,AC8GI,OPEN,On-Air,DMR,7,,,,,2019-12-09
145.49000,144.89000,-,,,"Columbus",Franklin,39.96120071,-82.99880219,W8CMH,OPEN,On-Air,DStar,,,,,,2020-01-15
145.49000,144.89000,-,107.2,107.2,"Fremont",Sandusky,41.35029984,-83.12190247,N8SCA,OPEN,On-Air,Analog/analog,,,,,,2021-03-10
145.49000,144.89000,-,77.0,77.0,"Springboro",Warren,39.56890106,-84.18630219,W8CYE,OPEN,On-Air,YSF/analog,,3272,,,Wide area,2021-06-13
145.49000,144.89000,-,110.9,110.9,"Wadsworth",Medina,41.02560043,-81.72989655,KD8DRG,OPEN,On-Air,Analog/analog,,,,,,2020-09-23
145.54000,145.54000,x,,,"Hanover Twp.",Butler,40.41728710,-82.90712300,W8XJF,OPEN,Off-Air,YSF,,,,,,2020-11-20
145.56250,145.56250,x,,,"Cleveland",Cuyahoga,41.45060000,-81.80280000,W8KRF,OPEN,On-Air,YSF,,,,,,2020-12-11
146.55000,146.55000,x,,,"Newport",Washington,40.41728710,-82.90712300,K8KHW,OPEN,On-Air,YSF,,,,,,2020-11-20
146.61000,146.01000,-,77.0,77.0,"Middletown",Butler,39.51630020,-84.35130310,W8BLV,OPEN,On-Air,Analog/analog,,323719,,,,2021-02-24
146.61000,146.01000,-,74.4,74.4,"Philo",Muskingum,39.86119843,-81.90679932,W8ZZV,OPEN,On-Air,YSF/analog,,,,,,2020-10-13
146.61000,146.01000,-,103.5,103.5,"Toledo",Lucas,41.66389847,-83.55519867,K8ALB,OPEN,On-Air,Analog/analog,,,,,,2021-02-24
146.61000,146.01000,-,103.5,,"Willow Wood",Lawrence,38.56110001,-82.46820068,W8SOE,OPEN,On-Air,Analog/analog,,,,,,2020-09-23
146.62500,146.02500,-,110.9,110.9,"Amherst",Lorain,41.39780045,-82.22239685,WD8OCS,OPEN,On-Air,Analog/analog,,,,,,2020-11-20
146.62500,146.02500,-,85.4,,"Kenton",Hardin,40.64699936,-83.60959625,W8VMV,OPEN,On-Air,Analog/analog,,,,,,2020-03-11
146.64000,146.04000,-,110.9,,"Akron",Summit,41.08140182,-81.51899719,WB8DJP,OPEN,On-Air,Analog/analog,,,,,,2020-09-23
146.64000,146.04000,-,100.0,100.0,"Barnesville",Belmont,39.98809814,-81.17649841,WB8WJT,OPEN,On-Air,Analog/analog,,,,,,2020-12-26
146.64000,146.04000,-,123.0,,"Dayton",Montgomery,39.75889969,-84.19159698,K8MCA,OPEN,On-Air,Analog/analog,,,,,,2021-02-24
146.65500,146.05500,-,114.8,,"Cadiz",Harrison,40.27280045,-80.99680328,WB8FPN,OPEN,On-Air,Analog/analog,,,,,,2020-09-18
146.65500,146.05500,-,,,"Orwell",Ashtabula,41.53509903,-80.86810303,KF8YF,OPEN,On-Air,Analog/analog,,,,,,2020-09-23
146.65500,146.05500,-,110.9,110.9,"Sandusky - S.R.E.L. Club House Pennsylvani",Erie,41.44889832,-82.70800018,W8LBZ,OPEN,On-Air,Analog/analog,,,,,,2020-06-03
146.67000,146.07000,-,123.0,123.0,"Cincinnati",Hamilton,39.10309982,-84.51200104,K8SCH,OPEN,On-Air,Analog/analog,,,,,,2020-03-11
146.67000,146.07000,-,131.8,131.8,"Columbus",Franklin,39.98140717,-82.83872223,W8ZPF,OPEN,On-Air,YSF/analog,,782142,,,,2020-02-09
146.67000,146.07000,-,,,"Lima",Allen,40.74250031,-84.10520172,WB8ULC,OPEN,On-Air,NXDN,,146670,,,,2020-06-04
146.67000,146.07000,-,71.9,71.9,"Millersburg",Holmes,40.55450058,-81.91790009,KD8QGQ,OPEN,On-Air,Analog/analog,,,,,,2021-02-24
146.68500,146.08500,-,,,"Bascom",Seneca,41.13270187,-83.28209686,N8VWZ,OPEN,On-Air,Analog/analog,,,,,Wide area,2020-09-20
146.68500,146.08500,-,118.8,,"Greenfield - WVNU Radio Tower ",Fayette,39.35200119,-83.38269806,K8HO,OPEN,On-Air,Analog/analog,,,,,,2020-03-03
146.68500,146.08500,-,110.9,,"Norton",Summit,41.02920151,-81.63819885,WA8DBW,OPEN,Unknown,Analog/analog,,,,,Wide area,2021-09-19
146.70000,146.10000,-,162.2,,"East Liverpool",Columbiana,40.61869812,-80.57730103,K8BLP,OPEN,On-Air,YSF/analog,,,,,,2020-09-23
146.70000,146.10000,-,110.9,110.9,"Elyria",Lorain,41.36840057,-82.10769653,K8KRG,OPEN,On-Air,YSF/analog,,,,,,2021-02-24
146.70000,146.10000,-,123.0,,"Fairfield",Hamilton,39.29980087,-84.57350159,W8WRK,OPEN,On-Air,Analog/analog,,,,,,2020-10-16
146.70000,146.10000,-,94.8,,"Lancaster",Fairfield,39.71369934,-82.59929657,K8QIK,OPEN,On-Air,Analog/analog,,526398,,,,2019-11-05
146.70000,146.10000,-,107.2,,"Van Wert",Van Wert,40.86949921,-84.58409882,W8FY,OPEN,On-Air,YSF,,,,,,2020-09-23
146.71500,146.11500,-,141.3,,"Jefferson",Ashtabula,41.73870087,-80.76979828,K8CY,OPEN,On-Air,Analog/analog,,179729,,,,2020-03-11
146.71500,146.11500,-,,,"Middletown",Butler,39.51509857,-84.39830017,N8COZ,CLOSED,On-Air,Analog/analog,,,,,,2021-10-31
146.71500,146.11500,-,,,"Orrville",Wayne,40.84370041,-81.76399994,KD8SQ,OPEN,On-Air,Analog/analog,,,,,,2020-09-23
146.71500,146.11500,-,107.2,107.2,"Ottawa - Putnam County Health Department",Putnam,41.01919937,-84.04720306,W8MCB,OPEN,On-Air,YSF/analog,,,,,,2021-04-21
146.71500,146.11500,-,103.5,,"South point",Lawrence,38.42341600,-82.53658300,W8SOE,OPEN,On-Air,Analog/analog,,429499,,501091,,2020-10-16
146.73000,146.13000,-,110.9,,"Cleveland",Cuyahoga,41.49932000,-81.69436050,WR8RA,OPEN,On-Air,Analog/analog,,,,,,2021-05-28
146.73000,146.13000,-,91.5,91.5,"Gallipolis - Warehime Hill",Gallia,38.84540176,-82.17929840,K8ATG,OPEN,On-Air,Analog/analog,,,,,,2019-12-13
146.73000,146.13000,-,162.2,162.2,"Georgetown",Brown,38.85929871,-83.89859772,N1DJS,OPEN,On-Air,YSF/analog,,,,,,2021-02-16
146.73000,146.13000,-,77.0,77.0,"Springfield",Clark,39.92419815,-83.80879974,W8OG,OPEN,On-Air,YSF/analog,,,,,,2021-06-16
146.73000,146.13000,-,71.9,,"Stonecreek",Tuscarawas,40.38460159,-81.51869965,W8ZX,OPEN,On-Air,Analog/analog,,,,,,2021-06-05
146.74500,146.14500,-,114.8,114.8,"Constitution - WTAP tower",Washington,39.35010147,-81.56529999,W8TAP,OPEN,On-Air,Analog/analog,,,,,,2021-06-05
146.74500,146.14500,-,136.5,,"Elm Grove",Pike,39.04650116,-83.16380310,K8HO,OPEN,On-Air,Analog/analog,,,,,,2021-06-03
146.74500,146.14500,-,100.0,,"Lima",Allen,40.74250031,-84.10520172,W8AOH,OPEN,On-Air,Analog/analog,,,,,,2019-12-18
146.74500,146.14500,-,71.9,,"Loudonville",Ashland,40.63219833,-82.24710083,W3YXS,OPEN,On-Air,Analog/analog,,,,,,2019-12-29
146.74500,146.14500,-,110.9,110.9,"Youngstown",Mahoning,41.09980011,-80.64949799,W8QLY,OPEN,On-Air,Analog/analog,,,,,,2021-06-16
146.76000,146.16000,-,162.2,,"Cincinnati",Hamilton,39.10309982,-84.51200104,WR8CRA,OPEN,On-Air,Analog/analog,,,,,,2021-10-06
146.76000,146.16000,-,123.0,123.0,"Columbus",Franklin,39.96120071,-82.99880219,W8AIC,OPEN,On-Air,Analog/analog,,,,,,2021-04-16
146.76000,146.16000,-,110.9,110.9,"Highland Hills",Cuyahoga,41.44839859,-81.51899719,WR8ABC,OPEN,On-Air,Analog/analog,,,,,,2021-07-13
146.77500,146.17500,-,,,"East Palestine",Columbiana,40.83399963,-80.54029846,W8GMM,OPEN,On-Air,Analog/analog,,,,,,2020-09-22
146.77500,146.17500,-,77.0,,"Miamisburg",Montgomery,39.64279938,-84.28659821,W6CDR,OPEN,On-Air,Analog/analog,,,,,,2019-11-29
146.77500,146.17500,-,107.2,,"Mt Gilead - US 42",Morrow,40.54919815,-82.82740021,W8NL,OPEN,On-Air,YSF/analog,,,,,,2021-04-12
146.79000,146.19000,-,103.5,,"Bowling Green",Wood,41.37480164,-83.65129852,KD8BTI,OPEN,On-Air,Analog/analog,,,,,,2021-10-31
146.79000,146.19000,-,141.3,141.3,"Canton",Stark,40.83409882,-81.38490295,W8AL,OPEN,On-Air,YSF/analog,,,,,,2020-09-22
146.79000,146.19000,-,94.8,94.8,"Greenville",Darke,40.10279846,-84.63300323,W8QIY,OPEN,On-Air,Analog/analog,,,,,,2020-09-18
146.79000,146.19000,-,71.9,,"Mount Vernon",Knox,40.39339828,-82.48570251,K8EEN,OPEN,On-Air,Analog/analog,,,,,,2021-07-22
146.79000,146.19000,-,74.4,74.4,"Ray",Jackson,39.18489838,-82.69550323,W8YUL,OPEN,On-Air,YSF,,,,,,2020-05-06
146.79000,146.19000,-,88.5,88.5,"South Euclid",Cuyahoga,41.52310181,-81.51850128,N8APU,OPEN,On-Air,Analog/analog,,,,,,2021-02-24
146.80500,146.20500,-,110.9,110.9,"Berlin Hts",Erie,41.32529831,-82.49320221,WB8LLY,OPEN,On-Air,Analog/analog,,,,,,2019-12-30
146.80500,146.20500,-,,,"Columbus",Franklin,39.96120071,-82.99880219,WB8LAP,OPEN,On-Air,Analog/analog,,,,,,2020-09-20
146.80500,146.20500,-,162.2,162.2,"Lisbon - MARCS tower",Columbiana,40.75000000,-80.77300262,K8GQB,OPEN,On-Air,Analog/analog,,,,,,2020-12-23
146.80500,146.20500,-,118.8,118.8,"Marietta",Washington,39.41540146,-81.45480347,KI8JK,OPEN,On-Air,YSF,,,,,,2020-09-18
146.80500,146.20500,-,107.2,,"St Marys",Auglaize,40.54420090,-84.38999939,W8GZ,OPEN,On-Air,Analog/analog,,,,,,2020-09-23
146.82000,146.22000,-,107.2,107.2,"Bryan",Williams,41.47480011,-84.55249786,KA8OFE,OPEN,On-Air,YSF/analog,,,,,,2021-05-30
146.82000,146.22000,-,77.0,77.0,"Dayton",Montgomery,39.75889969,-84.19159698,WA8PLZ,OPEN,On-Air,Analog/analog,,,,,,2021-06-13
146.82000,146.22000,-,110.9,110.9,"Parma",Cuyahoga,41.40480042,-81.72290039,K8ZFR,OPEN,On-Air,Analog/analog,,,,,,2021-06-09
146.83500,146.23500,-,156.7,156.7,"Maplewood",Shelby,40.39820099,-84.07250214,K8ZUK,OPEN,On-Air,YSF/analog,,,,,,2020-08-26
146.83500,146.23500,-,91.5,91.5,"Thornville",Licking,40.47370148,-80.92289734,KB8ZMI,OPEN,On-Air,Analog/analog,,,,,,2020-04-08
146.83500,146.23500,-,,,"Toledo",Lucas,41.66389847,-83.55519867,W8HHF,OPEN,On-Air,YSF,,,,,,2020-11-20
146.83500,146.23500,-,131.8,,"Warren",Trumbull,41.23759842,-80.81839752,N8DOD,OPEN,On-Air,Analog/analog,,,,,,2021-02-17
146.85000,146.25000,-,91.5,,"Cambridge",Guernsey,40.03120041,-81.58850098,W8VP,OPEN,On-Air,Analog/analog,,,,,,2020-09-22
146.85000,146.25000,-,74.4,74.4,"Chillicothe - Scioto Trail State Park",Ross,39.21979904,-82.97489929,W8BAP,OPEN,On-Air,YSF/analog,,,,,,2021-02-17
146.85000,146.25000,-,123.0,,"Cincinnati",Hamilton,39.10309982,-84.51200104,K8YOJ,OPEN,On-Air,Analog/analog,,,,,,2020-09-23
146.85000,146.25000,-,71.9,,"Galion",Crawford,40.73369980,-82.78990173,W8BAE,OPEN,On-Air,Analog/analog,,,,,,2021-02-24
146.85000,146.25000,-,,,"Middle Point",Van Wert,40.85559845,-84.44719696,W8FY,OPEN,On-Air,YSF,,,,,,2020-09-23
146.85000,146.25000,-,110.9,,"Newbury",Geauga,41.46369934,-81.29360199,W8LYD,OPEN,On-Air,Analog/analog,,,,,,2021-02-24
146.86500,146.26500,-,118.8,118.8,"Lebanon",Warren,39.43529892,-84.20300293,WC8EMA,OPEN,On-Air,Analog/analog,,,,43148,,2021-09-10
146.86500,146.26500,-,88.5,88.5,"Pomeroy",Meigs,39.03580093,-82.04709625,KC8LOE,OPEN,On-Air,Analog/analog,,,,,,2020-09-23
146.86500,146.26500,-,110.9,,"Salem",Columbiana,40.90090179,-80.85679626,KB8MFV,OPEN,On-Air,Analog/analog,,,,,,2020-09-20
146.86500,146.26500,-,110.9,110.9,"Willard",Huron,41.13990021,-82.67060089,AC8AP,OPEN,On-Air,Analog/analog,,,,,,2021-10-15
146.88000,146.28000,-,123.0,123.0,"Greenhills - 740' tower",Hamilton,39.27339935,-84.52700043,WB8CRS,OPEN,On-Air,Analog/analog,,809821,,,,2020-04-08
146.88000,146.28000,-,110.9,110.9,"Lakewood",Cuyahoga,41.49950027,-81.69539642,WR8ABC,OPEN,On-Air,Analog/analog,,,4282,456771,,2020-12-26
146.88000,146.28000,-,91.5,91.5,"Marietta",Washington,39.41540146,-81.45480347,W8HH,OPEN,On-Air,Analog/analog,,,,,,2020-09-20
146.88000,146.28000,-,141.3,141.3,"Newark",Licking,40.05810165,-82.40129852,W8WRP,OPEN,On-Air,Analog/analog,,,,,,2021-02-24
146.89500,146.29500,-,118.8,,"Kent",Portage,41.14910126,-81.34369659,K8IV,OPEN,On-Air,Analog/analog,,508081,,,,2021-09-16
146.89500,146.29500,-,250.3,,"Marion",Marion,40.58869934,-83.12850189,WW8MRN,OPEN,On-Air,Analog/analog,,,,,,2020-09-18
146.89500,146.29500,-,,,"Ray",Jackson,39.18489838,-82.69550323,KD8SPV,OPEN,On-Air,DMR,7,,,,,2019-12-09
146.91000,146.31000,-,,,"Bellbrook",Greene,39.65999985,-84.05999756,W8GCA,OPEN,On-Air,Analog/analog,,,,,,2021-08-08
146.91000,146.31000,-,71.9,,"Reynoldsburg",Franklin,39.95479965,-82.81210327,W8FEH,OPEN,On-Air,Analog/analog,,,,,,2020-09-22
146.91000,146.31000,-,110.9,,"Youngstown - WHOT Tower",Mahoning,41.05730057,-80.63919830,W8IZC,OPEN,On-Air,Analog/analog,,,,,,2021-02-24
146.92500,146.32500,-,74.4,74.4,"Bainbridge",Ross,39.28210068,-83.15609741,W8BAP,OPEN,On-Air,Analog/analog,,,,,,2021-02-24
146.92500,146.32500,-,123.0,123.0,"Cincinnati",Hamilton,39.10309982,-84.51200104,K8SCH,OPEN,On-Air,Analog/analog,,,,,,2021-02-24
146.92500,146.32500,-,71.9,,"Sugarcreek",Tuscarawas,40.50310135,-81.64099884,W8ZX,OPEN,On-Air,Analog/analog,,,,,,2020-09-23
146.94000,146.34000,-,110.9,110.9,"Chardon",Geauga,41.50550000,-81.19020000,W8DES,OPEN,On-Air,Analog/analog,,,,,,2020-09-04
146.94000,146.34000,-,123.0,123.0,"Dayton",Montgomery,39.75889969,-84.19159698,W8BI,OPEN,On-Air,Analog/analog,,,,,,2020-04-09
146.94000,146.34000,-,,,"Lima",Allen,40.74250031,-84.10520172,W8EQ,OPEN,On-Air,Analog/analog,,,,,,2020-06-16
146.94000,146.34000,-,71.9,71.9,"Mansfield",Richland,40.75839996,-82.51540375,W8WE,OPEN,On-Air,Analog/analog,,,,,,2021-06-16
146.94000,146.34000,-,103.5,103.5,"Toledo",Lucas,41.65138100,-83.53515600,N8LPQ,OPEN,On-Air,YSF,,,,,,2020-06-18
146.95500,146.35500,-,110.9,,"Akron",Summit,41.08140182,-81.51899719,WB8HHP,OPEN,On-Air,Analog/analog,,,,,,2021-02-17
146.95500,146.35500,-,100.0,,"Urbana",Champaign,40.10839844,-83.75240326,K8VOR,OPEN,On-Air,Analog/analog,,,,,,2020-09-20
146.97000,146.37000,-,91.5,91.5,"Belpre",Washington,39.27399826,-81.57289886,N8NBL,OPEN,On-Air,Analog/analog,,,,,,2020-04-08
146.97000,146.37000,-,123.0,123.0,"Columbus",Franklin,39.96120071,-82.99880219,W8RRJ,OPEN,On-Air,Analog/analog,,,,,,2020-09-18
146.97000,146.37000,-,118.8,118.8,"Hamilton",Butler,39.39950180,-84.56130219,W8CCI,OPEN,On-Air,YSF,,,,,,2021-10-31
146.97000,146.37000,-,100.0,,"Warren",Trumbull,41.23759842,-80.81839752,W8VTD,OPEN,On-Air,Analog/analog,,,,,,2021-02-17
146.98500,146.38500,-,123.0,,"Dayton",Montgomery,39.75889969,-84.19159698,WF8M,OPEN,On-Air,Analog/analog,,,,,Wide area,2020-04-03
146.98500,146.38500,-,,,"Tallmadge - DX Engineering",Summit,41.10100174,-81.44100189,N8DXE,OPEN,On-Air,DStar,,,,,,2021-08-08
147.00000,147.60000,+,100.0,100.0,"Bellefontaine - Campbell Hill",Logan,40.36119843,-83.75969696,W8FTV,OPEN,On-Air,YSF/analog,,,,,Wide area,2020-01-15
147.00000,147.60000,+,91.5,,"Cambridge",Guernsey,40.03120041,-81.58850098,KB8ZMI,OPEN,On-Air,Analog/analog,,,,,,2020-09-23
147.00000,147.60000,+,94.8,,"Cherry Fork - Spencer Hill",Adams,38.88759995,-83.61440277,K8GE,OPEN,On-Air,Analog/analog,,,,,,2021-02-24
147.00000,147.60000,+,100.0,,"Hamilton",Butler,39.40579987,-84.49130249,W8WRK,OPEN,On-Air,Analog/analog,,,,,,2021-02-22
147.00000,147.60000,+,,,"Youngstown",Mahoning,41.09980011,-80.64949799,KB8N,OPEN,On-Air,Analog/analog,,,,,,2021-02-24
147.01500,147.61500,+,,,"Chillicothe - Scioto Trail State Park",Ross,39.33309937,-82.98239899,W8BAP,OPEN,On-Air,DStar,,,,,,2021-02-17
147.01500,147.61500,+,71.9,,"Lexington - Mid-Ohio Sports Car Course",Morrow,40.68679810,-82.63449860,N8YOA,OPEN,On-Air,YSF,,,,,,2019-11-29
147.01500,147.61500,+,77.0,,"Miamisburg",Montgomery,39.64279938,-84.28659821,W8NCI,OPEN,On-Air,Analog/analog,,,,,,2021-02-24
147.01500,147.61500,+,110.9,110.9,"Newbury",Geauga,41.46450000,-81.28680000,W8OKE,OPEN,On-Air,Analog/analog,,,,,Wide area,2021-06-09
147.03000,147.63000,+,131.8,,"Brunswick",Medina,41.23809814,-81.84179688,W8EOC,OPEN,On-Air,Analog/analog,,,,,,2021-02-24
147.03000,147.63000,+,71.9,,"Lancaster",Fairfield,39.71369934,-82.59929657,K8QIK,OPEN,On-Air,Analog/analog,,405426,,,,2019-12-18
147.03000,147.63000,+,,,"Lima",Allen,40.74250031,-84.10520172,K8TCF,OPEN,On-Air,Analog/analog,,,,,,2020-09-20
147.03000,147.63000,+,141.3,88.5,"Medina",Medina,41.13840103,-81.86370087,W8EOC,OPEN,On-Air,Analog/analog,,,,,,2021-09-10
147.04500,147.64500,+,,118.8,"Bellbrook",Greene,39.63560104,-84.07080078,W8DGN,OPEN,On-Air,YSF/analog,,353955,,53017,,2020-11-28
147.04500,147.64500,+,100.0,100.0,"Findlay",Hancock,41.02188300,-83.64349900,N8PC,OPEN,On-Air,DMR,1,275408,,457430,,2021-06-22
147.04500,147.64500,+,71.9,,"Keene",Coshocton,40.34510040,-81.86820221,W8CCA,OPEN,On-Air,YSF,,,,,,2020-06-03
147.04500,147.64500,+,141.3,,"Vienna",Trumbull,41.23770142,-80.66390228,N8NVI,OPEN,On-Air,YSF,,,,,,2021-02-17
147.06000,147.66000,+,110.9,,"Bainbridge",Geauga,41.39339828,-81.33719635,WR8ANN,OPEN,On-Air,Analog/analog,,,,,,2020-09-23
147.06000,147.66000,+,100.0,100.0,"Cincinnati - University of Cincinnati",Hamilton,39.10309982,-84.51200104,W8YX,OPEN,On-Air,Analog/analog,,,,,,2021-01-28
147.06000,147.66000,+,94.8,,"Columbus",Franklin,39.96120071,-82.99880219,K8DDG,OPEN,On-Air,Analog/analog,,,,,,2021-04-16
147.06000,147.66000,+,74.4,,"Gallipolis",Gallia,38.80979919,-82.20240021,KC8ZAB,OPEN,On-Air,Analog/analog,,,,,,2020-09-20
147.06000,147.66000,+,114.8,,"Steubenville - WTOV-TV Tower",Jefferson,40.34249878,-80.62059784,WD8IIJ,OPEN,On-Air,Analog/analog,,730484,,,,2021-02-24
147.07500,147.67500,+,131.8,131.8,"Malvern",Carroll,40.69169998,-81.18119812,K8VPJ,OPEN,On-Air,Analog/analog,,,,,,2021-08-08
147.07500,147.67500,+,100.0,,"Oak Harbor",Ottawa,41.50669861,-83.14659882,K8VXH,OPEN,On-Air,Analog/analog,,,,,,2020-03-19
147.07500,147.67500,+,91.5,,"Zanesville",Muskingum,39.94029999,-82.01319885,KB8ZMI,OPEN,Unknown,Analog/analog,,,,,,2021-09-27
147.09000,147.69000,+,110.9,110.9,"Barberton",Summit,41.01279831,-81.60510254,WB8OVQ,OPEN,On-Air,Analog/analog,,,,,,2021-09-19
147.09000,147.69000,+,123.0,,"Cincinnati",Hamilton,39.10309982,-84.51200104,K8BIG,OPEN,On-Air,Analog/analog,,,,,,2020-09-23
147.09000,147.69000,+,107.2,,"Defiance",Defiance,41.28450012,-84.35579681,K8VON,OPEN,On-Air,Analog/analog,,215376,,,,2020-09-23
147.10500,147.70500,+,114.8,,"Cortland",Trumbull,41.33029938,-80.72540283,N8GZE,OPEN,On-Air,Analog/analog,,,,,,2021-02-17
147.10500,147.70500,+,,,"Dayton - TV CH 16 Tower",Montgomery,39.72119904,-84.25000000,W8RTL,OPEN,On-Air,DStar,,,,,,2020-09-20
147.10500,147.70500,+,71.9,71.9,"Hayesville",Ashland,40.77109909,-82.26290131,N8IHI,OPEN,On-Air,NXDN,,,,,Wide area,2020-02-26
147.10500,147.70500,+,88.5,,"McArthur",Vinton,39.24649811,-82.47850037,W8VCO,OPEN,On-Air,Analog/analog,,,,,,2020-09-23
147.12000,147.72000,+,110.9,110.9,"Canton - Mercy Medical Center",Stark,40.79890060,-81.37840271,N8ATZ,OPEN,On-Air,YSF/analog,,,,,,2021-04-12
147.12000,147.72000,+,,,"Delphos",Van Wert,40.84339905,-84.34159851,W8YEK,OPEN,On-Air,Analog/analog,,,,,,2020-09-23
147.12000,147.72000,+,123.0,123.0,"Wilmington",Clinton,39.44530106,-83.82849884,W8GO,OPEN,On-Air,Analog/analog,,,,,,2021-02-17
147.13500,147.73500,+,110.9,,"Akron - Spring Hill Apartments",Summit,41.06850052,-81.55210114,N8XPK,OPEN,On-Air,Analog/analog,,,,,,2020-09-23
147.13500,147.73500,+,,,"Centerville",Montgomery,39.62839890,-84.15940094,WB8SCT,OPEN,On-Air,DMR,1,,,,,2019-12-09
147.13500,147.73500,+,141.3,,"Paulding",Paulding,41.16519928,-84.59940338,KE8FJX,OPEN,On-Air,Analog/analog,,,,,,2021-02-17
147.13500,147.73500,+,,,"Springboro",Warren,40.41730118,-82.90709686,W8CYE,OPEN,On-Air,DMR,1,,,,,2019-12-09
147.15000,147.75000,+,,,"Athens",Athens,39.32920074,-82.10130310,KC8AAV,OPEN,On-Air,Analog/analog,,,,,,2020-09-23
147.15000,147.75000,+,123.0,123.0,"Cincinnati",Hamilton,39.10309982,-84.51200104,K8BIG,OPEN,On-Air,P25,,,,,,2021-06-24
147.15000,147.75000,+,82.5,82.5,"Columbus",Franklin,39.98910141,-83.02079773,W8CQK,OPEN,On-Air,YSF,,,,,,2021-04-02
147.15000,147.75000,+,110.9,110.9,"Elyria - American Red Cross ",Lorain,41.36840057,-82.10769653,KC8BED,OPEN,On-Air,Analog/analog,,719195,,,,2020-01-05
147.15000,147.75000,+,88.5,,"Findlay",Hancock,41.04420090,-83.64990234,W8FT,OPEN,On-Air,YSF/analog,,,,,,2021-10-15
147.16500,147.76500,+,110.9,,"Mentor",Lake,41.66619873,-81.33959961,N8BC,OPEN,On-Air,Analog/analog,,,,,,2021-06-10
147.16500,147.76500,+,88.5,88.5,"Shelby",Crawford,40.89179993,-82.75099945,W8DZN,OPEN,On-Air,Analog/analog,,,,,,2020-11-11
147.16500,147.76500,+,123.0,,"Xenia",Greene,39.68479919,-83.92960358,W8XRN,OPEN,On-Air,Analog/analog,,,,,,2020-03-11
147.18000,147.78000,+,67.0,67.0,"Bowling Green",Wood,41.37480164,-83.65129852,K8TIH,OPEN,On-Air,Analog/analog,,,,,,2021-02-24
147.18000,147.78000,+,74.4,,"Circleville",Pickaway,39.60060120,-82.94599915,KD8HIJ,OPEN,On-Air,Analog/analog,,,,,,2020-09-20
147.18000,147.78000,+,110.9,110.9,"Massillon",Stark,40.79669952,-81.52149963,W8NP,OPEN,On-Air,YSF/analog,,,,,Wide area,2021-10-31
147.18000,147.78000,+,118.8,,"Wrightsville",Adams,38.70289993,-83.51210022,KF8RC,OPEN,On-Air,Analog/analog,,,,,,2020-09-20
147.19500,147.79500,+,110.9,110.9,"Cleveland",Cuyahoga,41.49950027,-81.69539642,NA8SA,OPEN,On-Air,Analog/analog,,,,,,2021-02-24
147.19500,147.79500,+,,,"McConnelsvill",Morgan,39.64870071,-81.85320282,WB8VQV,OPEN,On-Air,Analog/analog,,,,,,2021-01-28
147.19500,147.79500,+,,,"Miamisburg",Montgomery,39.64279938,-84.28659821,W8DYY,OPEN,On-Air,Analog/analog,,,,,,2020-04-04
147.19500,147.79500,+,103.5,103.5,"Wauseon",Fulton,41.54919815,-84.14160156,K8BXQ,OPEN,On-Air,Analog/analog,,,,,,2021-04-12
147.21000,147.81000,+,,,"Columbus",Franklin,39.96120071,-82.99880219,N8OIF,OPEN,On-Air,Analog/analog,,,,,,2021-04-16
147.21000,147.81000,+,100.0,,"Hillsboro",Highland,39.20230103,-83.61160278,K8HO,OPEN,On-Air,Analog/analog,,,,,,2021-06-13
147.21000,147.81000,+,110.9,,"Mentor - Tripoint Hospital",Lake,41.66289902,-81.24729919,N8BC,OPEN,On-Air,Analog/analog,,,,,,2021-08-18
147.21000,147.81000,+,67.0,67.0,"Piqua - Water Tower",Miami,40.14479828,-84.24240112,W8SWS,OPEN,On-Air,YSF/analog,,,,,,2021-08-08
147.21000,147.81000,+,107.2,,"Upper Sandusky",Wyandot,40.82730103,-83.28130341,KE8PX,OPEN,On-Air,Analog/analog,,,,,,2021-02-24
147.21000,147.81000,+,88.5,88.5,"Wooster",Wayne,40.83580017,-81.93509674,W8WOO,OPEN,On-Air,Analog/analog,,414635,,50702,,2021-08-09
147.22500,147.82500,+,,,"Jacksonville",Athens,39.47510147,-82.08180237,KC8QDQ,OPEN,On-Air,Analog/analog,,,,,,2021-06-05
147.22500,147.82500,+,,,"Napoleon",Henry,41.39229965,-84.12519836,K8TII,OPEN,On-Air,Analog/analog,,,,,,2020-09-23
147.22500,147.82500,+,,,"Newton Falls",Trumbull,41.18840027,-80.97810364,N8VPR,OPEN,On-Air,Analog/analog,,,,,,2021-02-24
147.22500,147.82500,+,100.0,100.0,"Springfield",Clark,39.92419815,-83.80879974,KA8HMJ,OPEN,On-Air,Analog/analog,,,,,,2021-08-18
147.22500,147.82500,+,100.0,100.0,"Urbana",Champaign,40.10839844,-83.75240326,K7GUN,OPEN,On-Air,YSF,,,,,,2021-06-13
147.24000,147.84000,+,123.0,123.0,"Cincinnati",Hamilton,39.10309982,-84.51200104,W8VND,OPEN,On-Air,Analog/analog,,,,,,2020-09-20
147.24000,147.84000,+,179.9,179.9,"Columbus",Franklin,39.96120071,-82.99880219,K8DRE,OPEN,On-Air,P25,293,,,,,2019-12-18
147.24000,147.84000,+,,110.9,"Copley",Summit,41.13389969,-81.48459625,WD8MJS,OPEN,On-Air,Analog/analog,,,,,,2021-08-08
147.24000,147.84000,+,91.5,CSQ,"Findlay",Hancock,41.05816650,-83.64416504,W8JES,OPEN,Unknown,Analog/analog,,,,498691,,2021-11-13
147.24000,147.84000,+,,,"Hannibal",Monroe,39.66719818,-80.87180328,WB8CSW,OPEN,On-Air,Analog/analog,,,,,,2020-09-18
147.24000,147.84000,+,,,"Troy",Miami,40.03950119,-84.20330048,KD8KID,OPEN,On-Air,Analog/analog,,,,,,2021-03-10
147.25500,147.85500,+,,,"Mentor",Lake,41.66619873,-81.33959961,WB8PHI,OPEN,On-Air,Analog/analog,,,,,,2020-09-22
147.25500,147.85500,+,107.2,107.2,"Republic",Seneca,41.12200165,-83.01570129,KC8RCI,OPEN,On-Air,Analog/analog,,,,,,2021-10-31
147.25500,147.85500,+,156.7,,"Salem",Columbiana,40.90090179,-80.85679626,KA8OEB,OPEN,On-Air,Analog/analog,,,,,,2020-09-22
147.27000,147.87000,+,110.9,,"Cuyahoga Falls",Summit,41.13389969,-81.48459625,W8VPV,OPEN,On-Air,Analog/analog,,,,,,2020-03-11
147.27000,147.87000,+,103.5,103.5,"Toledo - University of Toledo Campus",Lucas,41.66389847,-83.55519867,W8HHF,OPEN,On-Air,Analog/analog,,,,,,2020-09-18
147.27000,147.87000,+,,,"Washington Court House",Fayette,39.53639984,-83.43910217,N8EMZ,OPEN,On-Air,Analog/analog,,,,,,2020-09-22
147.28500,147.88500,+,91.5,91.5,"Caldwell",Noble,39.74789810,-81.51650238,NC8OH,OPEN,On-Air,Analog/analog,,,,,,2020-06-26
147.28500,147.88500,+,103.5,103.5,"Delta",Fulton,41.57369995,-84.00520325,K8LI,OPEN,On-Air,Analog/analog,,,,,,2021-02-24
147.28500,147.88500,+,82.5,82.5,"London",Madison,39.88639832,-83.44819641,KE8RV,OPEN,On-Air,Analog/analog,,,,,,2021-03-21
147.28500,147.88500,+,110.9,110.9,"Medina",Medina,41.14319992,-81.85520172,W8HN,OPEN,On-Air,YSF/analog,75,,,,,2019-11-29
147.28500,147.88500,+,88.5,,"Salem",Columbiana,40.90090179,-80.85679626,KB8MFV,OPEN,On-Air,Analog/analog,,,,,,2019-12-29
147.30000,147.90000,+,110.9,,"Akron",Summit,41.08140182,-81.51899719,WB8HFZ,OPEN,On-Air,Analog/analog,,,,,,2021-02-24
147.30000,147.90000,+,250.3,,"Marion",Marion,40.58869934,-83.12850189,WW8MRN,OPEN,On-Air,Analog/analog,,,,,,2020-09-20
147.31500,147.91500,+,103.5,103.5,"Belpre",Washington,39.29150009,-81.65529633,KI8JK,OPEN,On-Air,Analog/analog,,,,,Wide area,2019-12-29
147.31500,147.91500,+,77.0,77.0,"Middletown",Butler,39.51509857,-84.39830017,W8JEU,OPEN,On-Air,YSF/analog,,,,,,2021-10-31
147.31500,147.91500,+,,,"Napoleon",Henry,41.39229965,-84.12519836,K8TII,OPEN,On-Air,Analog/analog,,,,,,2020-09-23
147.31500,147.91500,+,156.7,,"New Springfield",Mahoning,40.93830109,-80.59030151,K8TKA,OPEN,On-Air,Analog/analog,,,,,,2021-10-31
147.33000,147.93000,+,118.8,118.8,"Hamilton",Butler,39.39950180,-84.56130219,W8CCI,OPEN,On-Air,Analog/analog,,,,,,2021-01-28
147.33000,147.93000,+,110.9,,"Munroe Falls",Summit,41.14459991,-81.43990326,WB8CXO,OPEN,On-Air,Analog/analog,,,,,,2021-02-24
147.33000,147.93000,+,123.0,123.0,"Pataskala",Licking,39.99560165,-82.67430115,W8NBA,OPEN,On-Air,Analog/analog,,,8094,,,2020-06-25
147.33000,147.93000,+,107.2,,"St Marys",Auglaize,40.54420090,-84.38999939,K8QYL,OPEN,On-Air,Analog/analog,,,,,,2020-09-23
147.34500,147.94500,+,114.8,114.8,"Logan",Hocking,39.54010010,-82.40709686,K8LGN,OPEN,On-Air,Analog/analog,,,,,,2020-09-18
147.34500,147.94500,+,123.0,123.0,"Owensville",Clermont,39.12260056,-84.13580322,W8MRC,OPEN,On-Air,YSF/analog,,,,,,2021-06-07
147.34500,147.94500,+,107.2,,"Sidney",Shelby,40.28419876,-84.15550232,W8AK,OPEN,On-Air,Analog/analog,,,,,,2020-09-20
147.34500,147.94500,+,103.5,,"Toledo",Lucas,41.66389847,-83.55519867,WJ8E,OPEN,On-Air,Analog/analog,,,8786,,,2020-06-11
147.34500,147.94500,+,110.9,,"Wooster",Wayne,40.80509949,-81.93509674,WB8VPG,OPEN,On-Air,Analog/analog,,,,,,2020-01-15
147.36000,147.96000,+,,,"Dayton",Montgomery,39.75889969,-84.19159698,WA8PLZ,OPEN,On-Air,DMR,1,,,,,2019-11-29
147.36000,147.96000,+,71.9,71.9,"Mansfield",Richland,40.75839996,-82.51540375,K8HF,OPEN,On-Air,Analog/analog,,,,,,2021-02-24
147.36000,147.96000,+,107.2,107.2,"North Royalton",Cuyahoga,41.31370163,-81.72460175,W8DXA,OPEN,On-Air,Analog/analog,,,,,,2021-04-12
147.36000,147.96000,+,136.5,,"Portsmouth",Scioto,38.73170090,-82.99770355,KB8AAK,OPEN,On-Air,Analog/analog,,,,,,2021-07-28
147.37500,147.97500,+,103.5,103.5,"Toledo",Lucas,41.66389847,-83.55519867,W8RZM,OPEN,On-Air,Analog/analog,,,,,,2020-06-11
147.37500,147.97500,+,100.0,100.0,"Urbana",Champaign,40.10839844,-83.75240326,WB8UCD,OPEN,On-Air,Analog/analog,,,,,,2021-02-24
147.37500,147.97500,+,91.5,,"Wellston",Vinton,39.12340164,-82.53289795,N8OJ,OPEN,On-Air,DMR,1,,,,,2019-12-09
147.39000,147.99000,+,D047,D047,"Conneaut",Ashtabula,41.94760132,-80.55419922,W8BHZ,OPEN,On-Air,Analog/analog,,,,,,2021-06-13
147.39000,147.99000,+,114.8,114.8,"Doylestown",Wayne,40.97010040,-81.69650269,W8WKY,OPEN,On-Air,Analog/analog,,580387,,43211,,2021-02-24
147.39000,147.99000,+,,,"Marysville",Union,40.23649979,-83.36710358,N8YRF,OPEN,On-Air,Analog/analog,,,,,,2020-09-20
147.50500,147.50500,x,,,"Solon",Cuyahoga,41.39020157,-81.44339752,KD8ZNQ,OPEN,On-Air,YSF,,,,,,2020-01-03
147.57000,147.57000,x,,,"Canal Winchester",Franklin,40.41728710,-82.90712300,N8YMT,OPEN,Off-Air,YSF,,,,,,2020-11-20
