Output Freq,Input Freq,Offset,Uplink Tone,Downlink Tone,"Location",County,Lat,Long,Call,Use,Op Status,Mode,Digital Access,EchoLink,IRLP,AllStar,Coverage,Last Update
145.11000,144.51000,-,131.8,,"California",Washington,40.06560135,-79.89170074,KA3FLU,OPEN,On-Air,Analog/analog,,,,,,2021-03-18
145.11000,144.51000,-,131.8,131.8,"Harrisburg - Ellendale Forge",Dauphin,40.42070007,-76.81220245,W3ND,OPEN,On-Air,Analog/analog,,,,,,2021-10-14
145.11000,144.51000,-,151.4,,"Nazareth",Northampton,40.74039841,-75.30960083,W3OK,OPEN,On-Air,DStar,,,,,,2021-08-21
145.11000,144.51000,-,186.2,186.2,"Sugar Grove - Stilson Hill",Warren,41.84389877,-79.14499664,W3GFD,OPEN,On-Air,Analog/analog,,,,28096,,2021-01-17
145.13000,144.53000,-,,131.8,"Bridgeville",Allegheny,40.33000183,-80.12650299,KS3R,OPEN,On-Air,Analog/analog,,,,,,2020-12-16
145.13000,144.53000,-,186.2,186.2,"Meadville - Crawford County Fairgrounds",Crawford,41.65439987,-80.12950134,W3MIE,OPEN,On-Air,Analog/analog,,,,,,2021-01-08
145.13000,144.53000,-,131.8,,"Paoli",Chester,40.04190063,-75.48760223,WB3JOE,OPEN,On-Air,Analog/analog,,,,,,2021-07-18
145.15000,144.55000,-,131.8,,"Derry",Westmoreland,40.33399963,-79.29979706,W3CRC,OPEN,On-Air,Analog/analog,,,,,,2021-08-21
145.15000,144.55000,-,114.8,,"Reading - Mt Penn",Berks,40.34730148,-75.90190125,K3TI,OPEN,On-Air,YSF,,,,,,2021-05-30
145.15000,144.55000,-,167.9,167.9,"Trout Run - Shrivers Ridge",Lycoming,41.45040131,-77.00140381,KB3DXU,OPEN,On-Air,Analog/analog,,,,,Wide area,2021-09-09
145.15000,144.55000,-,,,"Warren - Stone Hill",Warren,41.84389877,-79.14499664,W3KKC,OPEN,On-Air,DMR,1,,,,,2021-03-25
145.17000,144.57000,-,131.8,,"Connellsville",Fayette,40.01789856,-79.58950043,WB3JNP,OPEN,On-Air,Analog/analog,,,,,,2021-06-05
145.17000,144.57000,-,82.5,82.5,"Pine Grove",Berks,40.50657300,-76.37654500,AA3RG,OPEN,On-Air,Analog/analog,,,,,,2021-09-15
145.19000,144.59000,-,186.2,,"Eau Claire",Butler,41.13990021,-79.75409698,W3ZIC,OPEN,On-Air,Analog/analog,,,,,,2021-03-02
145.19000,144.59000,-,123.0,,"Lewistown - Strodes Mills, Granville Township",Mifflin,40.55849838,-77.66719818,W3DBB,OPEN,On-Air,Analog/analog,,,,,,2019-11-12
145.19000,144.59000,-,131.8,,"Pittsburgh - Carnegie Mellon University",Allegheny,40.44350052,-79.94159698,W3VC,OPEN,On-Air,Analog/analog,,,,,,2021-08-21
145.19000,144.59000,-,131.8,131.8,"Pottsville - Avenues",Schuylkill,40.69274000,-76.18326000,W3TWA,OPEN,On-Air,Analog/analog,,,,,,2021-01-03
145.19000,144.59000,-,131.8,131.8,"Souderton",Montgomery,40.31179810,-75.32520294,N3ZA,OPEN,On-Air,YSF/analog,,,,,,2020-05-03
145.21000,144.61000,-,123.0,123.0,"Harrisburg",Dauphin,40.27370071,-76.88439941,KA3TKW,PRIVATE,On-Air,Analog/analog,,,4807,,,2021-07-17
145.21000,144.61000,-,123.0,,"New Germany",Cambria,40.41230011,-78.75499725,KC3DES,OPEN,On-Air,Analog/analog,,,,27355,,2021-05-19
145.21000,144.61000,-,127.3,127.3,"Wellsboro, Elk Township - Cedar Mountain",Tioga,41.65499878,-77.57669830,NR3K,OPEN,On-Air,Analog/analog,,,,,,2021-01-21
145.23000,144.63000,-,186.2,,"Franklin",Venango,41.36520004,-79.84400177,W3ZIC,OPEN,On-Air,Analog/analog,,,,,,2020-12-16
145.23000,144.63000,-,118.8,,"Manheim",Lancaster,40.16339874,-76.39499664,K3IR,OPEN,On-Air,Analog/analog,,,,,,2021-05-07
145.23000,144.63000,-,77.0,,"Tannersville",Monroe,41.03979874,-75.30570221,W3WAN,OPEN,On-Air,Analog/analog,,,,28761,,2021-03-28
145.25000,144.65000,-,114.8,,"Jennersville -  Penn Township - at PA Routes 1 &amp; 796 ",Chester,39.79999924,-75.87000275,N3SLC,OPEN,On-Air,YSF/analog,,,,,,2021-11-10
145.25000,144.65000,-,123.0,123.0,"Oil City",Venango,41.35699844,-79.72599792,W3ZIC,OPEN,On-Air,Analog/analog,,,,,,2021-08-31
145.25000,144.65000,-,,,"St. Thomas Township",Franklin,39.93000031,-77.90000153,KB3UAG,OPEN,On-Air,DMR,1,,,,,2021-03-25
145.25000,144.65000,-,100.0,,"Stowe",Montgomery,40.25260162,-75.67739868,KB3OZC,OPEN,On-Air,Analog/analog,,,,,,2021-07-18
145.25000,144.65000,-,100.0,,"Susquehanna",Susquehanna,41.94340134,-75.59960175,WB2BQW,OPEN,On-Air,Analog/analog,,,,,,2020-10-05
145.25000,144.65000,-,131.8,131.8,"West Alexander",Washington,40.10509872,-80.50789642,N3TIR,OPEN,On-Air,Analog/analog,,4679,,,,2020-12-16
145.27000,144.67000,-,151.4,,"Easton - Braden Airport",Northampton,40.71889877,-75.23789978,KB3VPK,OPEN,On-Air,Analog/analog,,230578,,48610,,2019-12-12
145.27000,144.67000,-,123.0,,"Meyersdale - Hays Mills Fire Tower",Somerset,39.81370163,-79.02469635,KQ3M,OPEN,On-Air,Analog/analog,,,,29777,Wide area,2021-05-18
145.27000,144.67000,-,,,"Philadelphia",Philadelphia,39.95230103,-75.16380310,W3PVI,OPEN,On-Air,DMR,2,,,,,2019-12-08
145.27000,144.67000,-,173.8,173.8,"Warren",Warren,41.84389877,-79.14499664,KB3ORS,OPEN,On-Air,Analog/analog,,,,,Wide area,2021-08-21
145.29000,144.69000,-,123.0,,"Harrisburg - Blue Mountain",Dauphin,40.34540176,-76.86869812,W3ND,OPEN,On-Air,Analog/analog,,,7060,,,2021-03-18
145.29000,144.69000,-,151.4,151.4,"Liberty",Montour,40.95930099,-76.70899963,WA2JOC,OPEN,On-Air,Analog/analog,,485066,,,,2021-09-21
145.29000,144.69000,-,131.8,131.8,"Winfield Township",Butler,40.77363700,-79.76296700,K3PSG,OPEN,On-Air,Analog/analog,,,,27635,,2021-03-05
145.31000,144.71000,-,131.8,,"Beaver Falls",Beaver,40.75199890,-80.31919861,W3SGJ,OPEN,On-Air,Analog/analog,,,,,,2020-12-16
145.31000,144.71000,-,,,"Huntingdon",Huntingdon,40.48479843,-78.01029968,W3WIV,OPEN,On-Air,Analog/analog,,,,,,2021-08-21
145.31000,144.71000,-,118.8,118.8,"Lancaster",Lancaster,39.88600159,-76.25119781,N3FYI,OPEN,On-Air,Analog/analog,,,,,Wide area,2021-04-15
145.31000,144.71000,-,167.9,,"Laporte - Laporte Township",Sullivan,41.42399979,-76.49410248,N3XXH,OPEN,On-Air,Analog/analog,,,,,,2021-06-27
145.31000,144.71000,-,131.8,,"Perkasie",Bucks,40.37200165,-75.29270172,W3AI,OPEN,On-Air,Analog/analog,,,,,,2021-06-28
145.33000,144.73000,-,131.8,131.8,"Brentwood - Brentwood Fire Department",Allegheny,40.37429810,-79.97799683,AB3PJ,OPEN,On-Air,Analog/analog,,,,,,2021-08-21
145.33000,144.73000,-,141.3,,"Dingmans Ferry",Pike,41.22000122,-74.87169647,AA2HA,OPEN,On-Air,Analog/analog,,,,,,2021-08-21
145.33000,144.73000,-,131.8,,"Hilltown",Bucks,40.32699966,-75.23570251,W3HJ,OPEN,On-Air,Analog/analog,,,,,,2021-08-21
145.33000,144.73000,-,167.9,167.9,"Williamsport - Bald Eagle Mountain",Lycoming,41.21170044,-76.95429993,KB3DXU,OPEN,On-Air,Analog/analog,,,,,Wide area,2021-09-09
145.35000,144.75000,-,131.8,,"Doylestown",Bucks,40.31010056,-75.12989807,WA3EPA,OPEN,On-Air,Analog/analog,,,,,,2014-05-07
145.35000,144.75000,-,103.5,,"Gettysburg",Adams,39.83089828,-77.23110199,W3KGN,OPEN,On-Air,Analog/analog,,,,,,2021-05-16
145.35000,144.75000,-,100.0,,"Schahola",Pike,41.47079849,-74.91840363,K3TSA,OPEN,On-Air,Analog/analog,,,,,,2016-10-03
145.35000,144.75000,-,186.2,,"Sharon - Keel Ridge",Mercer,41.23630142,-80.43039703,W3LIF,OPEN,On-Air,Analog/analog,,,,,Wide area,2020-12-19
145.35000,144.75000,-,167.9,167.9,"Waterville - Ramsey, Cummings Township",Lycoming,41.31689835,-77.34400177,KB3DXU,OPEN,On-Air,Analog/analog,,,,,Wide area,2021-09-12
145.37000,144.77000,-,123.0,,"Delano Township",Schuylkill,40.83900070,-76.07099915,W3SC,OPEN,On-Air,Analog/analog,,,,,,2021-06-03
145.37000,144.77000,-,131.8,,"New Kensington",Westmoreland,40.56978920,-79.76477050,WA3WOM,OPEN,On-Air,Analog/analog,,,,,,2020-12-19
145.37000,144.77000,-,,,"University Park - Penn State University",Centre,40.79610062,-77.86280060,K3CR,OPEN,On-Air,DStar,,,,,,2019-09-09
145.39000,144.79000,-,118.8,118.8,"Cornwall - Cornwall Mtn",Lancaster,40.24649811,-76.36579895,W3AD,OPEN,On-Air,Analog/analog,,,,,,2021-03-19
145.39000,144.79000,-,123.0,123.0,"Johnstown",Cambria,40.32669830,-78.92199707,N3YFO,OPEN,On-Air,DMR,1,,,,,2021-09-03
145.41000,144.81000,-,173.8,173.8,"Ford City",Armstrong,40.96659851,-79.52189636,K3QY,OPEN,On-Air,Analog/analog,,,,508261,Wide area,2020-01-19
145.41000,144.81000,-,127.3,,"Philadelphia",Philadelphia,39.95230103,-75.16380310,KD3WT,OPEN,On-Air,Analog/analog,,,,41262,,2020-01-14
145.41000,144.81000,-,100.0,,"Wilkes-barre",Luzerne,41.24589920,-75.88130188,N3DAX,OPEN,On-Air,Analog/analog,,,,,,2021-05-14
145.43000,144.83000,-,,,"Greenville",Mercer,41.22840118,-80.24790192,K3WRB,OPEN,On-Air,DStar,,,,,,2021-01-02
145.43000,144.83000,-,67.0,,"Mount Holly Springs - South Mountain",Cumberland,40.07786111,-77.22358333,N3TWT,OPEN,On-Air,Analog/analog,,743026,,,,2021-06-11
145.43000,144.83000,-,127.3,127.3,"Ulysses",Potter,41.90399933,-77.76190186,WA3HLC,OPEN,On-Air,Analog/analog,,70625,,40198,Wide area,2021-06-16
145.43000,144.83000,-,127.3,,"Waterford",Erie,41.94279861,-79.98449707,KE3JP,OPEN,On-Air,Analog/analog,,,,,,2020-12-27
145.44000,144.84000,-,,,"Greensburg",Westmoreland,40.30149841,-79.53890228,WC3PS,OPEN,On-Air,DStar,,,,,,2016-03-28
145.45000,144.85000,-,100.0,,"Ephrata",Lancaster,40.17979813,-76.17880249,W3XP,OPEN,On-Air,Analog/analog,,,,,,2021-01-31
145.45000,144.85000,-,167.9,167.9,"Huntersville - Long Ridge, Plunketts Creek Township",Lycoming,41.33919907,-76.77829742,KB3DXU,OPEN,On-Air,Analog/analog,,,,,Wide area,2021-09-09
145.45000,144.85000,-,123.0,,"Independence",Beaver,40.57009888,-80.30509949,KA3IRT,OPEN,On-Air,Analog/analog,,,,,,2021-05-19
145.45000,144.85000,-,146.2,146.2,"State College",Centre,40.79339981,-77.86000061,K3CR,OPEN,On-Air,Analog/analog,,,,,,2020-12-19
145.45000,144.85000,-,82.5,82.5,"Wilkes Barre - Bunker Hill",Luzerne,41.29790115,-75.91159821,K3YTL,OPEN,On-Air,Analog/analog,,,,,,2020-11-23
145.47000,144.87000,-,123.0,,"Harrisburg - Blue Mountain",Dauphin,40.34540176,-76.86869812,W3ND,OPEN,On-Air,Analog/analog,,,,,,2021-03-17
145.47000,144.87000,-,71.9,71.9,"Hazelwood",Allegheny,40.41170120,-79.94450378,WA3PBD,OPEN,On-Air,Analog/analog,,,,,,2020-10-14
145.49000,144.89000,-,123.0,,"Bedford",Bedford,40.01869965,-78.50389862,K3NQT,OPEN,On-Air,Analog/analog,,,,,,2021-05-19
145.49000,144.89000,-,167.9,167.9,"Montoursville",Lycoming,41.26259995,-76.87110138,KB3HLL,OPEN,Unknown,Analog/analog,,,,,,2021-08-21
145.49000,144.89000,-,114.8,114.8,"Reading - Mount Penn",Berks,40.34870148,-75.90180206,K3TI,OPEN,On-Air,YSF/analog,,,,,,2021-05-16
145.49000,144.89000,-,82.5,,"Shohola Falls",Pike,41.39089966,-74.96600342,K3TSA,OPEN,On-Air,Analog/analog,,,,,,2020-10-05
145.49000,144.89000,-,131.8,,"Washington",Washington,40.17399979,-80.24620056,W3CYO,OPEN,On-Air,Analog/analog,,,,,,2020-12-19
146.41500,147.41500,s,,,"Chambersburg",Franklin,39.93759918,-77.66110229,KA3LAO,OPEN,On-Air,DMR,1,,,,,2021-03-25
146.41500,147.41500,s,100.0,,"Industry",Beaver,40.64450073,-80.41619873,N3CYR,OPEN,On-Air,Analog/analog,,,,,,2020-12-19
146.43000,147.03000,+,173.8,173.8,"Philipsburg - Rattlesnake Mountain Fire Tower, Rush Township",Centre,40.91512400,-78.01578000,W3PHB,OPEN,On-Air,Analog/analog,,385989,,,,2021-04-20
146.43000,147.43000,s,131.8,131.8,"Waynesburg",Greene,39.89649963,-80.17919922,N3GC,OPEN,On-Air,Analog/analog,,,,,,2018-04-28
146.44500,147.44500,s,186.2,CSQ,"Greenville - Western Union Tower",Mercer,41.38059998,-80.41320038,KE3JP,OPEN,On-Air,Analog/analog,,266354,8593,,,2020-12-27
146.46000,147.46000,s,67.0,,"Mechanicsburg - Three Square Hollow",Cumberland,40.22140900,-77.53233600,N3TWT,OPEN,On-Air,Analog/analog,,783492,,,,2020-03-19
146.46000,147.46000,s,,,"New Kensington",Westmoreland,40.58089430,-79.75702465,W3PRL,OPEN,On-Air,DMR,1,,,,,2021-03-26
146.47500,147.47500,s,,,"Fairfield",Adams,39.75669861,-77.37640381,KA3LAO,OPEN,On-Air,DMR,1,,,,,2021-03-25
146.47500,147.07500,+,131.8,,"Fombell",Franklin,40.83451460,-80.20420960,N3ZJM,OPEN,On-Air,Analog/analog,,,,,,2021-07-20
146.47500,147.47500,s,173.8,173.8,"Lock Haven",Clinton,41.11999893,-77.40609741,W3LHU,OPEN,On-Air,DMR/analog,1,,,,,2020-12-24
146.49000,147.09000,+,131.8,,"Derry",Westmoreland,40.33399963,-79.29979706,N1RS,OPEN,On-Air,Analog/analog,,,,,Wide area,2020-12-28
146.49000,147.09000,+,131.8,,"New Kensington",Westmoreland,40.56980133,-79.76480103,N1RS,OPEN,On-Air,Analog/analog,,,,,Wide area,2020-12-28
146.49000,147.09000,+,,,"Pocopson Township",Chester,39.90039825,-75.62580109,W3EOC,OPEN,On-Air,DStar,,,,,,2021-01-12
146.49000,147.49000,s,131.8,131.8,"Tamaqua - High Rise",Schuylkill,40.79729843,-75.96939850,W3TWA,OPEN,On-Air,Analog/analog,,944993,,,,2021-02-16
146.50500,147.10500,+,131.8,,"Cowansville",Armstrong,40.88669968,-79.58959961,N1RS,OPEN,On-Air,Analog/analog,,,,,Wide area,2020-12-28
146.61000,146.01000,-,123.0,,"Altoona - Logan Township, Wopsy Ridge",Blair,40.51869965,-78.39469910,W3QZF,OPEN,On-Air,Analog/analog,,,,,,2021-05-19
146.61000,146.01000,-,118.8,,"Blue Ball",Lancaster,40.11830139,-76.04820251,K3NCY,OPEN,On-Air,Analog/analog,,,,,,2021-10-11
146.61000,146.01000,-,131.8,131.8,"Carrick",Allegheny,40.39540100,-79.98919678,W3PGH,OPEN,On-Air,Analog/analog,,,,,,2020-12-19
146.61000,146.01000,-,186.2,,"Erie",Erie,42.12919998,-80.08509827,W3GV,OPEN,On-Air,Analog/analog,,562640,,,,2020-12-19
146.61000,146.01000,-,82.5,,"Wilkes-Barre",Luzerne,41.24589920,-75.88130188,WB3FKQ,OPEN,On-Air,Analog/analog,,,,,,2021-05-14
146.61000,146.01000,-,,,"Wyndmoor",Montgomery,40.08259964,-75.18119812,K3PDR,OPEN,On-Air,DStar,,,,,,2015-03-27
146.62500,146.02500,-,123.0,,"Central City",Somerset,40.11059952,-78.80200195,WR3AJL,OPEN,On-Air,Analog/analog,,,,27862,Wide area,2020-12-19
146.62500,146.02500,-,110.9,,"Lewisburg",Union,40.96450043,-76.88439941,K3FLT,OPEN,On-Air,Analog/analog,,,,,,2020-11-23
146.62500,146.02500,-,131.8,,"New Castle",Lawrence,41.00370026,-80.34700012,KC3BDF,OPEN,On-Air,Analog/analog,,,,,,2019-02-16
146.62500,146.02500,-,114.8,114.8,"Reading",Berks,40.33560181,-75.92690277,KA3KDL,OPEN,On-Air,Analog/analog,,630767,,29419,,2021-04-22
146.62500,146.02500,-,131.8,,"Tioga - Jackson Summit",Tioga,41.94340134,-77.01660156,KB3EAR,OPEN,On-Air,Analog/analog,,,,,,2016-06-22
146.64000,146.04000,-,131.8,,"New Kensington",Westmoreland,40.56980133,-79.76480103,K3MJW,OPEN,On-Air,Analog/analog,,,,,,2018-12-31
146.64000,146.04000,-,82.5,,"Pine Grove",Berks,40.50657300,-76.37654500,AA3RG,OPEN,On-Air,Analog/analog,,149493,,,,2021-09-14
146.65500,146.05500,-,136.5,,"Lehigh Valley-Easton - High atop Morgan Hill",Northampton,40.72919846,-75.24790192,N3LWY,OPEN,On-Air,Analog/analog,,,,,,2014-02-01
146.65500,146.05500,-,,,"Rossiter",Cambria,40.90159988,-78.88230133,KE3DR,OPEN,On-Air,Analog/analog,,,,,,2020-12-19
146.65500,146.05500,-,107.2,107.2,"Sunbury - Areffe Knob",Northumberland,40.89379883,-76.70300293,KC3FIT,OPEN,On-Air,YSF/analog,,,,,,2021-06-11
146.65500,146.05500,-,146.2,,"Waymart",Wayne,41.58039856,-75.40820313,WB3KGD,OPEN,On-Air,Analog/analog,,,,,,2019-12-06
146.67000,146.07000,-,131.8,,"Acme",Westmoreland,40.12310028,-79.44889832,W3SDR,OPEN,On-Air,YSF/analog,,,,,,2021-07-20
146.67000,146.07000,-,103.5,103.5,"Hazleton",Luzerne,41.01750183,-75.91320038,W3OHX,OPEN,On-Air,Analog/analog,,641077,,45574,,2021-01-25
146.68500,146.08500,-,173.8,,"Coudersport",Potter,41.77479935,-78.02059937,N3PC,OPEN,On-Air,Analog/analog,,,,,,2018-07-15
146.68500,146.08500,-,,,"Grove City - Grove City Medical Center",Mercer,41.17100143,-80.08519745,W3LIF,OPEN,On-Air,Analog/analog,,,,,,2019-11-30
146.68500,146.08500,-,,,"Landisburg",Perry,40.27709961,-77.27619934,N3TWT,OPEN,On-Air,DMR,1,,,,,2021-06-01
146.68500,146.08500,-,146.2,146.2,"Philadelphia - University of Pennsylvania",Philadelphia,39.95040131,-75.19249725,WM3PEN,OPEN,On-Air,YSF/analog,,,,,,2020-10-03
146.70000,146.10000,-,123.0,,"Huntingdon",Huntingdon,40.48479843,-78.01029968,W3VI,OPEN,On-Air,Analog/analog,,,,,,2021-06-11
146.70000,146.10000,-,151.4,151.4,"Nazareth",Northampton,40.75080109,-75.32920074,W3OK,OPEN,On-Air,Analog/analog,,,,,,2020-10-03
146.70000,146.10000,-,114.8,,"Shrewsbury",York,39.76869965,-76.67970276,K3AE,OPEN,On-Air,YSF/analog,,,,,,2021-04-15
146.70000,146.10000,-,186.2,186.2,"Union City",Erie,41.89950180,-79.84529877,WA3UC,OPEN,On-Air,Analog/analog,,441979,,,Wide area,2020-12-19
146.71500,146.11500,-,131.8,,"Meadowbrook",Montgomery,40.11259842,-75.07820129,WA3UTI,OPEN,On-Air,Analog/analog,,,,,,2012-04-12
146.71500,146.11500,-,173.8,,"Punxsutawney",Jefferson,40.94369888,-78.97090149,N5NWC,OPEN,On-Air,Analog/analog,,,,27296,,2020-12-19
146.71500,146.11500,-,136.5,136.5,"Scranton - Bald Mountain",Lackawanna,41.42802429,-75.74671173,N3MBK,OPEN,On-Air,Analog/analog,,,,,,2021-06-03
146.73000,146.13000,-,94.8,94.8,"Homestead",Allegheny,40.36709976,-79.92220306,WA3PBD,OPEN,On-Air,Analog/analog,,,,,Wide area,2021-09-25
146.73000,146.13000,-,173.8,,"Kane",McKean,41.65969849,-78.81150055,WB3IGM,OPEN,On-Air,Analog/analog,,,,27560,,2020-03-13
146.73000,146.13000,-,151.4,,"Williamsport - WKSB Tower Atop Bald Eagle Mountain",Lycoming,41.19020081,-76.97959900,W3AVK,OPEN,On-Air,Analog/analog,,,,,Wide area,2021-09-09
146.74500,146.14500,-,131.8,131.8,"Ernest - Blue Spruce County Park",Indiana,40.69620210,-79.15097290,WB3CGY,OPEN,On-Air,Analog/analog,,,,,,2021-05-19
146.74500,146.14500,-,114.8,114.8,"Holtwood",Lancaster,39.87260056,-76.22879791,KX3B,OPEN,On-Air,Analog/analog,,,,41033,Wide area,2021-05-16
146.76000,146.16000,-,186.2,186.2,"Cherry Hill - Conneaut Township",Erie,41.91120148,-80.44779968,N8XUA,OPEN,On-Air,Analog/analog,,,,,,2021-01-18
146.76000,146.16000,-,100.0,,"Harrisburg",Dauphin,40.27370071,-76.88439941,W3UU,OPEN,On-Air,Analog/analog,,,,,,2021-06-01
146.76000,146.16000,-,146.2,146.2,"State College",Centre,40.91450119,-78.01010132,W3GA,OPEN,On-Air,Analog/analog,,,,,Wide area,2021-06-02
146.76000,146.16000,-,123.0,,"Summit Mills",Somerset,39.80897010,-79.07558260,N3VFG,OPEN,On-Air,Analog,,,,,,2021-08-30
146.76000,146.16000,-,131.8,,"Valley Forge - Schuylkill Township",Chester,40.09700012,-75.46959686,W3PHL,OPEN,On-Air,Analog/analog,,,,,,2021-01-12
146.76000,146.16000,-,88.5,,"Warren",Warren,41.84389877,-79.14499664,K3DBO,OPEN,On-Air,Analog/analog,,,,,,2020-03-19
146.77500,146.17500,-,123.0,,"Carroltown - water tower",Cambria,40.60279846,-78.70860291,N3LAD,OPEN,On-Air,Analog/analog,,,,,,2021-05-19
146.79000,146.19000,-,94.8,94.8,"Carbondale - Salem Mountain",Wayne,41.54150009,-75.45670319,K1NRA,OPEN,On-Air,Analog/analog,,,,,,2020-05-23
146.79000,146.19000,-,123.0,,"Centerville",Bedford,40.04539871,-79.97560120,N3NQT,OPEN,On-Air,Analog/analog,,,,,,2021-03-18
146.79000,146.19000,-,,,"New Cumberland",York,40.19189835,-76.86710358,KB3TWW,OPEN,On-Air,DMR,1,,,,,2021-06-09
146.79000,147.39000,+,131.8,,"Richboro",Bucks,40.21509933,-75.01069641,N3TS,OPEN,On-Air,Analog/analog,,,,,,2013-05-11
146.79000,146.19000,-,179.9,,"Seeley",Bradford,41.42639923,-75.18540192,N3YCT,OPEN,On-Air,Analog/analog,,,,,,2020-11-19
146.79000,146.19000,-,131.8,,"Southampton",Bucks,40.17430115,-75.04380035,W3SK,OPEN,On-Air,Analog/analog,,,,,,2020-05-20
146.79000,146.19000,-,131.8,,"Washington",Washington,40.17399979,-80.24620056,K3PSP,OPEN,On-Air,Analog/analog,,4679,,,,2020-12-19
146.80500,146.20500,-,173.8,,"Emporium",Cameron,41.51150131,-78.23529816,KC3LRG,OPEN,On-Air,Analog/analog,,,,,,2021-06-10
146.80500,146.20500,-,82.5,,"Hunlock Creek",Luzerne,41.20589828,-76.06600189,N3CSE,OPEN,On-Air,Analog/analog,,,,,,2011-11-06
146.82000,146.22000,-,123.0,,"Altoona - Wopsy Ridge",Blair,40.51869965,-78.39469910,W3QW,OPEN,On-Air,Analog/analog,,,,,Wide area,2021-04-02
146.82000,146.22000,-,,,"Pittsburgh - WQED TV-13 tower",Allegheny,40.44630051,-79.96379852,W3EXW,OPEN,On-Air,DStar,,,,,,2020-12-19
146.82000,146.22000,-,186.2,,"Waterford",Erie,41.94279861,-79.98449707,W3GV,OPEN,On-Air,Analog/analog,,,,,,2020-12-19
146.83500,146.23500,-,88.5,,"Eagleville",Montgomery,40.15950012,-75.40820313,AA3E,OPEN,On-Air,Analog/analog,,570945,,,,2020-10-03
146.83500,146.23500,-,136.5,136.5,"Scranton",Lackawanna,41.41199875,-75.59439850,KC3MN,OPEN,On-Air,YSF,,17794,,,,2019-09-15
146.83500,146.23500,-,,,"Seven Springs",Somerset,40.02190018,-79.29019928,W3WGX,OPEN,On-Air,DMR,1,,,,Wide area,2021-03-25
146.85000,146.25000,-,131.8,131.8,"Beaver - Brighton Township Water Tower",Beaver,40.70470047,-80.40280151,WW3AAA,OPEN,On-Air,Analog/analog,,286427,,,,2020-12-19
146.85000,146.25000,-,146.2,146.2,"Boalsburg",Centre,40.75270081,-77.75489807,W3YA,OPEN,On-Air,Analog/analog,,,,,Wide area,2021-06-03
146.86500,146.26500,-,123.0,123.0,"Red Lion",York,39.90090179,-76.60579681,W3ZGD,OPEN,On-Air,YSF/analog,,,,,,2021-05-20
146.86500,146.26500,-,173.8,,"Reynoldsville",Jefferson,41.09700710,-78.88864360,KB3FPN,OPEN,On-Air,Analog/analog,,,,,,2021-05-19
146.86500,146.26500,-,100.0,,"Tannersville",Monroe,41.04010010,-75.30570221,WX3OES,OPEN,On-Air,Analog/analog,,,,,,2020-06-23
146.88000,146.28000,-,131.8,,"Hilltown Township",Bucks,40.33940240,-75.23623810,W3PHL,OPEN,On-Air,Analog/analog,,,,,,2021-01-13
146.88000,146.28000,-,74.4,74.4,"Lebanon",Lebanon,40.34090042,-76.41130066,W3WAN,OPEN,On-Air,Analog/analog,,,,28131,,2020-08-14
146.88000,146.28000,-,77.0,77.0,"Mildred",Sullivan,41.48759842,-76.37670135,N3VTH,OPEN,On-Air,Analog/analog,,,,,,2019-04-27
146.88000,146.28000,-,88.5,,"Pittsburgh - WQED TV-13 tower",Allegheny,40.44630051,-79.96379852,W3EXW,OPEN,On-Air,Analog/analog,,15212,,,,2021-09-14
146.89500,146.29500,-,131.8,,"Connellsville",Fayette,40.01789856,-79.58950043,W3NAV,OPEN,On-Air,Analog/analog,,,,,,2015-11-16
146.91000,146.31000,-,131.8,131.8,"Blairsville",Indiana,40.49909973,-79.13549805,W3BMD,OPEN,On-Air,YSF/analog,,,,,,2021-05-19
146.91000,146.31000,-,71.9,71.9,"Blossburg - Bloss Mountain",Tioga,41.62060165,-77.13690186,N3FE,OPEN,On-Air,Analog/analog,,,4500,2338,Wide area,2021-06-02
146.91000,146.31000,-,123.0,,"Lewistown",Mifflin,40.59920120,-77.57140350,K3DNA,OPEN,On-Air,Analog/analog,,,,,,2021-06-11
146.91000,146.31000,-,131.8,,"Reading - Exeter Township",Berks,40.33560181,-75.92690277,W3BN,OPEN,On-Air,Analog/analog,,,,,,2021-06-29
146.94000,146.34000,-,71.9,,"Allentown - Lehigh Mountain",Lehigh,40.59840012,-75.41929626,W3OI,OPEN,On-Air,Analog/analog,,,,,,2020-05-09
146.94000,146.34000,-,131.8,,"Harrisburg",Dauphin,40.27370071,-76.88439941,W3ND,OPEN,On-Air,Analog/analog,,,,,,2021-01-08
146.94000,146.34000,-,123.0,,"Johnstown - Lural Mountain",Cambria,40.32669830,-78.92199707,WA3WGN,OPEN,On-Air,Analog/analog,,,,27245,,2021-05-19
146.94000,146.34000,-,131.8,131.8,"Media - Fair Acres Geriatric Center",Delaware,39.91790009,-75.44719696,W3KG,OPEN,On-Air,Analog/analog,,,,,,2020-10-03
146.94000,146.34000,-,131.8,,"Media",Delaware,39.91680145,-75.38770294,W3AEC,OPEN,On-Air,Analog/analog,,,,,,2020-10-03
146.94000,146.34000,-,127.3,127.3,"Scranton - Pinnacle Rock - Bald Mountain",Lackawanna,41.42699814,-75.74800110,K3CSG,OPEN,On-Air,YSF/analog,,,,,,2021-06-03
146.94000,146.34000,-,131.8,,"West Chester",Chester,39.96066430,-75.60548820,W3PHL,OPEN,On-Air,Analog/analog,,,,,,2021-01-12
146.95500,146.35500,-,186.2,186.2,"Girard - Girard Township",Erie,41.97439957,-80.33869934,WE3OPS,OPEN,On-Air,Analog/analog,,,,,,2021-01-18
146.95500,146.35500,-,131.8,,"Mount Lebanon",Allegheny,40.35530090,-80.04949951,N3SH,OPEN,On-Air,Analog/analog,,,,,,2020-12-09
146.95500,146.35500,-,123.0,123.0,"Saint Clair",Schuylkill,40.72029877,-76.18949890,W3SC,OPEN,On-Air,Analog/analog,,,4867,,,2021-02-12
146.97000,146.37000,-,131.8,,"Apollo",Armstrong,40.58150101,-79.56639862,N1RS,OPEN,On-Air,Analog/analog,,,,,Wide area,2020-12-28
146.97000,146.37000,-,131.8,,"Feasterville-Trevose - Lower Southampton Township",Bucks,40.14663780,-74.99522590,W3PHL,OPEN,On-Air,Analog/analog,,,,,,2021-01-12
146.97000,146.37000,-,123.0,,"York - Rocky Ridge County Park",York,40.00730133,-76.66860199,W3HZU,OPEN,On-Air,Analog/analog,,9211,,,,2021-06-01
146.98500,146.38500,-,110.9,,"Milton",Northumberland,41.03079987,-76.82949829,K3FLT,OPEN,On-Air,Analog/analog,,,,,,2020-11-23
146.98500,146.38500,-,100.0,94.8,"Parkesburg",Chester,39.95869827,-75.91940308,W3GMS,OPEN,On-Air,Analog/analog,,,,,,2021-05-22
146.98500,146.38500,-,186.2,,"Union City - Marks Green House",Erie,41.93109894,-79.65239716,W3CCB,OPEN,On-Air,Analog/analog,,,,,,2021-10-15
147.00000,147.60000,+,77.0,77.0,"Benton - Red Rock",Luzerne,41.30899811,-76.30879974,N3VTH,OPEN,On-Air,Analog/analog,,,,,Wide area,2021-06-03
147.00000,147.60000,+,136.5,,"Dunmore - I-84/I-380",Lackawanna,41.38180161,-75.59390259,KC3MN,CLOSED,On-Air,YSF/analog,,,,,,2020-09-15
147.00000,147.60000,+,173.8,CSQ,"Ridgway",Elk,41.41010000,-78.70470000,N3NIA,OPEN,On-Air,YSF/analog,,,,,Wide area,2020-05-27
147.00000,147.60000,+,131.8,,"Warrington",Bucks,40.24929810,-75.13410187,WA3ZID,OPEN,On-Air,Analog/analog,,,,,,2020-06-23
147.01500,147.61500,+,118.8,118.8,"Lancaster - Lancaster General Hospital",Lancaster,40.04740143,-76.30539703,W3RRR,OPEN,On-Air,Analog/analog,,380019,,,,2021-04-11
147.01500,147.61500,+,127.3,127.3,"Mount Pleasant",Westmoreland,40.14899826,-79.54119873,KA3JSD,OPEN,On-Air,Analog/analog,,,,,Wide area,2021-08-30
147.01500,147.61500,+,186.2,,"Watson Township - Hearts Content Recreation Site",Warren,41.68172760,-79.24726750,W3GFD,OPEN,On-Air,Analog/analog,,,,,,2021-01-17
147.03000,147.63000,+,123.0,,"Carnegie",Allegheny,40.40869904,-80.08339691,W3KWH,OPEN,On-Air,Analog/analog,,147030,,,,2020-12-27
147.03000,147.63000,+,186.2,186.2,"Norrisville - Hayfield Township",Crawford,41.71590042,-80.27880096,W3MIE,OPEN,On-Air,Analog/analog,,,,,,2021-01-18
147.03000,147.63000,+,91.5,91.5,"Philadelphia",Philadelphia,40.05830002,-75.23889923,W3QV,OPEN,On-Air,Analog/analog,,933603,,47970,,2021-09-04
147.04500,147.64500,+,131.8,,"Bangor",Northampton,40.81999969,-75.16000366,WA3MDP,OPEN,On-Air,Analog/analog,,,,,,2020-09-09
147.04500,147.64500,+,146.2,,"Port Royal - Tuscarora Mountain",Juniata,40.47740173,-77.38629913,K3TAR,OPEN,On-Air,Analog/analog,,,,,,2021-05-20
147.04500,147.64500,+,131.8,131.8,"Uniontown",Fayette,39.90010071,-79.71640015,W3PIE,OPEN,On-Air,DMR,9,,,,Wide area,2021-06-05
147.06000,147.66000,+,131.8,131.8,"Newtown Square",Delaware,39.98669815,-75.40139771,WB3JOE,OPEN,On-Air,Analog/analog,,,,,,2021-07-18
147.06000,147.66000,+,123.0,,"Nicktown",Cambria,40.61340170,-78.80335950,KC3DVR,OPEN,Unknown,Analog/analog,,,,,,2021-08-23
147.06000,147.66000,+,127.3,127.3,"Wellsboro, Delmar Township - Dutch Hill",Tioga,41.73699951,-77.36360168,NR3K,OPEN,On-Air,Analog/analog,,,,,,2021-06-02
147.07500,147.67500,+,123.0,,"Ellendale",Dauphin,40.02700043,-76.19589996,KB3NIA,OPEN,On-Air,Analog/analog,,,,,,2021-05-31
147.07500,147.67500,+,110.9,110.9,"Vowinkel",Clarion,41.38759995,-79.21060181,N3UOH,OPEN,On-Air,Analog/analog,,,,,,2018-07-10
147.09000,147.69000,+,186.2,,"Corry",Erie,41.92029953,-79.64029694,W3YXE,OPEN,On-Air,Analog/analog,,,,,,2020-12-19
147.09000,147.69000,+,88.5,88.5,"Fineview - WPXI 11 Tower",Allegheny,40.46319962,-80.00440216,W3EXW,OPEN,On-Air,Analog/analog,,,,,,2020-12-19
147.09000,147.69000,+,131.8,,"Warminster - Township Building",Bucks,40.20539856,-75.10780334,K3DN,OPEN,On-Air,Analog/analog,,526259,,,,2020-07-05
147.09000,147.69000,+,167.9,167.9,"Williamsport - Bald Eagle Mountain",Lycoming,41.20360184,-76.96410370,KB3HLL,OPEN,On-Air,Analog/analog,,,,,,2021-10-30
147.10500,147.70500,+,,,"Bellefonte",Centre,40.91339874,-77.77829742,K3ARL,OPEN,On-Air,DMR,1,,,,,2019-12-08
147.10500,147.70500,+,,,"Cornwall",Lancaster,40.27370071,-76.40609741,KA0JQO,OPEN,On-Air,DMR,1,,,,,2020-05-23
147.10500,147.70500,+,173.8,,"Sigel",Jefferson,41.27500153,-79.11329651,N3JGT,OPEN,On-Air,Analog/analog,,,,29359,,2021-06-10
147.12000,147.72000,+,131.8,,"Bloomsburg",Columbia,40.98749924,-76.54720306,WB3DUC,OPEN,On-Air,Analog/analog,,,,,,2021-06-03
147.12000,147.72000,+,100.0,100.0,"Chambersburg - Clark's Knob",Franklin,40.05008850,-77.74777030,W3ACH,OPEN,On-Air,Analog/analog,,,,,,2021-04-11
147.12000,147.72000,+,131.8,,"Irwin",Westmoreland,40.32450104,-79.70120239,W3OC,OPEN,On-Air,Analog/analog,,,,,,2018-12-31
147.12000,147.72000,+,186.2,,"Pleasantville",Venango,41.59920120,-79.59510040,W3ZIC,OPEN,On-Air,Analog/analog,,,,,,2016-01-06
147.13500,147.73500,+,D315,D315,"Allentown",Lehigh,40.60839844,-75.49019623,W3OI,OPEN,On-Air,YSF/analog,,,,,,2015-06-05
147.13500,147.73500,+,131.8,,"Beaver - Heritage Valley",Beaver,40.69530106,-80.30480194,N3TN,OPEN,On-Air,Analog/analog,,,,,,2020-12-19
147.15000,147.75000,+,167.9,,"Blue Knob - Ski Resort",Bedford,40.28839874,-78.56169891,KB3KWD,OPEN,On-Air,Analog/analog,,,,27354,Wide area,2021-06-11
147.16500,147.76500,+,,,"Allentown",Lehigh,40.60839844,-75.49019623,W3OI,OPEN,On-Air,DStar,,,,,,2014-11-28
147.16500,147.76500,+,100.0,,"Beaver",Beaver,40.69530106,-80.30480194,N3CYR,OPEN,On-Air,Analog/analog,,,,,,2020-12-19
147.16500,147.76500,+,82.5,82.5,"Grantville - Blue Mtn",Lebanon,40.37789917,-76.64640045,K3LV,OPEN,On-Air,Analog/analog,,,,,,2021-03-16
147.16500,147.76500,+,162.2,162.2,"Horsham",Montgomery,40.17839813,-75.12850189,K3JJO,OPEN,On-Air,YSF/analog,,,,,,2015-01-03
147.18000,147.78000,+,173.8,,"Emporium",Cameron,41.51150131,-78.23529816,N3SNN,OPEN,On-Air,Analog/analog,,70767,,,,2021-06-02
147.18000,147.78000,+,131.8,131.8,"Greensburg - Hempfield Township",Westmoreland,40.30149841,-79.53890228,W3LWW,OPEN,On-Air,YSF/analog,,513090,,,,2021-04-21
147.18000,147.78000,+,110.9,,"Reading - Mt Penn Fire Tower",Berks,40.33560181,-75.92690277,K2SEH,OPEN,On-Air,Analog/analog,,,,,,2021-07-27
147.18000,147.78000,+,100.0,100.0,"Selinsgrove - Selinsgrove Center",Snyder,40.81600189,-76.88980103,K3SNY,OPEN,On-Air,Analog/analog,,,,,,2021-05-20
147.19500,147.79500,+,127.3,,"Leetonia, Elk Township - Cedar Mountain",Tioga,41.65496610,-77.53849790,NR3K,OPEN,On-Air,Analog/analog,,,,,,2021-06-02
147.19500,147.79500,+,131.8,,"New Castle",Lawrence,41.00370026,-80.34700012,N3ETV,OPEN,On-Air,Analog/analog,,,,,,2020-12-19
147.19500,147.79500,+,100.0,,"Newtown Square",Delaware,39.98680115,-75.40100098,W3DI,OPEN,On-Air,Analog/analog,,,,,,2021-09-03
147.19500,147.79500,+,123.0,,"Somerset",Somerset,40.00839996,-79.07810211,K3SMT,OPEN,On-Air,Analog/analog,,506066,,,,2021-05-19
147.21000,147.81000,+,131.8,,"Earlville",Berks,40.31679916,-75.73690033,K3ZMC,OPEN,On-Air,Analog/analog,,,,,,2021-03-19
147.21000,147.81000,+,186.2,186.2,"Meadville",Crawford,41.63280106,-80.08540344,W3MIE,OPEN,On-Air,Analog/analog,,,,,,2020-10-14
147.21000,147.81000,+,77.0,77.0,"Mehoopany, Forkston Township - Forkston Mountain",Wyoming,41.53870010,-75.94660187,N3KZ,OPEN,On-Air,Analog/analog,,,,,,2021-09-21
147.22500,147.82500,+,151.4,,"Allentown",Lehigh,40.60839844,-75.49019623,WA3VHL,OPEN,On-Air,Analog/analog,,,,,,2013-08-15
147.22500,147.82500,+,85.4,,"Berwick",Columbia,41.05450058,-76.23329926,KB3BJO,OPEN,On-Air,Analog/analog,,,,,Wide area,2020-12-03
147.22500,147.82500,+,131.8,,"Monongahela",Washington,39.95270157,-79.99449921,KA3BFI,OPEN,On-Air,Analog/analog,,54464,,,,2020-12-19
147.24000,147.84000,+,173.8,,"Bradford",McKean,41.95650101,-78.64920044,KD3OH,OPEN,On-Air,Analog/analog,,,,,,2020-12-19
147.24000,147.84000,+,123.0,123.0,"Elizabethville - Berry Mountain",Dauphin,40.53509903,-76.82689667,KB3VDL,OPEN,On-Air,Analog/analog,,,,,,2021-06-01
147.24000,147.84000,+,82.5,,"Lebanon",Lebanon,40.34069824,-76.40170288,KE3RG,OPEN,On-Air,Analog/analog,,,,,,2021-10-16
147.24000,147.84000,+,107.2,107.2,"Montrose - Bridgewater Township",Susquehanna,41.82630157,-75.87989807,K3SQO,OPEN,On-Air,Analog/analog,,,,,,2021-01-27
147.24000,147.84000,+,131.8,,"Wexford - Tower N.E of Wexford &amp; I-79",Allegheny,40.61989975,-80.09329987,K3SAL,OPEN,On-Air,Analog/analog,,29517,,,,2021-03-06
147.25500,147.85500,+,173.8,173.8,"Clearfield - Rockton Mountain",Clearfield,41.07640076,-78.55110168,W3CPA,OPEN,On-Air,Analog/analog,,,,,Wide area,2021-06-10
147.25500,147.85500,+,162.2,,"Jim Thorpe",Carbon,40.87590027,-75.73239899,W3HA,OPEN,On-Air,Analog/analog,,152669,,,,2021-06-03
147.25500,147.85500,+,131.8,131.8,"Uniontown",Fayette,39.90010071,-79.71640015,W3PIE,OPEN,On-Air,YSF/analog,,,,,,2021-06-05
147.27000,147.87000,+,CSQ,CSQ,"Bentleyville",Washington,40.11669922,-80.00839996,WB3CCN,OPEN,On-Air,Analog/analog,,,,,,2020-12-19
147.27000,147.87000,+,77.0,77.0,"Bucktown - South Coventry Township",Chester,40.17440033,-75.66380310,N3KZ,OPEN,On-Air,Analog/analog,,,,,,2021-01-19
147.27000,147.87000,+,186.2,186.2,"Erie - Presque Isle State Park",Erie,42.16090012,-80.11540222,N3APP,OPEN,On-Air,Analog/analog,,9534,,,,2020-09-17
147.27000,147.87000,+,131.8,131.8,"New Ringgold",Schuylkill,40.79729843,-75.96939850,W3TWA,OPEN,On-Air,YSF/analog,,,,,,2021-02-16
147.28500,147.88500,+,131.8,,"Newmanstown - Millcreek Township",Lebanon,40.32306100,-76.19759000,N3SWH,OPEN,On-Air,Analog/analog,,236230,,,,2021-04-21
147.28500,147.88500,+,173.8,,"Ridgway",Elk,41.42029953,-78.72859955,N3NWL,OPEN,On-Air,Analog/analog,,,,,,2020-12-19
147.28500,147.88500,+,131.8,131.8,"Scenery Hill",Washington,40.08589935,-80.07029724,K3PSP,OPEN,On-Air,Analog/analog,,4679,,,,2020-08-27
147.28500,147.88500,+,136.5,136.5,"Scranton",Lackawanna,41.40900040,-75.66239929,WB3FEQ,OPEN,On-Air,Analog/analog,,,,,,2020-12-06
147.28500,147.88500,+,82.5,,"Towanda",Bradford,41.65250015,-76.41069794,K3ABC,OPEN,On-Air,Analog/analog,,,,,,2020-11-23
147.30000,147.90000,+,131.8,,"Butler - Alameda Park",Butler,40.87229919,-79.93039703,K3PSG,OPEN,On-Air,Analog/analog,,,,43418,,2021-03-16
147.30000,147.90000,+,131.8,,"Fairless Hills - Falls Township",Bucks,40.17959976,-74.85520172,W3BXW,OPEN,On-Air,Analog/analog,,,,,,2021-01-06
147.30000,147.90000,+,173.8,,"Smethport",McKean,41.81119919,-78.44470215,NJ3K,OPEN,On-Air,Analog/analog,,,,,,2021-06-03
147.30000,147.90000,+,151.4,151.4,"Williamsport - Williamsport Area High School",Lycoming,41.24150085,-77.07289886,W3AHS,OPEN,On-Air,Analog/analog,,277377,,,,2021-11-18
147.31500,147.91500,+,82.5,82.5,"Cornwall",Lebanon,40.24110031,-76.37719727,K3LV,OPEN,On-Air,Analog/analog,,,,,,2021-05-20
147.31500,147.91500,+,173.8,173.8,"Du Bois - Rockton Mountain",Clearfield,41.07630157,-78.55120087,N3QC,OPEN,On-Air,YSF/analog,,,,,Wide area,2021-06-11
147.31500,147.91500,+,,CSQ,"Erie - Greene Township",Erie,42.12919998,-80.08509827,K3WWA,OPEN,On-Air,Analog/analog,,,,,,2021-06-01
147.31500,147.91500,+,131.8,131.8,"Waynesburg",Greene,39.89649963,-80.17919922,K3PSP,OPEN,On-Air,Analog/analog,,4679,,,,2019-05-16
147.33000,147.93000,+,123.0,,"Hanover - Pigeon Hills",York,39.80070114,-76.98300171,W3MUM,OPEN,On-Air,Analog/analog,,,,,,2021-11-02
147.33000,147.93000,+,,,"Hatfield",Montgomery,40.27980042,-75.29930115,WA3RYQ,OPEN,On-Air,Analog/analog,,,,,,2020-05-02
147.34500,147.94500,+,131.8,131.8,"Galeton",Potter,41.73310089,-77.64189911,KB3EAR,OPEN,On-Air,Analog/analog,,,,,,2021-06-02
147.34500,147.94500,+,123.0,123.0,"Joliett - Porter Township",Schuylkill,40.76369858,-76.13819885,W3SC,OPEN,On-Air,Analog/analog,,,,,,2021-06-01
147.34500,147.94500,+,131.8,131.8,"Washington",Washington,40.17399979,-80.24620056,W3PLP,OPEN,On-Air,Analog/analog,,,,,,2020-12-19
147.36000,147.96000,+,131.8,131.8,"Butler - Center Township Water Tower",Butler,40.91170120,-79.93170166,W3UDX,OPEN,On-Air,YSF/analog,,265005,,,,2021-09-13
147.36000,147.96000,+,131.8,131.8,"Darby - Mercy Fitzgerald Hospital",Delaware,39.92670059,-75.26860046,W3UER,OPEN,On-Air,Analog/analog,,,,,,2021-07-18
147.36000,147.96000,+,173.8,173.8,"Lock Haven - Swissdale",Clinton,41.13701330,-77.44692630,NC3PA,OPEN,Unknown,Analog/analog,,,,,,2021-08-21
147.37500,147.97500,+,,,"Harrisburg - Blue Mountain",Dauphin,40.27370071,-76.88439941,W3ND,OPEN,On-Air,DMR,1,,,,,2020-05-23
147.37500,147.97500,+,,,"Johnstown",Cambria,40.32669830,-78.92199707,N3LZX,OPEN,On-Air,Analog/analog,,,,,,2021-04-21
147.37500,147.97500,+,77.0,,"Montrose Fairgrounds - Bridgewater Township",Susquehanna,41.83396530,-75.87713880,N3KZ,OPEN,On-Air,Analog/analog,,,,,,2021-01-15
147.37500,147.97500,+,186.2,,"Warren - Stone Hill",Warren,41.81433310,-79.29021330,W3KKC,OPEN,On-Air,Analog/analog,,,,,,2021-01-18
147.39000,147.99000,+,131.8,131.8,"Burgettstown",Washington,40.38199997,-80.39279938,K3PSP,OPEN,On-Air,Analog/analog,,4679,,,,2020-12-19
147.39000,147.99000,+,82.5,82.5,"Hegins",Schuylkill,40.65150070,-76.49770355,KB3VXB,OPEN,On-Air,YSF/analog,7,,,,,2019-12-08
147.39000,147.99000,+,100.0,,"Hilltown",Bucks,40.32699966,-75.23570251,W3HJ,OPEN,On-Air,Analog/analog,,,,,,2014-08-25
147.39000,147.99000,+,173.8,,"Rockton",Clearfield,41.07559967,-78.65309906,KE3DR,OPEN,On-Air,Analog/analog,,,,28057,,2021-07-17
147.52000,148.12000,+,,,"Montrose - Bridgewater Township",Susquehanna,41.83399963,-75.87709808,K3SQO,OPEN,On-Air,Analog/analog,,,,,,2021-01-27
147.52000,147.52000,x,,,"New Castle",Lawrence,40.96336000,-80.31852000,KC3LMP,OPEN,On-Air,Analog,,,,40431,,2021-07-23
147.55500,147.55500,x,,,"North Versailles",Allegheny,40.37875890,-79.80156780,N3TAY,OPEN,On-Air,YSF,,,,,,2021-06-06
