Output Freq,Input Freq,Offset,Uplink Tone,Downlink Tone,"Location",County,Lat,Long,Call,Use,Op Status,Mode,Digital Access,EchoLink,IRLP,AllStar,Coverage,Last Update
421.25000,0.00000,+,131.8,131.8,"Philadelphia - Chestnut Hill",Philadelphia,40.07033340,-75.20706440,W3PHL,OPEN,On-Air,Analog,,,,,,2021-01-13
440.04375,445.04375,+,,,"Upper Darby - Delaware Co. Memorial Hospital",Delaware,39.95790100,-75.30770111,N3AEC,OPEN,On-Air,DStar,,,,,,2020-03-14
440.05625,445.05625,+,,,"Carbondale - Salem Mountain",Wayne,41.54479980,-75.46240234,K1NRA,OPEN,On-Air,DMR,8,,,,,2020-02-11
440.05625,445.05625,+,,,"Lima - Fair Acres",Delaware,39.98529816,-75.44309998,W3AEC,OPEN,On-Air,DStar,,,,,,2013-11-24
440.10000,445.10000,+,,,"Forkston",Wyoming,41.42219925,-76.20159912,WR3IRS,OPEN,On-Air,DMR,1,,,,,2020-05-17
440.15000,445.15000,+,100.0,CSQ,"Philadelphia",Philadelphia,39.95230103,-75.16380310,K3CX,OPEN,On-Air,Analog/analog,,,,,,2019-05-09
440.20000,445.20000,+,,,"Charlestown",Chester,40.09640121,-75.55120087,WR3IRS,OPEN,On-Air,DMR,1,,,,,2020-05-17
440.60000,445.60000,+,131.8,131.8,"Castle Shannon",Allegheny,40.36479950,-80.02230072,K3CSF,OPEN,On-Air,Analog/analog,,77119,,,,2020-12-19
440.65000,445.65000,+,,,"Philadelphia - Roxborough",Philadelphia,40.04909897,-75.23600006,WR3IRS,OPEN,On-Air,DMR,1,,,,,2020-05-17
440.85000,445.85000,+,,,"Revloc PA - Revloc Volunteer Fire Company",Cambria,40.49229380,-78.76418830,KC3DVR,OPEN,On-Air,P25,1293,,,,,2021-10-21
441.10000,446.10000,+,,,"Catasauqua",Lehigh,40.65480042,-75.47460175,KC2ABV,OPEN,On-Air,DMR/analog,1,,,,,2021-10-03
441.15000,446.15000,+,88.5,CSQ,"Abington Township - Abington Hospital",Montgomery,40.11930084,-75.12069702,K3DN,OPEN,On-Air,Analog/analog,,,,,,2019-07-14
441.15000,446.15000,+,100.0,100.0,"Tunkhannock - Forkston",Wyoming,41.53870010,-75.94660187,N3FCK,OPEN,On-Air,Analog/analog,,,,,,2020-10-05
441.15000,446.15000,+,,,"York - Hallam",York,39.96259840,-76.72774500,WR3IRS,OPEN,On-Air,DMR,1,,,,,2020-05-17
441.20000,446.20000,+,,,"Newtown Square",Delaware,39.98697281,-75.40062714,WR3IRS,OPEN,On-Air,DMR,1,,,,,2020-02-03
441.30000,446.30000,+,,,"Eagle",Chester,40.06999969,-75.68000031,WR3IRS,OPEN,On-Air,DMR,1,,,,,2020-05-17
441.30000,446.30000,+,,,"Valley Forge",Chester,41.20330048,-77.19450378,WN3A,OPEN,On-Air,DMR,1,,,,,2021-06-02
441.35000,446.35000,+,,,"Scranton",Lackawanna,41.43600082,-75.73459625,N3MBK,OPEN,On-Air,DMR,2,,,,Wide area,2019-12-08
441.40000,446.40000,+,131.8,131.8,"Allentown",Lehigh,40.59130096,-75.43859863,KC2LHJ,OPEN,On-Air,Analog/analog,,131651,,,,2020-05-11
441.50000,446.50000,+,123.0,123.0,"Meyersdale - Hays Mill Fire Tower",Somerset,39.83449936,-78.95780182,W3DCW,OPEN,On-Air,YSF/analog,,,,,,2020-12-19
441.60000,446.60000,+,,,"Allentown",Lehigh,40.60839844,-75.49019623,N3RPV,OPEN,On-Air,DMR,1,,,,,2019-12-08
441.70000,446.70000,+,74.4,74.4,"Roxborough",Philadelphia,40.05479813,-75.24210358,W3WAN,OPEN,On-Air,Analog/analog,,,,27672,Wide area,2021-07-26
441.80000,446.80000,+,131.8,131.8,"Benton Township - Red Rock Mountain",Luzerne,41.30863000,-76.30935000,N3KZ,OPEN,On-Air,Analog/analog,,,,,Wide area,2021-06-03
441.80000,436.80000,-,100.0,,"Eagle - Upper Uwchlan Township",Chester,40.07788120,-75.68770850,W3EOC,OPEN,On-Air,Analog,,,,,,2021-01-12
441.84375,446.84375,+,,,"Hilltown",Bucks,40.33940240,-75.23623810,K3BUX,OPEN,On-Air,DMR,1,,,,,2020-05-17
441.85000,446.85000,+,85.4,85.4,"Towanda, Monroe Township - Kellogg Mountain",Bradford,41.68220139,-76.48329926,N3XXH,OPEN,On-Air,Analog/analog,,,,,Wide area,2021-06-27
441.90000,446.90000,+,,,"Chambersburg",Franklin,39.93759918,-77.66110229,WR3IRS,OPEN,On-Air,DMR,1,,,,Wide area,2020-05-17
441.90000,446.90000,+,114.8,,"Hazleton",Luzerne,40.95840073,-75.97460175,W3RC,OPEN,On-Air,Analog/analog,,641077,,45574,,2021-01-22
441.90000,446.90000,+,,,"Union City",Erie,41.89950180,-79.84529877,WA3UC,OPEN,On-Air,DMR,1,441979,,,Wide area,2020-12-19
441.95000,446.95000,+,100.0,100.0,"Coatesville",Chester,39.98500061,-75.82160187,W3EOC,OPEN,On-Air,Analog/analog,,,,,,2021-01-12
441.95000,446.95000,+,123.0,,"Fort Indiantown Gap",Lebanon,40.43981110,-76.59829920,KA3TKW,OPEN,On-Air,Analog/analog,,,,,,2021-07-18
442.00000,447.00000,+,131.8,131.8,"Forkston - Forkston Mountain",Wyoming,41.52840042,-76.12580109,N3KZ,OPEN,On-Air,Analog/analog,,,,,,2021-04-23
442.02500,447.02500,+,131.8,131.8,"Uniontown",Fayette,39.90010071,-79.71640015,WA3UVV,OPEN,On-Air,YSF/analog,,,,,,2019-12-27
442.10000,447.10000,+,,,"Altoona - Brush Mountain",Blair,40.48580170,-78.36270142,NU3T,OPEN,On-Air,DMR,1,,,,,2020-12-19
442.10000,447.10000,+,131.8,131.8,"Lake Harmony, Kidder Township - Big Boulder Ski Area",Carbon,41.06060028,-75.59100342,N3KZ,OPEN,On-Air,Analog/analog,,,,,,2021-07-17
442.12500,447.12500,+,131.8,131.8,"Washington",Washington,40.17399979,-80.24620056,W3PLP,OPEN,On-Air,Analog/analog,,,,,,2020-12-19
442.15000,447.15000,+,186.2,,"Erie",Erie,42.12919998,-80.08509827,KB5ELV,OPEN,On-Air,Analog/analog,,17681,,2331,,2017-03-07
442.15000,447.15000,+,,,"Greensburg",Westmoreland,40.30149841,-79.53890228,WC3PS,OPEN,On-Air,DStar,,,,,,2020-12-19
442.20000,447.20000,+,131.8,,"Meyersdale - Summit Township",Somerset,39.81370163,-79.02469635,N3KZ,OPEN,On-Air,Analog/analog,,,,,,2021-01-21
442.20000,447.20000,+,173.8,,"Ridgway",Elk,41.39260000,-78.69030000,N3RZL,OPEN,On-Air,Analog/analog,,,,,Wide area,2020-12-19
442.20000,447.20000,+,131.8,131.8,"Summerdale - East Pennsboro Township",Cumberland,40.30899811,-76.92749786,N3KZ,OPEN,On-Air,Analog/analog,,,,,,2021-01-21
442.20000,447.20000,+,131.8,131.8,"Wilkes-Barre - Plains Township",Luzerne,41.24589920,-75.88130188,N3KZ,OPEN,On-Air,Analog/analog,,,,,,2021-01-21
442.22500,447.22500,+,,,"Warren - Kinzua Dam",Warren,41.84389877,-79.14499664,KC3CYM,OPEN,On-Air,DStar,,,,,,2019-10-16
442.25000,447.25000,+,131.8,,"Irwin",Westmoreland,40.32450104,-79.70120239,W3OC,OPEN,On-Air,Analog/analog,,,,,,2020-09-03
442.25000,447.25000,+,131.8,,"Newtown Square",Delaware,39.98680115,-75.40100098,W3DI,OPEN,On-Air,Analog/analog,,,,,,2021-03-06
442.27500,447.27500,+,131.8,,"Derry",Westmoreland,40.33399963,-79.29979706,KE3PO,OPEN,On-Air,Analog/analog,,,,,,2020-12-19
442.30000,447.30000,+,186.2,,"Butler - Butler Township",Butler,40.86117550,-79.89533280,KA3HUK,OPEN,On-Air,Analog/analog,,,,,,2021-03-03
442.30000,447.30000,+,131.8,131.8,"State College - Rattlesnake Mtn.",Centre,40.79339981,-77.86000061,N3KZ,OPEN,On-Air,Analog/analog,,,,,,2021-08-25
442.35000,447.35000,+,,,"Lake Wallenpaupack",Pike,41.45899963,-75.18520355,WA2ZPX,CLOSED,On-Air,Analog/analog,,,,,,2021-01-05
442.37500,447.37500,+,131.8,,"Laurel Mountain",Westmoreland,40.21129990,-79.18479919,KA3JSD,OPEN,On-Air,Analog/analog,,,,,Wide area,2020-12-19
442.40000,447.40000,+,131.8,131.8,"Philadelphia",Philadelphia,39.95230103,-75.16380310,N3KZ,OPEN,On-Air,Analog/analog,,,,,,2021-05-16
442.40000,447.40000,+,131.8,131.8,"Robesonia, Millcreek Township - Eagles Peak Camping Resort",Lebanon,40.33660126,-76.17659760,N3KZ,OPEN,On-Air,Analog/analog,,,,,,2021-01-21
442.42500,447.42500,+,131.8,,"East Monongahela",Allegheny,39.95270157,-79.99449921,W3CSL,OPEN,On-Air,Analog/analog,,,,,,2020-12-19
442.45000,447.45000,+,100.0,100.0,"Beaver",Beaver,40.69530106,-80.30480194,KA3IRT,OPEN,On-Air,Analog/analog,,,,,,2020-12-19
442.50000,447.50000,+,131.8,131.8,"Camelback Mountain - Jackson Township",Monroe,41.04230118,-75.35209656,N3KZ,OPEN,On-Air,Analog/analog,,,,,,2021-01-21
442.52500,447.52500,+,173.8,,"DuBois",Clearfield,41.12101150,-78.75832570,K3JRW,OPEN,On-Air,Analog/analog,,,,,,2021-05-19
442.55000,447.55000,+,131.8,,"Mount Lebanon",Allegheny,40.35530090,-80.04949951,N3SH,OPEN,On-Air,Analog/analog,,,,,,2020-12-19
442.55000,447.55000,+,91.5,91.5,"Philadelphia - Roxborough Towers",Philadelphia,39.95230103,-75.16380310,W3SBE,OPEN,On-Air,Analog/analog,,,,,,2021-02-23
442.55000,447.55000,+,100.0,100.0,"Scranton - Top of Morgan Highway SR 307",Lackawanna,41.46620178,-75.68550110,N3FCK,OPEN,On-Air,Analog/analog,,,,,,2019-05-26
442.57500,447.57500,+,131.8,,"New Stanton",Westmoreland,40.21920013,-79.60949707,N3HOM,OPEN,On-Air,Analog/analog,,,,,,2020-12-19
442.60000,447.60000,+,123.0,,"Huntingdon",Huntingdon,40.48479843,-78.01029968,WO3T,OPEN,On-Air,Analog/analog,,,,,,2020-12-19
442.60000,447.60000,+,131.8,,"Newtown Square",Delaware,39.98680115,-75.40100098,WA3NNA,OPEN,On-Air,Analog/analog,,,,,,2019-03-12
442.60000,447.60000,+,186.2,,"Utica - Western Union Tower",Venango,41.43560028,-79.95729828,KE3JP,OPEN,On-Air,Analog/analog,,,,,,2020-12-27
442.70000,447.70000,+,186.2,,"Sheffield - Sheffield Township",Warren,41.70389938,-79.03559875,N3KZ,OPEN,On-Air,Analog/analog,,,,27266,,2021-01-21
442.75000,447.75000,+,141.3,,"Pottstown",Berks,40.24539948,-75.64959717,KI3I,OPEN,On-Air,Analog/analog,,,,,,2015-11-14
442.80000,447.80000,+,131.8,,"Leechburg",Armstrong,40.62701000,-79.60560120,N1RS,OPEN,On-Air,Analog/analog,,,,,,2020-12-28
442.80000,29.58000,s,141.3,,"New Kensington",Westmoreland,40.56980133,-79.76480103,N1RS,OPEN,On-Air,Analog/analog,,,,,,2020-12-28
442.80000,447.80000,+,131.8,,"New Kensington",Westmoreland,40.56980133,-79.76480103,N1RS,OPEN,On-Air,Analog/analog,,,,,,2020-12-28
442.80000,447.80000,+,131.8,,"Philadelphia",Philadelphia,39.95230103,-75.16380310,K3TU,OPEN,On-Air,Analog/analog,,,,,,2018-05-24
442.82500,447.82500,+,,,"Johnstown",Cambria,40.32669830,-78.92199707,N3YFO,OPEN,On-Air,DMR,1,,,,,2020-12-27
442.85000,447.85000,+,131.8,,"Georgeville",Indiana,40.83399963,-79.09390259,KB3CNS,OPEN,On-Air,YSF,,,,,,2021-05-19
442.85000,447.85000,+,,,"Millerton - Jackson Summit",Tioga,41.94340134,-77.01660156,N3FE,OPEN,On-Air,DMR,1,,,,Wide area,2016-03-05
442.90000,447.90000,+,123.0,,"Hilltown",Bucks,40.33940125,-75.23619843,W3HJ,OPEN,On-Air,Analog/analog,,,,,,2020-10-27
442.90000,447.90000,+,131.8,131.8,"Sylvania",Bradford,41.80509949,-76.85690308,N3KZ,OPEN,On-Air,Analog/analog,,,,,,2021-08-25
442.90000,447.90000,+,131.8,,"West Sunbury",Butler,41.00485600,-79.90153400,K3PSG,OPEN,On-Air,Analog/analog,,,,,,2021-03-16
442.95000,447.95000,+,173.8,173.8,"DuBois - I-80/PA-153",Clearfield,41.08359909,-78.54940033,N3QC,OPEN,On-Air,YSF/analog,1,,,,Wide area,2021-05-19
443.00000,448.00000,+,77.0,,"Pottsville",Schuylkill,40.68560028,-76.19550323,WX3N,OPEN,On-Air,Analog/analog,,,,,,2021-01-13
443.05000,448.05000,+,186.2,,"Grand Valley - Eldred Township",Warren,41.72119904,-79.53759766,W3GFD,OPEN,On-Air,Analog/analog,,,,,,2021-01-17
443.05000,448.05000,+,,,"Williamsport - Bald Eagle Mountain",Lycoming,41.20360184,-76.96410370,N3SSL,OPEN,On-Air,DMR/analog,1,,,,Wide area,2021-10-03
443.07500,448.07500,+,,,"New Castle",Lawrence,40.99000168,-80.33570099,KB3YBB,OPEN,On-Air,DStar,,,,,,2020-12-19
443.10000,448.10000,+,103.5,,"Biglerville",Adams,39.93040085,-77.24800110,W3KGN,OPEN,On-Air,Analog/analog,,,,,,2020-09-30
443.10000,448.10000,+,100.0,100.0,"Mansfield - Tower Hill",Tioga,41.87639999,-76.97579956,KB3DOL,OPEN,On-Air,Analog/analog,,,,,,2020-09-30
443.10000,448.10000,+,131.8,131.8,"Schnecksville - Lehigh Career &amp; Technical Institute",Lehigh,40.66500092,-75.60820007,K3TE,OPEN,On-Air,Analog/analog,,,,,,2020-05-26
443.15000,448.15000,+,131.8,,"Meadowbrook",Montgomery,40.11259842,-75.07820129,WA3UTI,OPEN,On-Air,Analog/analog,,,,,,2019-07-03
443.15000,448.15000,+,123.0,,"Windber",Somerset,40.23979950,-78.83499908,N3LZV,OPEN,On-Air,Analog/analog,,,,,,2020-12-19
443.17500,448.17500,+,186.2,,"Sandy Lake",Mercer,41.34870148,-80.08229828,WA3NSM,OPEN,On-Air,Analog/analog,,,,,,2019-10-11
443.20000,448.20000,+,114.8,,"Quakertown",Bucks,40.44179916,-75.34159851,WA3KEY,OPEN,On-Air,Analog/analog,,,,,,2021-01-06
443.20000,448.20000,+,77.0,77.0,"Williamsport - Bald Eagle Mountain",Lycoming,41.21294000,-76.95333800,WX3N,OPEN,On-Air,Analog/analog,,,,,Wide area,2021-06-27
443.25000,448.25000,+,123.0,,"Somerset",Somerset,40.00839996,-79.07810211,K3SMT,OPEN,On-Air,Analog/analog,,,,,,2021-05-24
443.27500,448.27500,+,110.9,,"Sigel",Jefferson,41.27500153,-79.11329651,N3GPM,OPEN,On-Air,Analog/analog,,,,,,2020-12-19
443.30000,448.30000,+,67.0,67.0,"Enola - Blue Mountain at Lamb's Gap",Cumberland,40.30548100,-77.00695000,N3TWT,OPEN,On-Air,Analog/analog,,,,,,2021-05-20
443.30000,448.30000,+,131.8,,"Washington",Washington,40.17399979,-80.24620056,W3CYO,OPEN,On-Air,Analog/analog,,,,29713,,2020-12-19
443.35000,448.35000,+,100.0,100.0,"Allentown - Scholl Woodlands Preserve ",Lehigh,40.60839844,-75.49019623,N3XG,OPEN,On-Air,YSF/analog,,736721,,,,2017-01-10
443.35000,448.35000,+,131.8,,"East Monongahela",Allegheny,39.95270157,-79.99449921,W3CDU,OPEN,On-Air,Analog/analog,,,,,,2020-12-19
443.37500,448.37500,+,186.2,,"Vowinckel",Clarion,41.38790131,-79.21060181,N3GPM,OPEN,On-Air,Analog/analog,,,,,,2019-10-10
443.40000,448.40000,+,131.8,131.8,"Pittsburgh - Childrens Hospital of Pittsburgh",Allegheny,40.44060135,-79.99590302,KF2CHP,OPEN,On-Air,Analog/analog,,976063,,,,2021-08-07
443.40000,448.40000,+,77.0,77.0,"Wilkes-Barre - Plains Township",Luzerne,41.24589920,-75.88130188,WX3N,OPEN,On-Air,Analog/analog,,,,,,2021-01-13
443.42500,448.42500,+,186.2,186.2,"Greenville - Western Union Tower",Mercer,41.38059998,-80.41310120,KE3JP,OPEN,On-Air,Analog/analog,,,,,,2021-01-04
443.45000,448.45000,+,100.0,100.0,"Pittsburgh - University of Pittsburgh",Allegheny,40.43700027,-79.95980072,W3YJ,OPEN,On-Air,Analog/analog,,,,,,2021-04-13
443.47500,448.47500,+,173.8,,"Punxsutawney",Jefferson,40.94369888,-78.97090149,N5NWC,OPEN,On-Air,Analog/analog,,,,,,2021-05-19
443.50000,448.50000,+,,,"Corry",Erie,41.93109894,-79.65239716,W3CCB,OPEN,On-Air,Analog/analog,,,,,,2019-12-09
443.50000,448.50000,+,167.9,167.9,"Montoursville - County Farm",Lycoming,41.25419998,-76.92050171,KB3DXU,CLOSED,Off-Air,Analog/analog,,,,,,2021-10-14
443.50000,448.50000,+,131.8,,"Murrysville",Westmoreland,40.42839813,-79.69750214,W3GKE,OPEN,On-Air,Analog/analog,,,,,,2020-12-19
443.55000,448.55000,+,131.8,131.8,"Earlville",Berks,40.31679916,-75.73690033,K3ZMC,OPEN,On-Air,YSF/analog,,,9317,,,2017-08-05
443.57500,448.57500,+,123.0,123.0,"Central City - Statler Hill",Somerset,40.11059952,-78.80200195,KE3UC,OPEN,On-Air,YSF/analog,,,,,,2020-12-19
443.57500,448.57500,+,173.8,,"Coudersport",Potter,41.77478780,-78.02056020,WA3HLC,OPEN,On-Air,Analog/analog,,,,,,2021-06-16
443.59000,448.59000,+,151.4,,"Coopersburg",Lehigh,40.51150131,-75.39050293,W3LR,OPEN,On-Air,Analog/analog,,230150,,47198,,2019-02-18
443.60000,448.60000,+,131.8,,"Brentwood - Brentwood Fire Hall",Allegheny,40.37060165,-79.97480011,KW3LO,OPEN,On-Air,NXDN,,,,,,2020-12-19
443.60000,448.60000,+,100.0,100.0,"Pittston - Suscon",Luzerne,41.26269913,-75.70709991,N3FCK,OPEN,On-Air,Analog/analog,,,,,,2021-03-29
443.62500,448.62500,+,131.8,131.8,"Ellwood City",Lawrence,40.86169815,-80.28649902,N3ZJM,OPEN,On-Air,YSF,,,,,,2021-01-11
443.65000,448.65000,+,131.8,,"Canonsburg",Washington,40.26259995,-80.18730164,N3FB,OPEN,On-Air,Analog/analog,,,,,,2021-08-09
443.65000,448.65000,+,146.2,146.2,"State College",Centre,40.79320145,-77.86699677,K3CR,OPEN,On-Air,Analog/analog,,,,,,2021-05-19
443.67500,438.67500,-,123.0,,"Point Marion",Fayette,39.73896710,-79.89866850,N3CRK,OPEN,On-Air,Analog/analog,,,,,,2021-01-15
443.67500,448.67500,+,123.0,,"Ridgway",Elk,41.44880000,-78.77760000,N3NIA,OPEN,On-Air,Analog/analog,,,,,,2020-12-19
443.70000,448.70000,+,131.8,131.8,"Chambersburg",Franklin,39.93759918,-77.66110229,N3KZ,OPEN,On-Air,Analog/analog,,,,,Wide area,2021-06-09
443.70000,448.70000,+,131.8,131.8,"Evans City",Butler,40.76919937,-80.06279755,KB3LSM,OPEN,On-Air,Analog/analog,,,,,,2016-04-28
443.70000,448.70000,+,131.8,,"Mars",Butler,40.69589960,-80.01172540,K3SAL,OPEN,On-Air,Analog/analog,,295173,,,,2021-03-06
443.70000,448.70000,+,151.4,,"Wind Gap",Northampton,40.84820175,-75.29160309,KA3HJW,OPEN,On-Air,Analog/analog,,,,,,2015-08-11
443.72500,448.72500,+,127.3,,"Meyersdale - Mount Davis",Somerset,39.78620148,-79.17590332,WA3P,OPEN,On-Air,YSF/analog,1,,,,Wide area,2020-08-28
443.75000,448.75000,+,131.8,131.8,"Hopwood - Summit Hotel",Fayette,39.85499700,-79.65662900,W3PIE,OPEN,On-Air,YSF/analog,,,,,,2021-06-05
443.80000,448.80000,+,173.8,,"Ridgway",Elk,41.42029953,-78.72859955,N3NIA,OPEN,On-Air,Analog/analog,,,,,,2020-12-19
443.80000,448.80000,+,131.8,131.8,"Valley Forge - Schuylkill Township",Chester,40.09700012,-75.46959686,N3KZ,OPEN,On-Air,Analog/analog,,,,,,2021-01-21
443.85000,448.85000,+,173.8,173.8,"Falls Creek - KDUJ airport",Jefferson,41.20819855,-78.86360168,N3QC,OPEN,On-Air,YSF/analog,,,,,,2015-12-03
443.87500,448.87500,+,167.9,,"Northern Cambria",Cambria,40.65923420,-78.78169370,N3LAD,OPEN,On-Air,Analog/analog,,,,,,2021-10-10
443.90000,448.90000,+,CSQ,131.8,"Butler - Butler County Emergency Operations Center",Butler,40.84783500,-79.88394700,K3PSG,OPEN,On-Air,YSF/analog,,,,43440,,2021-03-09
443.90000,448.90000,+,131.8,131.8,"Valley Forge Mountain - Tredyffrin Township",Chester,40.49430084,-75.08350372,W3PHL,OPEN,On-Air,YSF,,,,,,2021-01-12
443.92500,448.92500,+,123.0,,"Seven Springs",Somerset,40.02190018,-79.29019928,KB9WCX,OPEN,On-Air,Analog/analog,,,,,,2020-12-19
443.95000,448.95000,+,131.8,,"Hilltown",Bucks,40.34170151,-75.25420380,K3DN,OPEN,On-Air,YSF/analog,,,,,,2015-12-18
443.95000,448.95000,+,88.5,,"Somerset",Somerset,40.00839996,-79.07810211,N3VFG,OPEN,On-Air,Analog/analog,,,,2123,,2021-03-18
443.97500,448.97500,+,,,"Kittanning - Armstrong Co EOC",Armstrong,40.77230072,-79.52980042,K3QY,OPEN,On-Air,Analog/analog,,,,,,2019-05-15
444.00000,449.00000,+,131.8,,"Monroeville",Allegheny,40.42119980,-79.78810120,WA3PBD,OPEN,On-Air,Analog/analog,,,,,,2020-10-14
444.00000,449.00000,+,173.8,173.8,"Ridgway",Elk,41.42033910,-78.72863880,K3GVH,OPEN,On-Air,Analog/analog,,,,,,2020-05-27
444.02500,449.02500,+,,,"New Castle",Lawrence,40.99590000,-80.30510000,KB3YBB,OPEN,On-Air,DMR,8,,,,,2021-01-02
444.05000,449.05000,+,131.8,131.8,"Darby - Mercy Fitzgerald Hospital",Delaware,39.92670059,-75.26860046,W3UER,OPEN,On-Air,Analog/analog,,,,,,2021-07-18
444.05000,449.05000,+,131.8,,"Hazelwood",Allegheny,40.41170120,-79.94450378,KA3IDK,OPEN,On-Air,Analog/analog,,,,,,2021-07-17
444.05000,449.05000,+,100.0,100.0,"Troy - Mount Pisgah",Bradford,41.81029892,-76.71649933,KB3DOL,OPEN,On-Air,Analog/analog,,,,,Wide area,2021-06-02
444.05625,449.05625,+,,,"New Cumberland - Reesers Summit/Bunches",York,40.15259933,-76.75019836,N2JEH,OPEN,On-Air,DMR,1,,,,,2020-05-17
444.07500,449.07500,+,186.2,186.2,"Meadville",Crawford,41.63009100,-80.17759100,W3MIE,OPEN,On-Air,Analog/analog,,,,,,2020-10-14
444.10000,449.10000,+,151.4,151.4,"Allentown - South Mountain",Lehigh,40.56529999,-75.43730164,KA3NRJ,OPEN,On-Air,Analog/analog,,250856,,49506,,2019-07-27
444.10000,449.10000,+,71.9,71.9,"Pittsburgh ",Allegheny,40.40589905,-79.91200256,KB3CNN,OPEN,On-Air,Analog/analog,,,,,Wide area,2017-07-22
444.12500,449.12500,+,186.2,186.2,"Oil City",Venango,41.44599915,-79.72699738,W3ZIC,OPEN,On-Air,YSF/analog,,,,,,2021-06-10
444.15000,449.15000,+,131.8,131.8,"Allentown - Salisbury Township",Lehigh,40.60229390,-75.47140980,N3KZ,OPEN,On-Air,Analog/analog,,,,,,2021-01-21
444.15000,449.15000,+,131.8,,"Coraopolis",Allegheny,40.51839828,-80.16670227,KA3IRT,OPEN,On-Air,Analog/analog,,176150,,,Wide area,2020-12-19
444.16000,449.16000,+,82.5,82.5,"Hegins",Schuylkill,40.64556150,-76.52612150,KB3VXB,OPEN,On-Air,YSF/analog,,,,,,2020-11-17
444.17500,449.17500,+,131.8,131.8,"New Castle - LEOC",Lawrence,40.99990082,-80.31030273,K3ACS,OPEN,On-Air,Analog/analog,,,,,,2019-05-15
444.20000,449.20000,+,123.0,,"Bedford - Kinton Knob",Bedford,40.01369858,-78.55529785,K3NQT,OPEN,On-Air,Analog/analog,,,,,,2021-05-19
444.20000,449.20000,+,131.8,,"Bensalem Township",Bucks,40.10459900,-74.95130157,W3BXW,OPEN,On-Air,Analog/analog,,,,,,2021-01-06
444.22000,449.22000,+,D023,D023,"Cranesville",Dauphin,41.90817240,-80.34856390,KC3NRI,OPEN,On-Air,Analog,,388587,,,,2021-01-02
444.25000,449.25000,+,131.8,,"Beaver - Brighton Township Water Tower",Beaver,40.69530106,-80.30480194,N3TN,OPEN,On-Air,Analog/analog,,,,,,2020-12-19
444.25000,449.25000,+,151.4,,"Towanda",Bradford,41.76760101,-76.44270325,WA3GGS,OPEN,On-Air,Analog/analog,,,,,,2021-01-06
444.25000,449.25000,+,146.2,146.2,"York",York,39.89759827,-76.60579681,W3SBA,OPEN,On-Air,Analog/analog,,690801,,27784,,2014-01-23
444.30000,449.30000,+,131.8,,"Cowansville",Armstrong,40.88669968,-79.58959961,N1RS,OPEN,On-Air,Analog/analog,,,,,,2020-12-28
444.30000,449.30000,+,151.4,,"Mount Holly Springs",Cumberland,40.11840057,-77.19000244,KG3S,OPEN,On-Air,Analog/analog,,,,,,2020-03-29
444.30000,449.30000,+,131.8,,"Vandergrift",Westmoreland,40.60284340,-79.56476670,N1RS,OPEN,On-Air,Analog/analog,,,,,,2020-12-28
444.32500,449.32500,+,110.9,,"Clarion",Clarion,41.21480179,-79.38529968,N3HZX,OPEN,On-Air,Analog/analog,,,,,,2020-12-19
444.32500,449.32500,+,107.2,107.2,"Shohola - Walker Lake",Pike,41.42100143,-74.91699982,WB1FXX,OPEN,On-Air,Analog/analog,,,,,,2014-08-18
444.35000,449.35000,+,114.8,114.8,"Reading - Mt. Penn Fire Tower",Berks,40.34870148,-75.90180206,K3TI,OPEN,On-Air,YSF/analog,1,,,,,2019-12-08
444.37500,449.37500,+,,,"Greenville - Western Union Tower",Mercer,41.22819901,-80.24810028,KE3JP,OPEN,On-Air,DMR,8,,,,,2020-12-27
444.37500,449.37500,+,186.2,,"Sharpsville",Mercer,41.25920105,-80.47200012,KB3GRF,OPEN,On-Air,Analog/analog,,,,,,2020-12-19
444.39375,449.39375,+,,,"Pottsville",Schuylkill,40.68560028,-76.19539642,N3AS,OPEN,On-Air,DMR,1,,,,,2021-05-24
444.40000,449.40000,+,88.5,,"Bradford",McKean,41.95649530,-78.64916300,KD3IJ,OPEN,On-Air,Analog/analog,,,,,,2021-01-31
444.40000,449.40000,+,88.5,,"North Hills",Allegheny,40.52489853,-80.02629852,W3EXW,OPEN,On-Air,Analog/analog,,,,,,2020-12-19
444.45000,449.45000,+,103.5,,"Carnegie - Settlers Cabin Park",Allegheny,40.40869904,-80.08339691,W3KWH,OPEN,On-Air,YSF/analog,,,,,,2020-12-19
444.45000,449.45000,+,123.0,123.0,"Harrisburg - Blue Mountain",Dauphin,40.34540176,-76.86869812,W3ND,OPEN,On-Air,Analog/analog,,,,,,2019-02-23
444.47500,449.47500,+,123.0,,"Jennerstown - Laurel Mountain",Somerset,40.19319916,-79.09140015,NJ3T,OPEN,On-Air,Analog/analog,,,,,Wide area,2020-12-19
444.47500,449.47500,+,186.2,186.2,"Scandia - Kinzua Reservoir",Warren,41.91279984,-79.03530121,W3GFD,OPEN,On-Air,Analog/analog,,,,28096,,2021-01-17
444.50000,449.50000,+,186.2,,"Erie",Erie,42.12919998,-80.08509827,KA3MJN,OPEN,On-Air,Analog/analog,,,,,,2020-12-19
444.50000,449.50000,+,100.0,100.0,"Shickshinny - State Game Lands",Luzerne,41.15890121,-76.16929626,N3FCK,OPEN,On-Air,Analog/analog,,,,,,2020-12-31
444.50000,449.50000,+,131.8,,"West Mifflin",Allegheny,40.36339951,-79.86640167,KA3IDK,OPEN,On-Air,Analog/analog,,,,,,2021-07-17
444.52500,449.52500,+,131.8,,"New Kensington",Westmoreland,40.56980133,-79.76480103,K3MJW,OPEN,On-Air,YSF/analog,,,,,,2020-12-19
444.52500,449.52500,+,173.8,,"Smethport - Keating Township",McKean,41.81117480,-78.44474130,KD3IJ,OPEN,On-Air,Analog/analog,,,,,,2021-01-31
444.52500,449.52500,+,,,"West Mifflin",Allegheny,40.36339951,-79.86640167,KA3IDK,OPEN,On-Air,Analog/analog,,,,,,2021-07-17
444.55000,449.55000,+,100.0,,"Horsham - Horsham Township",Montgomery,40.17839813,-75.12850189,WA3TSW,OPEN,On-Air,Analog/analog,,,,,,2021-02-08
444.55000,449.55000,+,123.0,123.0,"Newport -  Buffalo Mountain, Newport ",Perry,40.47790146,-77.13050079,W3ND,OPEN,On-Air,Analog/analog,,,,,,2021-08-22
444.55000,449.55000,+,131.8,,"West Mifflin",Allegheny,40.36339951,-79.86640167,KA3IDK,OPEN,On-Air,Analog/analog,,,,,,2021-07-17
444.60000,449.60000,+,123.0,,"Altoona",Blair,40.51868090,-78.39473590,W3VO,OPEN,On-Air,Analog/analog,,,,,,2021-04-21
444.60000,449.60000,+,,,"Gaines - Cedar Mtn",Tioga,41.65230179,-77.53710175,N3FE,OPEN,On-Air,DMR,1,,,,Wide area,2019-12-08
444.65000,449.65000,+,131.8,,"Ephrata",Lancaster,40.17979813,-76.17880249,W3XP,OPEN,On-Air,Analog/analog,,,,,,2015-09-05
444.65000,449.65000,+,114.8,,"Greentown - Greene Township",Pike,41.32180023,-75.30549622,WA2AHF,OPEN,On-Air,Analog/analog,,,,,,2021-01-13
444.65000,449.65000,+,131.8,131.8,"Pittsburgh",Allegheny,40.44229889,-79.94699860,W3VC,OPEN,On-Air,P25/analog,,,,,,2020-12-19
444.70000,449.70000,+,131.8,131.8,"Chester",Delaware,39.86159897,-75.37129974,KM3W,OPEN,On-Air,Analog/analog,,444700,,40588,,2021-09-20
444.70000,449.70000,+,114.8,114.8,"State College - Black Moshannon Mountain",Centre,40.91979980,-77.97450256,N3EB,OPEN,On-Air,Analog/analog,,,,,Wide area,2021-06-11
444.72500,449.72500,+,131.8,,"New Castle",Lawrence,41.00370026,-80.34700012,N3ETV,OPEN,On-Air,YSF,,,,,,2020-12-19
444.75000,449.75000,+,,,"Philipsburg",Clearfield,40.89640045,-78.22059631,KC3BMB,OPEN,On-Air,DStar,,,,,,2021-04-20
444.75000,449.75000,+,103.5,103.5,"Sellersville",Bucks,40.44179916,-75.34159851,W3AI,OPEN,On-Air,YSF/analog,,,,,,2021-07-02
444.80000,449.80000,+,123.0,123.0,"Greensburg - Hempfield Township -- East Ward",Westmoreland,40.30130005,-79.52660370,N3RSJ,OPEN,On-Air,Analog/analog,,,,,,2021-04-12
444.80000,449.80000,+,,,"Jackson Township - Chickaree Mountain",Cambria,40.44060135,-78.90160370,KE3UC,OPEN,On-Air,DMR,1,,,,,2019-12-08
444.80000,449.80000,+,,,"Roxborough",Philadelphia,40.05830002,-75.23889923,W3QV,OPEN,On-Air,YSF/analog,,,,,,2021-09-04
444.82500,449.82500,+,,,"Jamestown",Mercer,41.48477580,-80.43756870,K3WRB,OPEN,On-Air,DMR,8,,,,,2021-01-03
444.87500,449.87500,+,186.2,,"Erie",Erie,42.12919998,-80.08509827,W3GV,OPEN,On-Air,Analog/analog,,,,,,2020-12-19
444.90000,449.90000,+,131.8,,"Apollo",Armstrong,40.58145460,-79.56643330,N1RS,OPEN,On-Air,Analog/analog,,,,,Wide area,2020-12-28
444.90000,449.90000,+,151.4,,"Nazareth",Northampton,40.75080109,-75.32920074,W3OK,OPEN,On-Air,Analog/analog,,,,,,2017-07-03
444.90000,449.90000,+,173.8,173.8,"Williamsport - Bald Eagle Mountain",Lycoming,41.20360184,-76.96410370,KB3AWQ,OPEN,On-Air,Analog/analog,,277377,,513963,Wide area,2021-11-10
444.92500,449.92500,+,131.8,,"Apollo",Armstrong,40.58145460,-79.56643330,N1RS,OPEN,On-Air,Analog/analog,,,,,,2020-12-28
444.92500,449.92500,+,186.2,186.2,"Cherry Hill - Conneaut Township",Erie,41.91120148,-80.44779968,N8XUA,OPEN,On-Air,Analog/analog,,,,,,2021-01-18
444.95000,449.95000,+,131.8,131.8,"Carrick",Allegheny,40.39540100,-79.98919678,W3PGH,OPEN,On-Air,Analog/analog,,,,,,2020-12-19
444.95000,449.95000,+,123.0,123.0,"Delano Township",Schuylkill,40.83897650,-76.07104300,W3SC,OPEN,On-Air,Analog/analog,,,,,,2021-02-12
444.97500,449.97500,+,110.9,,"Blairsville",Indiana,40.49909973,-79.13549805,W3BMD,OPEN,On-Air,Analog/analog,,,,,,2019-05-15
445.02500,440.02500,-,,,"Allentown",Lehigh,40.60839844,-75.49019623,W3OI,OPEN,On-Air,DStar,,,,,,2014-11-28
445.06875,440.06875,-,,,"Pocopson Township",Chester,39.90039825,-75.62580109,W3EOC,OPEN,On-Air,DStar,,,,,,2021-01-12
445.08125,440.08125,-,,,"Bucktown - South Coventry Township",Chester,40.17472200,-75.66250000,KB3SLR,OPEN,On-Air,DStar,,,,,,2021-01-12
445.17500,440.17500,-,100.0,100.0,"Bethlehem",Northampton,40.62590027,-75.37049866,KC2ABV,OPEN,On-Air,Analog/analog,,582263,,,,2018-08-17
445.17500,440.17500,-,131.8,131.8,"Reading",Berks,40.33560181,-75.92690277,KB3WLV,OPEN,On-Air,YSF,1,675597,,,,2019-12-08
445.18125,440.18125,-,,,"Wyndmoor",Montgomery,40.08259964,-75.18119812,K3PDR,OPEN,On-Air,DStar,,,,,,2015-03-27
445.21875,440.21875,-,,,"Bangor",Northampton,40.86569977,-75.20659637,N2DCE,OPEN,On-Air,DMR,1,,,,,2019-12-08
445.23125,440.23125,-,,,"Hanover - Pigeon Hills",York,39.86289420,-76.94914240,KB3VVB,OPEN,On-Air,DMR,1,,,,,2020-12-06
445.37500,440.37500,-,91.5,91.5,"Pohopoco Mountain",Monroe,41.00040054,-75.48459625,K4MTP,OPEN,On-Air,Analog/analog,,,,,,2021-03-29
445.47500,440.47500,-,,,"Clifford",Susquehanna,41.68529892,-75.56259918,WR2M,OPEN,On-Air,Analog/analog,,,,,,2013-12-27
445.67500,440.67500,-,131.8,131.8,"Paoli - Hospital",Chester,40.04209900,-75.47630310,WB3JOE,OPEN,On-Air,YSF,,,,,,2021-07-18
446.17500,441.17500,-,100.0,,"Bucktown - South Coventry Township",Chester,40.17480087,-75.66210175,W3EOC,OPEN,On-Air,Analog/analog,,,,,,2021-01-12
446.22500,441.22500,-,131.8,,"Ross Township",Monroe,40.87149811,-75.31300354,N3TXG,OPEN,On-Air,Analog/analog,,,,,,2020-12-26
446.42500,441.42500,-,123.0,,"Reesers Summit",York,40.20119858,-76.86550140,W3ND,OPEN,On-Air,Analog/analog,,,,,,2021-05-31
446.47500,441.47500,-,114.8,114.8,"Cornwall",Lancaster,40.24129868,-76.37599945,N3FYI,OPEN,On-Air,Analog/analog,,,,28989,Wide area,2021-05-20
446.47500,441.47500,-,114.8,114.8,"Rawlinsville",Lancaster,39.88597900,-76.25087700,N3FYI,OPEN,On-Air,YSF/analog,,,,28989,Wide area,2020-03-19
446.50000,441.50000,-,CSQ,CSQ,"Pittston",Luzerne,41.29539871,-75.82340240,KB3TEM,OPEN,On-Air,DMR,1,,,,,2020-06-29
446.52500,441.52500,-,100.0,100.0,"West Chester",Chester,39.96070099,-75.60549927,W3EOC,OPEN,On-Air,Analog/analog,,,,,,2021-07-15
446.57500,441.57500,-,151.4,,"Long Pond - Near the Pocono International Raceway",Monroe,41.05339813,-75.46299744,KG3I,OPEN,On-Air,Analog/analog,,,,,,2021-03-29
446.62500,441.62500,-,,,"Reading",Berks,40.35606100,-75.93100500,KA3KDL,OPEN,On-Air,NXDN,1293,,,,,2020-09-11
446.70000,446.70000,x,,,"Bradford",McKean,41.97911900,-78.65062000,W3VG,OPEN,On-Air,DStar,,,,,,2021-06-08
446.72500,441.72500,-,131.8,,"Stroudsburg",Monroe,40.95843400,-75.29594870,N3GRQ,OPEN,On-Air,P25/analog,293,,,,,2021-04-30
446.77500,441.77500,-,88.5,88.5,"Boothwyn",Delaware,39.83010101,-75.44159698,W3KG,OPEN,On-Air,Analog/analog,,,,,,2021-05-21
446.87500,441.87500,-,131.8,,"Philadelphia",Philadelphia,39.95230103,-75.16380310,KD3WT,OPEN,On-Air,YSF/analog,,,,,,2020-01-14
446.92500,441.92500,-,156.7,,"Reading",Berks,40.35390091,-75.89920044,K3SJH,OPEN,On-Air,YSF/analog,,,,,,2019-03-08
447.02500,442.02500,-,91.5,91.5,"Bloomsburg",Columbia,40.98749924,-76.54720306,WB3DUC,OPEN,On-Air,Analog/analog,,,,,Wide area,2019-08-25
447.07500,442.07500,-,123.0,123.0,"Thorndale - Caln Township",Chester,39.99290085,-75.74520111,AA3VI,OPEN,On-Air,Analog/analog,,311846,4448,,,2021-03-12
447.12500,442.12500,-,,,"Fairless Hills - Falls Township",Bucks,40.17959976,-74.85520172,W3BXW,OPEN,On-Air,DMR,1,,,,,2021-01-06
447.22500,442.22500,-,131.8,131.8,"Bangor",Northampton,40.86569977,-75.20659637,N3TXG,OPEN,On-Air,Analog/analog,,,,,,2019-04-09
447.27500,442.27500,-,,,"Blakeslee - Pimple Hill",Monroe,41.02669907,-75.50460052,KG3I,OPEN,On-Air,DMR,,,,,,2019-12-08
447.27500,442.27500,-,,,"York - Springettsbury Township",York,39.96260071,-76.72769928,W3HZU,OPEN,On-Air,DMR,1,,,,,2021-03-26
447.32500,442.32500,-,131.8,131.8,"Wellsboro",Tioga,41.74869919,-77.30049896,KB3EAR,OPEN,On-Air,Analog/analog,,,,,,2021-06-02
447.37500,442.37500,-,131.8,,"Elk Mountain",Susquehanna,41.72409821,-75.55419922,N3HPY,OPEN,On-Air,Analog/analog,,,,,,2016-09-25
447.47500,442.47500,-,,,"Wyndmoor",Montgomery,40.08119965,-75.18930054,K3PDR,OPEN,On-Air,YSF,,,,,,2018-10-22
447.62500,442.62500,-,131.8,131.8,"Allentown - Salisbury Township",Lehigh,40.52436900,-75.56555300,WA3PNY,OPEN,On-Air,YSF/analog,,,,,,2021-01-20
447.62500,442.62500,-,,,"Wyndmoor - Whitemarsh",Montgomery,40.08319855,-75.18379974,K3PDR,OPEN,On-Air,DMR,1,,,,,2019-12-08
447.67500,442.67500,-,107.2,107.2,"Gettysburg",Adams,39.83092930,-77.23109550,N3ETH,OPEN,On-Air,Analog/analog,,,,520690,,2021-04-13
447.67500,442.67500,-,82.5,,"Lebanon",Lebanon,40.34090042,-76.41130066,K3LV,OPEN,On-Air,Analog/analog,,,,,,2020-04-26
447.71250,442.71250,-,,,"Allentown - South Mountain",Lehigh,40.59861100,-75.41888900,WA3PNY,OPEN,On-Air,Analog,,,,,Wide area,2021-01-25
447.72500,442.72500,-,,,"Gatchellville",York,39.76900101,-76.46690369,N3CNJ,OPEN,On-Air,YSF,1267,,,,,2021-03-23
447.77500,442.77500,-,162.2,162.2,"Orefield - Leather Corner Post",Lehigh,40.62116200,-75.63865200,KA3ZAT,OPEN,On-Air,Analog/analog,,,,,,2020-06-16
447.87500,442.87500,-,,,"Allentown - Salisbury Township",Lehigh,40.52436900,-75.56555300,WA3PNY,OPEN,Testing,NXDN,2293,,,,,2021-07-23
447.87500,442.87500,-,,,"Jennersville - SR 1 at SR 796",Chester,39.80910110,-75.87480164,K3ZED,OPEN,On-Air,DMR,1,,,,,2020-02-28
447.92500,442.92500,-,77.0,,"Bloomsburg",Columbia,40.93999863,-76.42469788,WC3H,OPEN,On-Air,Analog/analog,,,,,,2021-01-25
447.92500,442.92500,-,82.5,82.5,"Cornwall",Lebanon,40.27370071,-76.40609741,K3LV,OPEN,On-Air,YSF/analog,,,,,,2021-03-16
447.97500,442.97500,-,131.8,,"Plumsteadville - Plumstead Township",Bucks,40.38729858,-75.14659882,KB3AJF,OPEN,On-Air,Analog/analog,,,,,,2021-01-06
448.07500,443.07500,-,123.0,,"Harrisburg",Dauphin,40.27370071,-76.88439941,W3ND,OPEN,On-Air,Analog/analog,,,,,,2021-06-01
448.17500,443.17500,-,94.8,,"Quarryville",Lancaster,39.89699936,-76.16359711,N3EIO,OPEN,On-Air,Analog/analog,,,,,,2015-04-14
448.22500,443.22500,-,82.5,82.5,"Pine Grove",Berks,40.50657300,-76.37654500,AA3RG,OPEN,On-Air,Analog/analog,,,,,,2021-09-14
448.22500,443.22500,-,131.8,131.8,"Southampton",Bucks,40.17430115,-75.04380035,W3SK,OPEN,On-Air,YSF/analog,,,,,,2014-11-16
448.37500,443.37500,-,91.5,,"Wooddale",Monroe,41.08150101,-75.17769623,N3JNZ,OPEN,On-Air,Analog/analog,,,,,,2019-04-10
448.47500,443.47500,-,123.0,,"Long Pond",Monroe,41.05339813,-75.46299744,N3VAE,OPEN,On-Air,Analog/analog,,,,,,2021-10-01
448.62500,443.62500,-,114.8,114.8,"Holtwood - Martic Township",Lancaster,39.87500000,-76.27130127,N3TPL,OPEN,On-Air,YSF/analog,,,,,,2021-04-23
448.62500,443.62500,-,210.7,,"Tunkhannock Township - Pimple Hill",Monroe,41.02900000,-75.50820000,W3NTT,OPEN,On-Air,Analog/analog,,564773,,52007,,2021-08-03
448.67500,443.67500,-,131.8,,"Norristown",Montgomery,40.12149811,-75.33989716,N3CB,OPEN,On-Air,Analog/analog,,,,,,2018-05-06
448.72500,443.72500,-,146.2,,"Reading",Berks,40.33560181,-75.92690277,W3MEL,OPEN,On-Air,Analog/analog,,,,,,2016-10-16
448.77500,443.77500,-,131.8,131.8,"Allentown",Lehigh,40.60839844,-75.49019623,N3MFT,OPEN,On-Air,YSF/analog,293,,,,,2017-10-28
448.77500,443.77500,-,,,"Holtwood",Lancaster,39.87860107,-76.27089691,KX3B,OPEN,On-Air,DMR,1,,,,Wide area,2020-02-28
448.82500,443.82500,-,136.5,,"Scranton",Lackawanna,41.40900040,-75.66239929,N3EVW,OPEN,On-Air,Analog/analog,,41804,,,,2016-09-29
448.87500,443.87500,-,100.0,,"Oxford",Chester,39.78540039,-75.97879791,W3EOC,OPEN,On-Air,Analog/analog,,,,,,2021-03-19
448.87500,443.87500,-,146.2,,"Waymart",Wayne,41.58039856,-75.40820313,WB3KGD,OPEN,On-Air,Analog/analog,,,,,,2014-12-07
448.92500,443.92500,-,146.2,,"Schaefferstown - Heidelberg Township",Lebanon,40.29840088,-76.29440308,N3JOZ,OPEN,On-Air,Analog/analog,,,,,,2021-01-13
448.97500,443.97500,-,151.4,151.4,"Coopersburg",Lehigh,40.53301661,-75.34251672,KA3NRJ,OPEN,On-Air,YSF,,,,,,2020-06-29
448.97500,443.97500,-,107.2,,"New London Township",Chester,39.78260040,-75.87550354,KB3DRX,OPEN,On-Air,Analog/analog,,,,,,2021-01-07
449.02500,444.02500,-,,,"Cornwall",Lancaster,40.23794244,-76.38164190,W3AD,OPEN,On-Air,DMR,1,,,,,2021-02-04
449.07500,444.07500,-,131.8,,"Newmanstown - Texter Mountain",Lebanon,40.32306100,-76.19759000,N3SWH,OPEN,On-Air,YSF/analog,,,,,Wide area,2021-04-21
449.12500,444.12500,-,88.5,,"Green Lane",Montgomery,40.33679962,-75.46910095,AA3E,OPEN,On-Air,Analog/analog,,,,,,2016-11-11
449.22500,444.22500,-,131.8,131.8,"Lititz",Lancaster,40.15729904,-76.30690002,KA3CNT,OPEN,On-Air,Analog/analog,,,,,,2020-08-07
449.26875,444.26875,-,,,"Pottstown",Chester,40.21543000,-75.62656000,K3EMG,OPEN,On-Air,DMR,2,,,,,2021-06-11
449.27500,444.27500,-,151.4,,"Coopersburg",Lehigh,40.51150131,-75.39050293,W3LR,OPEN,On-Air,Analog/analog,,,,,,2021-01-03
449.27500,444.27500,-,,,"Honeybrook",Chester,40.05139923,-75.90329742,N3TJJ,OPEN,On-Air,DMR,1,,,,,2019-12-08
449.32500,444.32500,-,173.8,,"Lititz",Lancaster,40.15270233,-76.31233978,KA3CNT,OPEN,On-Air,Analog/analog,,,,,,2020-08-07
449.37500,444.37500,-,131.8,131.8,"Palmerton - Blue Mountain",Carbon,40.80149841,-75.61019897,W3EPE,OPEN,On-Air,Analog/analog,,,,,,2019-09-15
449.42500,444.42500,-,103.5,103.5,"Freeland Borough - Water Tower",Luzerne,41.01480103,-75.91320038,W3HZL,OPEN,On-Air,Analog/analog,,,,,,2021-01-25
449.42500,444.42500,-,123.0,123.0,"Red Lion",York,39.90090179,-76.60579681,N3NRN,OPEN,On-Air,Analog/analog,,,,,,2017-01-01
449.47500,444.47500,-,103.5,,"White Bear",Carbon,40.24879837,-75.87110138,AA3TL,OPEN,On-Air,Analog/analog,,,,,,2016-03-28
449.52500,444.52500,-,114.8,114.8,"Lancaster - Gap Hill",Lancaster,39.97719955,-76.05370331,N3EDM,OPEN,On-Air,Analog/analog,,,,,Wide area,2021-05-21
449.57500,444.57500,-,114.8,114.8,"Lancaster - Lancaster General Hospital",Lancaster,40.04759979,-76.30359650,W3RRR,OPEN,On-Air,YSF/analog,,,,,,2016-01-04
449.62500,444.62500,-,100.0,100.0,"Reading",Berks,40.33560181,-75.92690277,K3CX,OPEN,On-Air,Analog/analog,,,,,,2015-06-16
449.67500,444.67500,-,94.8,94.8,"Cochranville",Chester,39.89179993,-75.92160034,WB3LGG,OPEN,On-Air,Analog/analog,,,,,,2015-07-27
449.72500,444.72500,-,136.5,,"Plumstead",Bucks,40.38729858,-75.14659882,N3EXA,OPEN,On-Air,Analog/analog,,,,,,2019-07-05
449.72500,444.72500,-,,,"Shrewsbury",York,39.76869965,-76.67970276,K3AE,OPEN,On-Air,DMR,1,,,,,2020-05-17
449.77500,444.77500,-,131.8,131.8,"Barnesville - Mountain Valley Golf Course",Schuylkill,40.78979874,-76.12359619,W3TWA,OPEN,On-Air,Analog/analog,,944993,,,,2021-02-16
449.82500,444.82500,-,,,"Effort, Tunkhannock Township - Pimple Hill",Monroe,40.93925840,-75.43490700,KC2IRV,OPEN,On-Air,DMR,1,,,,,2021-07-13
449.82500,444.82500,-,123.0,,"Lykens",Dauphin,40.56589890,-76.70099640,KB3VDL,OPEN,On-Air,Analog/analog,,,,,,2019-06-04
449.82500,444.82500,-,82.5,82.5,"Wilkes-Barre",Luzerne,41.24589920,-75.88130188,WB3FKQ,OPEN,On-Air,Analog/analog,,,,,,2016-08-19
449.87500,444.87500,-,131.8,131.8,"Wind Gap",Monroe,40.85940170,-75.30090332,KC2IRV,OPEN,On-Air,Analog/analog,,404480,,42816,,2021-05-05
449.92500,444.92500,-,100.0,CSQ,"Eagleville",Montgomery,40.15950012,-75.40820313,K3CX,OPEN,On-Air,Analog/analog,,,,,,2019-05-09
449.92500,444.92500,-,123.0,,"Mt. Holly Springs",Cumberland,40.11877823,-77.19136810,KA3TKW,PRIVATE,On-Air,Analog/analog,,,,,,2021-07-17
449.97500,444.97500,-,114.8,114.8,"Manheim",Lancaster,40.16339874,-76.39499664,K3IR,OPEN,On-Air,DMR/analog,,883764,8537,,,2021-05-07
449.97500,444.97500,-,131.8,131.8,"Yeadon",Delaware,39.93610001,-75.25360107,N3UXQ,OPEN,On-Air,Analog/analog,,610840,,42167,,2021-09-06
