Output Freq,Input Freq,Offset,Uplink Tone,Downlink Tone,"Location",County,Lat,Long,Call,Use,Op Status,Mode,Digital Access,EchoLink,IRLP,AllStar,Coverage,Last Update
223.76000,222.16000,-,131.8,131.8,"Abington - Abington Memorial Hospital",Montgomery,40.11980057,-75.12539673,WA3DSP,OPEN,On-Air,Analog/analog,,147090,,27225,,2020-06-07
223.80000,222.20000,-,131.8,,"Feasterville",Bucks,40.14400101,-75.00520325,N3SP,OPEN,On-Air,Analog/analog,,,,,,2013-03-18
223.82000,222.22000,-,,123.0,"Joliett - Keffers Fire Tower",Schuylkill,40.61199951,-76.45359802,K4MTP,OPEN,On-Air,Analog/analog,,,,,,2021-08-29
223.86000,222.26000,-,131.8,,"Worcester Township",Montgomery,40.20077020,-75.34605050,W3PHL,OPEN,On-Air,Analog/analog,,,,,,2021-01-12
223.88000,222.28000,-,,,"Beaver Falls",Beaver,40.75199890,-80.31919861,W3UJT,OPEN,On-Air,Analog/analog,,,,,,2014-05-19
223.90000,222.30000,-,107.2,,"Chalfont",Bucks,40.28839874,-75.20909882,W3DBZ,OPEN,On-Air,Analog/analog,,,,,,2021-01-02
223.90000,222.30000,-,131.8,,"East Monongahela",Allegheny,39.95270157,-79.99449921,N3OVP,OPEN,On-Air,Analog/analog,,,,,,2020-12-19
223.94000,222.34000,-,88.5,,"Booth's Corner",Delaware,39.83919907,-75.48950195,W3KG,OPEN,On-Air,Analog/analog,,,,,,2016-12-14
223.94000,222.34000,-,118.8,118.8,"Homestead",Allegheny,40.40589905,-79.91200256,WA3PBD,OPEN,On-Air,Analog/analog,,,,,,2020-10-14
223.98000,222.38000,-,,,"Carrick",Allegheny,40.39540100,-79.98919678,W3PGH,OPEN,On-Air,Analog/analog,,,,,,2020-12-19
224.02000,222.42000,-,131.8,,"Pottstown",Berks,40.24539948,-75.64959717,K3ZMC,OPEN,On-Air,Analog/analog,,,,,,2014-01-13
224.04000,222.44000,-,,,"New Castle",Lawrence,41.00370026,-80.34700012,KA3UEX,OPEN,On-Air,Analog/analog,,,,,,2014-07-03
224.06000,222.46000,-,186.2,186.2,"Corry",Erie,41.92029953,-79.64029694,N3RSN,OPEN,On-Air,Analog/analog,,,,,,2020-12-19
224.06000,222.46000,-,131.8,,"Philadelphia",Philadelphia,39.95230103,-75.16380310,WB3EHB,OPEN,On-Air,Analog/analog,,,,27631,,2014-07-05
224.08000,222.48000,-,151.4,,"Allentown",Lehigh,40.56850052,-75.43499756,KA3NRJ,OPEN,On-Air,Analog/analog,,,,,,2020-03-19
224.10000,222.50000,-,77.0,,"Glenolden",Delaware,39.90010071,-75.28910065,N3FCX,OPEN,On-Air,Analog/analog,,313073,,,,2019-12-09
224.10000,222.50000,-,88.5,,"Pittsburgh - North Hills",Allegheny,40.52489853,-80.02629852,W3EXW,OPEN,On-Air,Analog/analog,,,,,,2020-12-19
224.14000,222.54000,-,131.8,,"Homestead",Allegheny,40.40589905,-79.91200256,KA3IDK,OPEN,On-Air,Analog/analog,,,,,,2021-07-17
224.14000,222.54000,-,114.8,114.8,"Summit Station - Blue Mountain",Schuylkill,40.53099823,-76.20130157,N3TJJ,OPEN,On-Air,Analog/analog,,,,,,2019-10-29
224.16000,222.56000,-,123.0,123.0,"Kennett Square - Longwood Gardens",Chester,39.86196600,-75.70665700,KI6OM,OPEN,On-Air,Analog/analog,,,,53147,,2021-02-17
224.18000,222.58000,-,131.8,,"Cowansville - East Franklin Township",Armstrong,40.88669968,-79.58959961,KA3HUK,OPEN,On-Air,Analog/analog,,,,,,2021-03-03
224.18000,222.58000,-,123.0,,"Harrisburg",Dauphin,40.27370071,-76.88439941,KA3RKW,OPEN,On-Air,Analog/analog,,,,,,2016-10-05
224.20000,222.60000,-,88.5,88.5,"Fairview Village",Montgomery,40.15790176,-75.38710022,N3CVJ,OPEN,On-Air,Analog/analog,,,,,,2020-03-19
224.22000,222.62000,-,88.5,88.5,"Bethel - Booths Corner Farmers Market",Delaware,39.84749985,-75.49579620,W3KG,OPEN,On-Air,Analog/analog,,446925,,,Wide area,2017-05-06
224.24000,222.64000,-,85.4,85.4,"Towanda, Monroe Township - Kellogg Mountain",Bradford,41.68379974,-76.44960022,N3XXH,OPEN,On-Air,Analog/analog,,,,,Wide area,2021-06-27
224.26000,222.66000,-,94.8,,"Palmerton",Carbon,40.80149841,-75.61019897,N3DVF,OPEN,On-Air,Analog/analog,,,,,,2020-05-29
224.28000,222.68000,-,85.4,85.4,"Williamsport - Armstrong Mountain",Lycoming,41.21670151,-76.91179657,N3XXH,OPEN,On-Air,Analog/analog,,300580,,27671,Wide area,2021-10-05
224.30000,222.70000,-,131.8,,"Apollo",Armstrong,40.58150101,-79.56639862,N1RS,OPEN,On-Air,Analog/analog,,,,,,2020-12-28
224.32000,222.72000,-,114.8,114.8,"Lancaster - Pennsylvania",Lancaster,39.88600159,-76.25119781,N3FYI,OPEN,On-Air,Analog/analog,,,,,Wide area,2015-01-08
224.34000,222.74000,-,131.8,,"Tannersville - Camelback Mountain",Monroe,41.04149200,-75.25278200,KE3MX,OPEN,On-Air,Analog/analog,,,,,,2020-06-12
224.38000,222.78000,-,85.4,85.4,"Loganton, Lamar Township - Riansares Mountain",Clinton,41.05120087,-77.37999725,N3XXH,OPEN,On-Air,Analog/analog,,,,,Wide area,2021-06-27
224.38000,222.78000,-,107.2,,"Wyncote",Montgomery,40.09460068,-75.14880371,N3FSC,OPEN,On-Air,Analog/analog,,,,,,2015-03-21
224.40000,222.80000,-,,127.3,"Allentown - South Mountain",Lehigh,40.60839844,-75.49019623,K4MTP,OPEN,On-Air,Analog/analog,,,,,,2017-08-27
224.42000,222.82000,-,131.8,,"Bryn Mawr - Bryn Mawr Hospital",Montgomery,40.01979828,-75.30460358,WB3JOE,OPEN,On-Air,Analog/analog,,,,,,2021-07-18
224.42000,222.82000,-,94.8,94.8,"Wilkes-Barre - Penobscot Knob",Luzerne,41.24589920,-75.88130188,N3DAP,OPEN,On-Air,Analog/analog,,,,,Wide area,2016-11-21
224.44000,222.84000,-,131.8,131.8,"Lititz",Lancaster,40.15729904,-76.30690002,KA3CNT,OPEN,On-Air,Analog/analog,,,,452072,,2020-03-06
224.46000,222.86000,-,88.5,,"Freedom",Beaver,40.68560028,-80.25170135,N3TN,OPEN,On-Air,Analog/analog,,,,,,2020-12-19
224.48000,222.88000,-,123.0,,"Bedford",Bedford,40.01869965,-78.50389862,K3NQT,OPEN,On-Air,Analog/analog,,,,,,2016-07-14
224.50000,222.90000,-,131.8,131.8,"Darby - Mercy Fitzgerald Hospital",Delaware,39.92670059,-75.26860046,W3UER,OPEN,On-Air,Analog/analog,,,,,,2021-07-18
224.50000,222.90000,-,131.8,,"Point Marion",Fayette,39.73896710,-79.89866850,N3CRK,OPEN,On-Air,Analog/analog,,,,,,2021-01-15
224.52000,222.92000,-,123.0,,"Meyersdale",Somerset,39.81370163,-79.02469635,KK3L,OPEN,On-Air,Analog/analog,,,,,,2020-12-19
224.56000,222.96000,-,136.5,136.5,"Dunmore",Lackawanna,41.38199997,-75.59439850,KC3MN,OPEN,On-Air,Analog/analog,,17794,,,,2017-01-26
224.58000,222.98000,-,,,"Hilltown",Bucks,40.32699966,-75.23570251,W3CCX,OPEN,On-Air,Analog/analog,,,,,,2014-12-27
224.60000,223.00000,-,77.0,77.0,"Hazleton",Luzerne,41.01750183,-75.91320038,W3RC,OPEN,On-Air,Analog/analog,,,,,,2021-01-22
224.64000,223.04000,-,131.8,,"Apollo",Westmoreland,40.56980133,-79.76480103,KB3UEM,OPEN,On-Air,Analog/analog,,,,,,2020-12-19
224.64000,223.04000,-,114.8,,"Reading - Mount Penn",Berks,40.33560181,-75.92690277,K3TI,OPEN,On-Air,Analog/analog,,,,,Wide area,2014-03-19
224.66000,223.06000,-,71.9,,"Tannersville",Monroe,41.04010010,-75.30570221,KB3DCM,OPEN,On-Air,Analog/analog,,,,,,2019-04-02
224.68000,223.08000,-,123.0,,"Johnstown",Cambria,40.32669830,-78.92199707,K3WS,OPEN,On-Air,Analog/analog,,,,,,2020-12-19
224.70000,223.10000,-,131.8,131.8,"Chester - Crozer Chester Medical Center",Delaware,39.86299896,-75.37079620,KM3W,OPEN,On-Air,Analog/analog,,444700,,40588,,2018-06-19
224.74000,223.14000,-,100.0,,"Easton",Northampton,40.68840027,-75.22070313,KB3AJF,OPEN,On-Air,Analog/analog,,,,,,2021-01-06
224.74000,223.14000,-,186.2,,"Franklin",Venango,41.36510086,-79.84400177,N3QCR,OPEN,On-Air,Analog/analog,,,,,,2020-12-19
224.78000,223.18000,-,151.4,,"Buck",Lancaster,39.87250137,-76.22889709,AK3E,OPEN,On-Air,Analog/analog,,,,,,2014-05-16
224.80000,223.20000,-,,,"New Castle",Lawrence,41.00370026,-80.34700012,NO3I,OPEN,On-Air,Analog/analog,,,,,,2014-07-03
224.80000,223.20000,-,131.8,,"Philadelphia",Philadelphia,39.95230103,-75.16380310,K3TU,OPEN,On-Air,Analog/analog,,,,,,2014-12-27
224.82000,223.22000,-,114.8,,"Cornwall",Lancaster,40.27370071,-76.40609741,N3TPL,OPEN,On-Air,Analog/analog,,,,,,2021-03-02
224.82000,223.22000,-,74.4,,"Titusville",Crawford,41.62699890,-79.67369843,WB3KFO,OPEN,On-Air,Analog/analog,,,,,,2021-07-16
224.84000,223.24000,-,131.8,,"Red Lion",York,39.91199875,-76.62000275,KA3CNT,OPEN,On-Air,Analog/analog,,,,452072,,2020-03-06
224.84000,223.24000,-,131.8,,"Slippery Rock",Butler,41.06389999,-80.05639648,KA3HUK,OPEN,On-Air,Analog/analog,,,,,,2021-03-03
224.86000,223.26000,-,,,"Clifford",Susquehanna,41.68529892,-75.56259918,WR2M,OPEN,On-Air,Analog/analog,,,,,,2013-12-27
224.88000,223.28000,-,131.8,,"Beaver - Brighton Township Water Tower",Beaver,40.69530106,-80.30480194,N3TN,OPEN,On-Air,Analog/analog,,,,,,2020-12-19
224.90000,223.30000,-,131.8,,"Rochester Mills",Indiana,40.81909943,-78.98449707,KB3CNS,OPEN,On-Air,Analog/analog,,,,,,2020-12-19
224.92000,223.32000,-,127.3,,"Long Pond",Monroe,41.05339813,-75.46299744,K4MTP,OPEN,On-Air,Analog/analog,,,,,,2014-08-02
224.94000,223.34000,-,131.8,,"Mars",Butler,40.69589996,-80.01170349,K3RS,OPEN,On-Air,Analog/analog,,,,,,2020-12-19
224.94000,223.34000,-,131.8,,"Valley Forge - Schuylkill Township",Chester,40.09700012,-75.46959686,W3PHL,OPEN,On-Air,Analog/analog,,,,,,2021-01-12
224.96000,223.36000,-,123.0,,"Boswell",Somerset,40.16149902,-79.02890015,N3XCC,OPEN,On-Air,Analog/analog,,,,,,2020-12-19
224.98000,223.38000,-,131.8,,"Evans City",Butler,40.76919937,-80.06279755,KA3HUK,OPEN,On-Air,Analog/analog,,,,,,2021-07-23
224.98000,223.38000,-,131.8,,"Feasterville-Trevose - Lower Southampton Township",Bucks,40.14663780,-74.99522590,W3PHL,OPEN,On-Air,Analog/analog,,,,,,2021-01-13
