Output Freq,Input Freq,Offset,Uplink Tone,Downlink Tone,"Location",County,Lat,Long,Call,Use,Op Status,Mode,Digital Access,EchoLink,IRLP,AllStar,Coverage,Last Update
433.60000,0.00000,-,100.0,,"Salt Lake City -  Nelson Peak",Tooele,40.61360168,-112.18800354,WA7GIE,CLOSED,On-Air,Analog/analog,,,,,,2013-11-16
446.25000,441.25000,-,,,"Herriman - Herriman High School",Salt Lake,39.32098010,-111.09373110,N7HRC,OPEN,Off-Air,Analog/analog,,,,,,2021-02-14
447.00000,442.00000,-,88.5,,"Draper",Salt Lake,40.52470016,-111.86399841,KE7QGT,OPEN,On-Air,Analog/analog,,,,,,2017-08-16
447.00000,442.00000,-,,,"Logan",Cache,41.73699951,-111.83399963,NU7TS,OPEN,On-Air,DMR,1,,,,,2019-12-15
447.00000,442.00000,-,100.0,100.0,"Payson",Utah,40.03689957,-111.72100067,NV7V,OPEN,On-Air,Analog/analog,,,,,,2021-01-17
447.02500,442.02500,-,88.5,,"Price",Carbon,39.32098010,-111.09373110,N7TAG,OPEN,Off-Air,Analog/analog,,,,,,2021-02-14
447.02500,442.02500,-,100.0,,"Salt Lake City",Salt Lake,40.78229904,-111.94699860,W0HU,OPEN,On-Air,Analog/analog,,,,,Wide area,2018-01-11
447.05000,442.05000,-,CSQ,,"Layton",Davis,41.05519867,-111.97699738,KR1P,OPEN,On-Air,DMR,1,,,28463,,2021-03-24
447.05000,442.05000,-,,,"Lehi",Utah,40.39160156,-111.85099792,KC7WSU,OPEN,On-Air,DMR,1,,,,,2019-12-15
447.05000,442.05000,-,,,"Saratoga Springs",Utah,40.38850021,-111.91100311,KC7WST,OPEN,On-Air,DMR,1,,,,,2019-12-15
447.07500,442.07500,-,131.8,,"Salem",Utah,40.05300140,-111.67400360,N7FQ,OPEN,On-Air,Analog/analog,,,,,,2008-07-11
447.07500,442.07500,-,D051,D051,"West Point - West Point City Building",Davis,41.11830139,-112.08399963,W7WPC,OPEN,On-Air,YSF/analog,,,,,,2017-11-12
447.10000,442.10000,-,100.0,,"Draper - Fire Station",Salt Lake,40.52470016,-111.86399841,KG7EGM,OPEN,On-Air,Analog/analog,,,,,Wide area,2017-09-01
447.10000,442.10000,-,107.2,107.2,"Monticello - Abajo Peak",San Juan,37.83919907,-109.46199799,K7QEQ,OPEN,On-Air,Analog/analog,,,,,Wide area,2017-04-07
447.12500,442.12500,-,100.0,,"Castle Dale - Cedar Mountain",Emery,39.17190170,-110.61900330,K7YI,CLOSED,Off-Air,Analog/analog,,,,,Wide area,2008-07-10
447.12500,442.12500,-,100.0,,"Payson - Mountain View Hospital",Utah,40.04389954,-111.71399689,K7UCA,OPEN,On-Air,Analog/analog,,,,,,2018-02-06
447.12500,442.12500,-,,,"Riverside",Box Elder,41.78879929,-112.14900208,NU7TS,OPEN,On-Air,DMR,1,,,,,2019-12-15
447.15000,442.15000,-,114.8,114.8,"Clearfield",Davis,41.11080170,-112.02500153,KR7K,OPEN,On-Air,Analog/analog,,,3607,,,2015-10-02
447.17500,442.17500,-,,,"Salt Lake City",Salt Lake,40.75949860,-111.88800049,W7SAR,OPEN,On-Air,Analog/analog,,,,,,2008-07-10
447.20000,442.20000,-,127.3,127.3,"Antelope Island - Frary Peak",Davis,40.96189880,-112.21499634,K7DAV,OPEN,On-Air,YSF/analog,,,,,Wide area,2019-03-02
447.25000,442.25000,-,100.0,,"Murray - Intermountain Medical Center",Salt Lake,40.65999985,-111.89199829,KE7LMG,OPEN,Off-Air,Analog/analog,,,,,Wide area,2017-02-13
447.25000,442.25000,-,100.0,,"Salt Lake City",Salt Lake,40.68590164,-111.80899811,K7MRS,OPEN,On-Air,Analog/analog,,,,,,0000-00-00
447.27500,442.27500,-,100.0,,"Monticello - Abajo Peak",San Juan,37.83940125,-109.46299744,KB5ITS,OPEN,On-Air,Analog/analog,,,,,Wide area,2021-09-20
447.27500,442.27500,-,100.0,,"Orem -  Timpanogos Hospital",Utah,40.31389999,-111.71299744,K7UCA,OPEN,On-Air,Analog/analog,,,,,,2015-07-17
447.30000,442.30000,-,77.0,,"Woodland Hills",Utah,40.01789856,-111.64800262,WB7RPF,OPEN,On-Air,Analog/analog,,,,,,2017-12-29
447.32500,442.32500,-,,,"Duck Creek Village",Kane,37.52360153,-112.66300201,N7SGV,OPEN,On-Air,Analog/analog,,,,,,2015-03-04
447.32500,442.32500,-,114.8,,"Springville",Utah,40.16099930,-111.57900238,N7KYY,OPEN,On-Air,Analog/analog,,,,,,2015-03-25
447.35000,442.35000,-,88.5,,"Gunnison - N7RVS QTH",Sanpete,39.15520096,-111.81800079,N7RVS,OPEN,Off-Air,Analog/analog,,,,,,2016-07-05
447.35000,442.35000,-,,,"Ogden - Promontory Point",Box Elder,41.25730133,-112.44100189,NU7TS,OPEN,On-Air,DMR,1,,,,,2019-12-15
447.36250,442.36250,-,,,"Tooele - Home QTH",Tooele,40.57479858,-112.29199982,N6RBV,OPEN,On-Air,Analog/analog,,,,,,2020-02-26
447.37500,442.37500,-,,,"Bountiful",Davis,40.83750153,-111.87799835,K7BBR,OPEN,On-Air,DMR,1,,,,,2019-11-27
447.40000,442.40000,-,,,"Monticello - Abajo Peak",San Juan,37.83919907,-109.46199799,K7QEQ,CLOSED,Off-Air,Analog/analog,,,,,Wide area,0000-00-00
447.40000,442.40000,-,100.0,,"Spanish Fork -  Teat Mountain",Utah,40.02809906,-111.37000275,K7DSN,OPEN,On-Air,Analog/analog,,,,,Wide area,2019-04-01
447.42500,452.42500,+,192.8,,"Bountiful -  QTH",Davis,40.90470123,-111.88899994,KD7RTO,OPEN,On-Air,Analog/analog,,,,,,2011-04-03
447.42500,442.42500,-,100.0,100.0,"Saratoga - Lake Mountain",Utah,40.29299927,-111.88400269,KE7NHU,OPEN,On-Air,YSF/analog,1293,,,,,2021-08-15
447.45000,442.45000,-,151.4,151.4,"Saint George",Washington,37.12699890,-113.61900330,N6RTR,OPEN,On-Air,Analog/analog,,305082,,,,2018-09-16
447.45000,442.45000,-,114.8,,"Salina - Monroe Peak",Sevier,38.53620148,-112.07299805,W7DHH,OPEN,On-Air,Analog/analog,,,,,Wide area,2020-08-19
447.47500,442.47500,-,186.2,,"Springville",Utah,40.16189957,-111.60299683,WD7N,OPEN,On-Air,Analog/analog,,,,,,2015-06-04
447.50000,442.50000,-,,,"Park City",Summit,40.74250031,-111.51200104,NZ6Z,OPEN,On-Air,Analog/analog,,,,,,2012-10-26
447.52500,442.52500,-,107.2,107.2,"Kearns -  Bacchus Hill",Salt Lake,40.62720108,-112.05699921,K2NWS,OPEN,On-Air,Analog/analog,,,,,,2016-12-13
447.57500,452.57500,+,,,"Cedar City",Iron,37.64469910,-113.37400055,WA7GTU,OPEN,Off-Air,Analog/analog,,,,,,2012-06-08
447.57500,442.57500,-,114.8,,"West Jordan",Salt Lake,40.60680008,-111.93900299,K7LNP,OPEN,Off-Air,Analog/analog,,,,,,0000-00-00
447.60000,442.60000,-,,,"Eden",Weber,41.29790115,-111.81500244,KJ7YE,OPEN,Off-Air,Analog/analog,,,,,,2008-07-10
447.60000,442.60000,-,162.2,,"Orem - Point of the Mountain",Utah,40.29830170,-111.71900177,KD7RBR,OPEN,On-Air,Analog/analog,,,,,,2015-03-25
447.62500,442.62500,-,100.0,,"Castle Dale - Horn Mountain",Emery,39.20959854,-111.14199829,K7YI,OPEN,On-Air,Analog/analog,,,,,Wide area,2008-07-11
447.62500,442.62500,-,100.0,100.0,"Sandy",Salt Lake,40.58080000,-111.85220000,WA7KMF,OPEN,On-Air,Analog,,,,,,2021-07-04
447.67500,442.67500,-,100.0,,"Saratoga Springs",Utah,40.39139938,-111.92900085,AC7DU,OPEN,On-Air,Analog/analog,,,,,,2018-07-23
447.70000,442.70000,-,123.0,,"Castle Dale - Horn Mountain",Emery,39.20959854,-111.14199829,WX7Y,OPEN,Off-Air,Analog/analog,,,,,Wide area,2013-08-05
447.70000,442.70000,-,100.0,,"South Salt Lake City - Fire Station 43",Salt Lake,40.69210052,-111.89399719,KF7YXL,OPEN,On-Air,Analog/analog,,,,,,2017-03-16
447.72500,442.72500,-,167.9,167.9,"Highland - KX7VC QTH",Utah,40.43349838,-111.79000092,KX7VC,OPEN,On-Air,Analog/analog,,,,,,2016-07-05
447.75000,442.75000,-,100.0,,"West Jordan",Salt Lake,40.60969925,-111.93900299,WD7P,OPEN,Off-Air,Analog/analog,,,,,,2016-07-05
447.77500,442.77500,-,123.0,,"Ogden -  Powder Mountain",Weber,41.37060165,-111.76599884,N7TOP,OPEN,On-Air,Analog/analog,,,,,Wide area,2016-12-13
447.85000,442.85000,-,131.8,,"Sterling",Sanpete,39.19419861,-111.69200134,WB7REL,OPEN,On-Air,Analog/analog,,,,,,2014-01-20
447.87500,442.87500,-,,,"Eureka -  Eureka Peak",Juab,39.94060135,-112.11699677,KC7KRY,OPEN,Off-Air,Analog/analog,,,,,Wide area,0000-00-00
447.87500,442.87500,-,100.0,,"Provo - Lake Mountain",Utah,40.26169968,-111.92800140,KA7EGC,OPEN,On-Air,Analog/analog,,,,,,2015-03-25
447.92500,442.92500,-,,,"Riverside",Box Elder,41.77959824,-112.17900085,N7RDS,OPEN,On-Air,DStar,,,,,,2018-11-03
447.93750,442.93750,-,,,"West Jordan",Salt Lake,40.60969925,-111.93900299,N6DVZ,OPEN,On-Air,DMR,1,,,,,2019-11-27
447.95000,442.95000,-,,,"Murray - Intermountain Med Ctr",Salt Lake,40.66130066,-111.88999939,KO7SLC,OPEN,On-Air,DStar,,,,,,2012-06-14
447.95000,442.95000,-,,,"Ogden - Sheriff's Office",Weber,41.22299957,-111.97399902,KE7EGG,OPEN,Off-Air,DStar,,,,,,2014-02-17
447.95000,442.95000,-,,,"Paradise - AC7II QTH",Cache,41.57509995,-111.83799744,KF7VJO,OPEN,On-Air,DStar,,,,,,2016-07-05
447.95000,442.95000,-,,,"Sterling",Utah,39.19359970,-111.69200134,KB7BSK,OPEN,Off-Air,DStar,,,,,,2016-05-16
447.95000,442.95000,-,,,"Torquerville - Hurricane Mesa",Washington,37.23320007,-113.23100281,KF7YIX,OPEN,On-Air,DStar,,,,,,2015-08-04
447.97500,442.97500,-,,,"American Fork - KD7BBC QTH",Utah,40.38589859,-111.78299713,NT3ST,OPEN,Unknown,DStar,,,,,,2021-05-11
447.97500,442.97500,-,,,"Logan - WA7KMF QTH",Cache,41.72230148,-111.84999847,AC7O,OPEN,On-Air,DStar,,,,,,2016-07-05
448.00000,443.00000,-,100.0,,"Salt Lake City -  Capitol",Salt Lake,40.77750015,-111.88800049,W7DES,OPEN,On-Air,Analog/analog,,,,,,2008-07-10
448.02500,443.02500,-,100.0,,"Orem",Utah,40.30000000,-111.67000000,KB7M,OPEN,On-Air,Analog/analog,,,4482,,,2020-06-21
448.05000,443.05000,-,100.0,,"Salt Lake City - SLC",Salt Lake,40.77590179,-111.95300293,K7CSW,OPEN,On-Air,Analog/analog,,,,,,2014-08-19
448.07500,443.07500,-,,,"Price - Cedar Mountain",Carbon,39.18500137,-110.60500336,K7YI,OPEN,On-Air,DStar,,,,,,2013-12-07
448.07500,443.07500,-,,,"Salt Lake City -  Farnsworth Peak",Salt Lake,40.65919876,-112.20200348,KF6RAL,OPEN,On-Air,DStar,,,,,,2017-09-01
448.10000,443.10000,-,,,"Cedar City",Iron,37.72750092,-113.06900024,N7DZP,OPEN,On-Air,Analog/analog,,,,,,2012-06-08
448.10000,443.10000,-,114.8,,"Salt Lake City -  U of U Hospital",Salt Lake,40.77190018,-111.83699799,KD7NX,OPEN,On-Air,Analog/analog,,,,,,2008-07-10
448.12500,443.12500,-,100.0,,"Murray",Salt Lake,40.65579987,-111.91500092,N7HIW,OPEN,On-Air,Analog/analog,,,,,,2019-04-05
448.15000,443.15000,-,127.3,,"Salt Lake City - Farnsworth Peak",Salt Lake,40.65829849,-112.20300293,KI7DX,OPEN,On-Air,Analog/analog,,,,,Wide area,2015-03-25
448.17500,443.17500,-,203.5,,"Salt Lake City -  Ensign Peak",Salt Lake,40.80469894,-111.89600372,KD7IMS,OPEN,Off-Air,Analog/analog,,,,,Wide area,0000-00-00
448.20000,443.20000,-,100.0,,"Orem - Lake Mountain",Utah,40.28290176,-111.93699646,K7UVA,OPEN,On-Air,Analog/analog,,762028,,,,2017-09-30
448.22500,443.22500,-,100.0,,"Alpine - Silver Lake Flat",Utah,40.53290176,-111.64099884,K7UVA,OPEN,On-Air,Analog/analog,,,,,,2018-09-10
448.22500,443.22500,-,146.2,,"Eureka -  Eureka Peak",Juab,39.94060135,-112.11699677,KC7MVI,OPEN,On-Air,Analog/analog,,,,,Wide area,2016-05-20
448.25000,443.25000,-,100.0,,"Payson - West Mountain",Utah,40.09059906,-111.82099915,N6QWU,OPEN,On-Air,Analog/analog,,355674,,,Wide area,2015-03-25
448.27500,443.27500,-,107.2,,"Manti - Barton Peak",Sanpete,39.32249832,-111.77100372,KD7YE,OPEN,On-Air,Analog/analog,,,3576,,,2020-08-19
448.27500,443.27500,-,107.2,,"Ogden",Weber,41.21020126,-111.97100067,WB7TSQ,OPEN,On-Air,Analog/analog,,,,,Wide area,2008-07-10
448.30000,443.30000,-,123.0,,"Howell - Blue Springs Hill",Box Elder,41.64580154,-112.37500000,K7UB,OPEN,On-Air,Analog/analog,,,,,,2016-06-14
448.30000,443.30000,-,88.5,,"Price -  Wood Hill",Carbon,39.61190033,-110.81199646,W7CEU,OPEN,Off-Air,Analog/analog,,,,,,0000-00-00
448.30000,443.30000,-,,,"Price - Wood Hill",Carbon,39.61109924,-110.81199646,K7GX,OPEN,Off-Air,Analog/analog,,64264,3270,,,2021-06-20
448.32500,443.32500,-,103.5,,"Provo - Lake Mountain",Utah,40.28310013,-111.93800354,K7UCS,CLOSED,On-Air,Analog/analog,,,,,Wide area,2015-03-25
448.35000,443.35000,-,,,"Draper -  South Mountain",Salt Lake,40.46390152,-111.89299774,KC7OXI,OPEN,On-Air,Analog/analog,,,,,,2015-07-19
448.37500,443.37500,-,100.0,,"Sandy",Salt Lake,40.56829834,-111.85800171,W7ROY,OPEN,On-Air,Analog/analog,,,,,,2015-02-04
448.40000,443.40000,-,100.0,,"Cedar City",Iron,37.72560120,-113.06800079,WA7GTU,OPEN,On-Air,Analog/analog,,,,,Wide area,2013-03-27
448.40000,443.40000,-,,,"Salt Lake City - Intermountain Ridge",Salt Lake,40.65309906,-112.20200348,W7IHC,OPEN,On-Air,Analog/analog,,,,,Wide area,2021-03-20
448.42500,443.42500,-,100.0,,"Salt Lake City - LDS HQ",Salt Lake,40.77109909,-111.88899994,WD7SL,OPEN,On-Air,Analog/analog,,,3837,,,2016-06-21
448.45000,443.45000,-,131.8,,"Laketown - Bear Lake",Rich,41.88249969,-111.26899719,K7OGM,CLOSED,On-Air,Analog/analog,,,,,Wide area,2013-05-19
448.45000,443.45000,-,100.0,,"Salt Lake City - Ensign Peak",Salt Lake,40.80810165,-111.88999939,KC7IIB,OPEN,On-Air,Analog/analog,,,,,,2016-07-05
448.47500,443.47500,-,,,"Park City -  Murdock Peak",Summit,40.69359970,-111.60500336,KB7HAF,OPEN,On-Air,Analog/analog,,,,,,2012-10-26
448.50000,443.50000,-,,,"Hurricane -  Kolob Peak",Washington,37.42079926,-113.06700134,K7WS,OPEN,On-Air,Analog/analog,,,,,,2015-08-07
448.52500,443.52500,-,100.0,,"Salt Lake City - Ensign Peak",Salt Lake,40.80720139,-111.88099670,K7XRD,OPEN,On-Air,YSF,,,,,,2019-07-01
448.55000,443.55000,-,88.5,,"Castle Dale - Cedar Mountain",Emery,39.17190170,-110.61900330,K7SDC,OPEN,On-Air,Analog/analog,,,3280,,Wide area,2014-11-05
448.55000,443.55000,-,100.0,,"Salt Lake City -  IHC",Salt Lake,40.71229935,-112.00199890,W7IHC,OPEN,On-Air,Analog/analog,,,3078,,,2008-07-10
448.57500,443.57500,-,131.8,,"Marysvale - Mt. Edna",Piute,38.38530000,-112.33310000,N7IOD,OPEN,On-Air,Analog/analog,,,,,Wide area,2020-06-13
448.57500,443.57500,-,100.0,100.0,"Ogden - Little Mountain",Weber,41.25490189,-112.23699951,W7SU,OPEN,On-Air,Analog/analog,,,,,,2020-07-07
448.60000,443.60000,-,123.0,123.0,"Ogden - Mt Ogden",Weber,41.19969940,-111.88200378,W7SU,OPEN,On-Air,YSF/analog,,,,,,2020-10-21
448.60000,443.60000,-,100.0,,"Page - Navajo Mountain",San Juan,37.03400040,-110.86900330,WA7VHF,OPEN,On-Air,Analog/analog,,,,,Wide area,2018-11-25
448.62500,443.62500,-,,,"Riverton - Flat Top",Salt Lake,40.43529892,-112.00599670,WA7GIE,CLOSED,On-Air,Analog/analog,,,,,Wide area,2015-06-08
448.65000,443.65000,-,,,"Cedar City - Blowhard Mountain",Iron,37.59209824,-112.86399841,KB6BOB,CLOSED,Off-Air,Analog/analog,,,,,Wide area,2015-06-18
448.65000,443.65000,-,,,"Coalville -  Lewis Peak",Summit,40.85499954,-111.48000336,WA7GIE,CLOSED,On-Air,Analog/analog,,,,,Wide area,2012-11-27
448.67500,443.67500,-,,,"Milford - Frisco Peak",Beaver,38.52030182,-113.28700256,K7JL,CLOSED,Off-Air,Analog/analog,,,,,Wide area,2019-02-25
448.70000,443.70000,-,114.8,,"Lehi - Lake Mountain",Salt Lake,40.27809906,-111.93399811,N7IMF,OPEN,On-Air,Analog/analog,,,,,Wide area,2015-06-08
448.72500,443.72500,-,,,"Salt Lake City - Nelson Peak",Salt Lake,40.61360168,-112.18699646,WA7GIE,OPEN,Off-Air,DStar,,,,,,2012-11-20
448.72500,443.72500,-,,,"St George - Scrub Peak",Washington,37.05329895,-113.82299805,WB6TNP,PRIVATE,On-Air,Analog/analog,,,,,,2013-03-30
448.75000,443.75000,-,100.0,,"Page (az) - Navajo Mountain",San Juan,37.03419876,-110.86900330,NA7DB,OPEN,On-Air,Analog/analog,,,,,Wide area,2014-06-30
448.77500,443.77500,-,123.0,,"West Haven",Weber,41.20420074,-112.05100250,N7TOP,OPEN,On-Air,Analog/analog,,,,,,2014-01-24
448.80000,443.80000,-,88.5,,"Bountiful",Davis,40.45700073,-111.90499878,KA7SLC,CLOSED,On-Air,Analog/analog,,,,,,2015-07-19
448.80000,443.80000,-,100.0,,"Cedar City - Iron Mountain",Iron,37.64469910,-113.37400055,K7JH,OPEN,On-Air,Analog/analog,,,,,,2013-08-05
448.80000,443.80000,-,100.0,,"West Valley City - WVCFD station 76",Utah,40.65359879,-112.03700256,K2WVC,OPEN,On-Air,Analog/analog,,,,,,2019-06-27
448.85000,443.85000,-,,,"Magna -  Kessler Peak",Salt Lake,40.67559814,-112.20200348,W7YDO,CLOSED,On-Air,Analog/analog,,,,,Wide area,2015-06-08
448.87500,443.87500,-,100.0,,"Lehi",Utah,40.39160156,-111.85099792,KG7QWU,OPEN,On-Air,YSF/analog,,,,,,2020-05-14
448.90000,443.90000,-,,,"Coalville -  Lewis Peak",Summit,40.85499954,-111.48000336,WB7TSQ,OPEN,Off-Air,Analog/analog,,,,,Wide area,0000-00-00
448.92500,443.92500,-,100.0,,"Lehi - City Offices",Utah,40.38940048,-111.84899902,KI7USB,OPEN,On-Air,Analog/analog,,,,,,2019-09-01
448.92500,443.92500,-,100.0,,"Mendon",Cache,41.70989990,-111.97799683,N7PKI,OPEN,Off-Air,Analog/analog,,,,,,2017-02-13
448.95000,443.95000,-,,,"Goshen -  West Mountain",Utah,40.08919907,-111.82199860,WA7FFM,OPEN,Off-Air,Analog/analog,,,,,,2015-06-08
448.97500,443.97500,-,,,"Laketown - Bear Lake",Rich,41.88249969,-111.26899719,K7OGM,CLOSED,On-Air,Analog/analog,,,,,Wide area,2012-11-27
448.97500,443.97500,-,,,"Vernon - Black Crook Peak",Tooele,39.98440170,-112.54000092,WA7GIE,CLOSED,On-Air,Analog/analog,,,,,Wide area,2015-06-08
449.00000,444.00000,-,,,"Salt Lake City - Nelson Peak",Salt Lake,40.61360168,-112.18699646,WA7GIE,OPEN,On-Air,Analog/analog,,,,,Wide area,2020-07-27
449.05000,444.05000,-,88.5,,"Sunnyside - Bruin Point",Carbon,39.63890076,-110.34200287,K7SDC,OPEN,On-Air,Analog/analog,,64264,3270,,Wide area,2008-07-11
449.07500,444.07500,-,D114,,"Ogden",Weber,41.22798340,-111.94204530,W7RSS,OPEN,On-Air,Analog/analog,,,,,,2021-02-14
449.07500,444.07500,-,167.9,,"Provo - BYU",Utah,40.24850082,-111.64700317,N7BYU,OPEN,On-Air,Analog/analog,,96806,,,,2015-06-08
449.07500,444.07500,-,123.0,,"Riverdale",Weber,41.17050171,-112.00299835,W7RSS,OPEN,On-Air,Analog/analog,,273460,,,,2015-08-21
449.10000,444.10000,-,107.2,107.2,"Moab - Bald Mesa",Grand,38.52859879,-109.32499695,K7QEQ,OPEN,On-Air,Analog/analog,,,,,Wide area,2021-04-29
449.15000,444.15000,-,100.0,,"Salt Lake City - Farnsworth Peak",Salt Lake,40.65829849,-112.20300293,K7JL,OPEN,On-Air,YSF/analog,,,,,Wide area,2019-02-25
449.17500,444.17500,-,131.8,,"American Fork - Utah Lake",Utah,40.39889908,-111.79900360,KA7EGC,OPEN,On-Air,Analog/analog,,,,,,2015-03-25
449.22500,444.22500,-,100.0,,"Tooele - Black Mountain",Tooele,40.84809875,-112.80000305,K7MLA,OPEN,On-Air,Analog/analog,,,,,,2015-06-08
449.25000,444.25000,-,110.9,,"Eagle Mountain",Utah,40.31409836,-112.00700378,WD7N,OPEN,On-Air,Analog/analog,,,,,,2019-04-05
449.25000,444.25000,-,118.8,,"Herriman - High School",Salt Lake,40.53509903,-112.03099823,N7HRC,OPEN,On-Air,Analog/analog,,,,,,2017-12-27
449.25000,444.25000,-,100.0,,"Layton",Davis,41.05400085,-111.95200348,AI7J,OPEN,On-Air,Analog/analog,,,,,,2015-08-21
449.25000,444.25000,-,88.5,,"Salem",Utah,39.32098010,-111.09373110,W7TTK,OPEN,Off-Air,Analog/analog,,,,,,2021-02-14
449.25000,444.25000,-,131.8,,"Sterling - Salina Canyon",Sevier,39.20159912,-111.72799683,WB7REL,OPEN,Off-Air,Analog/analog,,,,,Wide area,2015-07-25
449.27500,444.27500,-,,,"Hurricane - Hurricane Mesa",Washington,37.17530060,-113.29000092,K5JCA,OPEN,On-Air,Analog/analog,,,,,,2015-03-06
449.27500,444.27500,-,100.0,,"Salt Lake City - Ensign Peak",Salt Lake,40.80810165,-111.88999939,WA7VHF,OPEN,On-Air,YSF/analog,,,,,Wide area,2021-04-08
449.30000,444.30000,-,103.5,,"Logan",Cache,41.71110153,-111.85900116,W7BOZ,OPEN,On-Air,Analog/analog,,558836,7576,,,2018-10-27
449.30000,444.30000,-,88.5,,"Salina - Beesting Peak",Sevier,40.05300140,-111.67400360,WB7REL,OPEN,On-Air,Analog/analog,,,,,Wide area,2008-07-11
449.32500,444.32500,-,156.7,,"Logan",Cache,41.76860046,-111.80400085,N7RRZ,OPEN,On-Air,Analog/analog,,,,,,2014-02-02
449.32500,444.32500,-,100.0,,"Provo - UVMC",Utah,40.24847650,-111.66532930,N7UEO,OPEN,On-Air,Analog/analog,,,,,,2020-12-24
449.32500,444.32500,-,,,"St George",Washington,37.15510178,-113.88400269,NR7K,OPEN,Off-Air,Analog/analog,,,,,Wide area,2015-06-18
449.35000,444.35000,-,123.0,,"Bountiful",Davis,40.89149857,-111.88500214,W7CWK,OPEN,On-Air,Analog/analog,,,,,,2008-07-10
449.35000,444.35000,-,,100.0,"St George - Utah Hill",Washington,37.15589905,-113.88300323,K7OET,OPEN,On-Air,Analog/analog,,,,,Wide area,2021-01-17
449.35000,444.35000,-,100.0,,"Tooele -  South Mountain",Tooele,40.45999908,-112.40899658,W7EO,OPEN,On-Air,Analog/analog,,,,,,2008-07-10
449.37500,444.37500,-,,,"Logan - Sedgwick Peak",Cache,39.32099915,-111.09400177,AE7TA,OPEN,On-Air,Analog/analog,,,,,,2020-01-19
449.40000,444.40000,-,100.0,,"Salt Lake City - Ensign Peak",Salt Lake,40.80469894,-111.89600372,K7JL,OPEN,On-Air,Analog/analog,,,,,,2015-01-23
449.42500,444.42500,-,100.0,,"Salt Lake City - Nelson Peak",Salt Lake,40.61360168,-112.18699646,WA7GIE,OPEN,On-Air,Analog/analog,,,5620,,Wide area,2017-03-09
449.42500,444.42500,-,203.5,,"St George",Washington,37.10689926,-113.58100128,KA7STK,OPEN,On-Air,Analog/analog,,,3310,,,0000-00-00
449.47500,444.47500,-,100.0,,"Provo - Lake Mountain",Utah,40.26169968,-111.92800140,WA7GIE,OPEN,On-Air,Analog/analog,,,5620,,Wide area,2017-03-09
449.50000,444.50000,-,100.0,,"Cedar City - Iron Mountain",Iron,37.64469910,-113.37400055,WA7GTU,OPEN,On-Air,Analog/analog,,,,,,2013-03-27
449.50000,444.50000,-,100.0,,"Salt Lake City - Farnsworth Peak",Salt Lake,40.65919876,-112.20200348,K7JL,OPEN,On-Air,Analog/analog,,,,,Wide area,2019-02-25
449.52500,444.52500,-,131.8,131.8,"Brighton - Scott's Peak",Salt Lake,40.62440109,-111.56600189,K7JL,OPEN,On-Air,Analog/analog,,,,,Wide area,2017-02-11
449.52500,444.52500,-,100.0,,"St George -  Winchester Hills",Washington,37.22079849,-113.62799835,KA7STK,OPEN,On-Air,Analog/analog,,,,,,2015-11-05
449.55000,444.55000,-,100.0,,"Coalville -  Lewis Peak",Summit,40.85499954,-111.48000336,WA7GIE,OPEN,On-Air,Analog/analog,,,,,Wide area,2012-11-27
449.55000,444.55000,-,100.0,100.0,"Hurricane - Little Creek Mesa",Washington,37.09579849,-113.18699646,KG7FOT,OPEN,On-Air,YSF/analog,,,,,,2021-01-07
449.55000,444.55000,-,123.0,,"Wendover - Wendover Peak",Tooele,40.75379944,-114.01999664,WA7GIE,OPEN,Off-Air,Analog/analog,,,5620,,,2017-03-09
449.57500,444.57500,-,100.0,,"Orem",Utah,40.31030000,-111.67000000,N7FOC,OPEN,On-Air,Analog/analog,,,,,,2020-08-22
449.57500,444.57500,-,,,"Riverside",Box Elder,41.77939987,-112.17700195,WA7KMF,OPEN,On-Air,DStar,,,,,,2014-02-02
449.57500,444.57500,-,,,"Wellsville",Cache,41.61140060,-111.95200348,NU7TS,OPEN,On-Air,DStar,,,,,,2015-06-06
449.60000,444.60000,-,136.5,,"Layton -  Kaysville Peak",Weber,41.05030060,-111.84400177,AI7J,OPEN,On-Air,Analog/analog,,,,,Wide area,2015-07-19
449.62500,444.62500,-,103.5,,"Logan - Mt Logan",Cache,41.71340179,-111.71800232,AC7O,OPEN,On-Air,Analog/analog,,,,,Wide area,2015-06-06
449.65000,444.65000,-,100.0,100.0,"Logan - Mt Pisgah",Cache,41.55089951,-111.93699646,AC7II,OPEN,On-Air,Analog/analog,,,,,,2020-01-18
449.67500,444.67500,-,173.8,,"Provo - Lake Mountain",Utah,40.26150131,-111.92800140,K7UCS,CLOSED,On-Air,Analog/analog,,,,,,2015-06-06
449.70000,444.70000,-,127.3,,"Cedar Fort - Internet Mountain",Utah,40.32720184,-112.10399628,KO7R,OPEN,On-Air,Analog/analog,,,,,,2021-01-26
449.70000,444.70000,-,100.0,,"Laketown - Bear Lake",Rich,41.88249969,-111.26899719,K7OGM,OPEN,On-Air,Analog/analog,,,,,Wide area,2013-06-10
449.70000,444.70000,-,136.5,,"Vernal",Uintah,40.35639954,-109.14600372,W7BYU,OPEN,Off-Air,Analog/analog,,,,,,0000-00-00
449.70000,444.70000,-,100.0,100.0,"West Kaysville -  sewer plant",Davis,41.03879929,-111.93299866,K7DOU,OPEN,On-Air,YSF/analog,,,,,,2018-09-16
449.72500,444.72500,-,,,"Enterprise -  Black Hills",Washington,37.50500107,-113.75199890,KD7YK,OPEN,Off-Air,Analog/analog,,,,,,0000-00-00
449.72500,444.72500,-,151.4,,"West Jordan - Butterfield Pk",Salt Lake,40.46699905,-112.17299652,WA7UAH,OPEN,On-Air,Analog/analog,,,,,Wide area,2015-07-25
449.75000,444.75000,-,131.8,,"Manti",Sanpete,39.26829910,-111.63600159,N7YFZ,OPEN,Off-Air,Analog/analog,,,,,,0000-00-00
449.75000,444.75000,-,151.4,,"Salt Lake City",Salt Lake,40.76079941,-111.89099884,KA7OEI,OPEN,Off-Air,Analog/analog,,,,,,2017-02-13
449.75000,444.75000,-,123.0,,"St George -  Utah Hill",Washington,37.15520096,-113.88300323,W7AOR,OPEN,On-Air,Analog/analog,,,,,,2015-06-18
449.77500,444.77500,-,,,"Pleasant Grove",Utah,40.36410141,-111.73899841,K8BKT,OPEN,On-Air,Analog/analog,,,,,,2015-03-25
449.77500,444.77500,-,123.0,,"West Haven",Weber,41.20299911,-112.05100250,N7TOP,OPEN,On-Air,Analog/analog,,,,,,2014-04-14
449.80000,444.80000,-,103.5,,"Mantua -  Murrays Hill",Cache,41.61140060,-111.95200348,WA7KMF,OPEN,On-Air,Analog/analog,,,,,,2016-07-05
449.80000,444.80000,-,,,"Woodland Hills",Utah,40.01499939,-111.65000153,KC7WST,OPEN,On-Air,DMR,1,,,,,2019-12-15
449.82500,444.82500,-,167.9,,"Provo",Utah,40.23609924,-111.62899780,KB7YOT,OPEN,On-Air,Analog/analog,,,,,,2015-03-25
449.85000,444.85000,-,,,"Kanab",Kane,37.04800034,-112.52700043,W7NRC,OPEN,On-Air,Analog/analog,,,,,,2012-07-18
449.85000,444.85000,-,146.2,,"Provo - UVRMC",Utah,40.24800110,-111.66600037,WA7FFM,OPEN,On-Air,Analog/analog,,,,,,2019-08-13
449.87500,444.87500,-,D051,D051,"Layton -  Shepherd Peak",Davis,41.02560043,-111.83699799,K7DAV,OPEN,On-Air,YSF/analog,,,,,Wide area,2019-03-02
449.90000,444.90000,-,100.0,,"Cedar City",Iron,37.72560120,-113.06800079,WA7GTU,OPEN,On-Air,Analog/analog,,193065,3574,,,2018-03-08
449.90000,444.90000,-,123.0,,"Mexican Hat",San Juan,37.26929855,-109.95700073,KD7HLL,OPEN,On-Air,Analog/analog,,,,,,2018-01-15
449.90000,444.90000,-,100.0,,"Salt Lake City - Ensign Peak",Salt Lake,40.80810165,-111.88999939,KD0J,OPEN,Off-Air,Analog/analog,,,,,,2013-03-27
449.90000,444.90000,-,136.5,,"Vernal - Uintah County EOC",Uintah,40.10689926,-109.37799835,W7BAR,OPEN,On-Air,Analog/analog,,,7705,,,2020-11-14
449.92500,444.92500,-,100.0,100.0,"Bountiful - golf course",Davis,40.86209869,-111.85500336,K7DAV,OPEN,On-Air,YSF/analog,,,,,Wide area,2018-09-16
449.92500,444.92500,-,100.0,,"Page (AZ) - Navajo Mountain",San Juan,37.03419876,-110.86900330,W7CWI,OPEN,On-Air,Analog/analog,,,,,Wide area,2014-12-20
449.95000,444.95000,-,123.0,,"Clearfield -  civic center",Davis,41.11330032,-112.02300262,NJ7J,OPEN,On-Air,Analog/analog,,,3876,,,2021-10-28
449.95000,444.95000,-,,,"Midway",Wasatch,40.50000000,-111.48300171,N7ZOI,OPEN,On-Air,Analog/analog,,,,,,2008-07-10
449.95000,444.95000,-,100.0,,"Vernon -  Vernon Hills",Tooele,40.13079834,-112.38099670,W7EO,OPEN,Off-Air,Analog/analog,,,,,,2008-07-10
449.97500,444.97500,-,131.8,,"Provo - Lake Mountain",Utah,40.28310013,-111.93800354,K7UCS,OPEN,On-Air,Analog/analog,,,,,Wide area,2015-03-25
