Output Freq,Input Freq,Offset,Uplink Tone,Downlink Tone,"Location",County,Lat,Long,Call,Use,Op Status,Mode,Digital Access,EchoLink,IRLP,AllStar,Coverage,Last Update
145.12500,144.52500,-,,,"Ogden - Sheriff Office",Weber,39.32098010,-111.09373110,KE7EGG,OPEN,Off-Air,Analog/analog,,,,,,2021-02-13
145.12500,144.52500,-,,,"Salt Lake City - Farnsworth Peak",Salt Lake,40.65919876,-112.20200348,KF6RAL,OPEN,On-Air,DStar,,,,,Wide area,2021-09-22
145.13750,144.53750,-,,,"Davis County",Davis,39.32098010,-111.09373110,KJ7CTZ,OPEN,Off-Air,DStar,,,,,,2021-02-13
145.15000,144.55000,-,,,"Cedar City",Iron,37.72570038,-113.06800079,WR7AAA,OPEN,Off-Air,DStar,,,,,,2014-02-17
145.15000,144.55000,-,,,"Logan - WA7KMF QTH",Cache,41.72230148,-111.84999847,AC7O,OPEN,On-Air,DStar,,,,,,2019-02-19
145.15000,144.55000,-,,,"Murray - Intermountain Med Ctr",Salt Lake,40.66130066,-111.88999939,KO7SLC,OPEN,On-Air,DStar,,,,,,2019-07-15
145.15000,144.55000,-,,,"Sterling",Sanpete,39.19359970,-111.69200134,KB7BSK,OPEN,Off-Air,DStar,,,,,,2019-03-02
145.15000,144.55000,-,,,"Torquerville - Hurricane Mesa",Washington,37.25749969,-113.26499939,KF7YIX,OPEN,On-Air,DStar,,,,,,2016-05-19
145.17500,144.57500,-,,,"Riverside",Box Elder,41.78881580,-112.14884250,N7RDS,OPEN,On-Air,DStar,,,,,,2021-02-13
145.17500,144.57500,-,,,"Sunny Side - Bruin Peak",Carbon,39.64469910,-110.34799957,WX7Y,OPEN,On-Air,Analog/analog,,,,,,2018-01-11
145.19000,144.59000,-,123.0,,"Salt Lake City - Intermountain Ridge",Salt Lake,40.46810150,-112.15399933,W7IHC,OPEN,On-Air,Analog/analog,,,,,Wide area,2015-06-08
145.21000,144.61000,-,123.0,,"Huntsville",Weber,41.25899887,-111.76300049,W7DBA,OPEN,Off-Air,Analog/analog,,,,,,2008-07-10
145.21000,144.61000,-,CSQ,,"Salt Lake City - Capitol",Salt Lake,40.77859879,-111.88800049,AA7JR,OPEN,Off-Air,Analog/analog,,,,,,0000-00-00
145.23000,144.63000,-,100.0,,"Park City",Summit,40.74250031,-111.51200104,NZ6Z,OPEN,Off-Air,Analog/analog,,,,,,0000-00-00
145.23000,144.63000,-,131.8,,"Provo - Lake Mountain",Utah,40.28260040,-111.93699646,K7UCS,OPEN,On-Air,Analog/analog,,,,,,2019-05-08
145.25000,144.65000,-,123.0,123.0,"Ogden - Weber State University",Weber,41.19070053,-111.94000244,KD7FDH,OPEN,On-Air,Analog/analog,,,,,,2014-12-18
145.25000,144.65000,-,100.0,,"Provo - Sundance",Utah,40.38449860,-111.58399963,K7UVA,OPEN,On-Air,Analog/analog,,,,,,2017-11-28
145.27000,144.67000,-,100.0,,"Brighton - Scotts Peak",Salt Lake,40.62440109,-111.56600189,K7JL,OPEN,On-Air,Analog/analog,,,,,Wide area,2021-05-29
145.27000,144.67000,-,103.5,,"Levan - Levan Peak",Juab,39.49190140,-111.82900238,K7JL,OPEN,On-Air,Analog/analog,,,,,Wide area,2019-02-25
145.29000,144.69000,-,123.0,,"Brigham City",Box Elder,41.50189972,-112.00399780,K7UB,OPEN,On-Air,Analog/analog,,,,,,2019-08-19
145.29000,144.69000,-,131.8,131.8,"Sterling - Sterling",Sanpete,39.20111110,-111.72822220,K7WWA,OPEN,On-Air,YSF/analog,,,,,,2020-05-24
145.31000,144.71000,-,103.5,,"Red Spur",Cache,41.63719940,-111.41600037,WA7KMF,OPEN,On-Air,Analog/analog,,,,,Wide area,2016-12-13
145.31000,144.71000,-,88.5,,"Scofield - Ford Ridge",Carbon,39.75579834,-110.98999786,K7SDC,OPEN,On-Air,Analog/analog,,,3270,,Wide area,2021-06-18
145.33000,144.73000,-,100.0,,"Provo - BYU",Utah,40.24850082,-111.64700317,N7BYU,OPEN,On-Air,Analog/analog,,665389,,,,2021-07-25
145.35000,144.75000,-,123.0,,"Bryce Canyon",Garfield,37.40050125,-112.30000305,W6DZL,OPEN,On-Air,Analog/analog,,,,,Wide area,2014-01-13
145.35000,144.75000,-,100.0,,"Murray",Salt Lake,40.66690063,-111.88800049,NM7P,OPEN,On-Air,Analog/analog,,,,,,2013-09-11
145.35000,144.75000,-,,,"Tooele - Black Mountain",Tooele,40.84809875,-112.80000305,K7HK,OPEN,Off-Air,Analog/analog,,,,,,0000-00-00
145.39000,144.79000,-,100.0,,"Vernon - Black Crook Peak",Tooele,39.98440170,-112.54000092,W7EO,OPEN,On-Air,Analog/analog,,,,,,2021-01-26
145.41000,144.81000,-,123.0,,"Ogden -  foothills",Weber,41.20800018,-111.91899872,WB7TSQ,OPEN,On-Air,Analog/analog,,,,,,2008-07-10
145.41000,144.81000,-,D125,,"Salt Lake - Carrigan Ridge",Salt Lake,40.56980133,-111.89499664,KE7GHK,OPEN,Off-Air,Analog/analog,,,,,,2013-08-05
145.43000,144.83000,-,123.0,,"Howell - Blue Springs Hill",Box Elder,41.64580154,-112.37500000,K7UB,OPEN,On-Air,Analog/analog,,,,,,2019-02-19
145.43000,144.83000,-,88.5,,"Price -  Wood Hill",Carbon,39.61190033,-110.81199646,W7CEU,OPEN,Off-Air,Analog/analog,,,,,,2008-07-11
145.45000,144.85000,-,100.0,,"Toquerville - Toquerville Hill",Washington,37.28969955,-113.27700043,W7DRC,OPEN,On-Air,Analog/analog,,678741,,,,2019-05-12
145.45000,144.85000,-,100.0,CSQ,"West Jordan - Butterfield Peak",Salt Lake,40.46699905,-112.17299652,WA7UAH,OPEN,On-Air,Analog/analog,,,,,Wide area,2020-11-08
145.47000,144.87000,-,,,"Cedar City",Iron,37.71060181,-113.05599976,WV7H,OPEN,Off-Air,Analog/analog,,,,,,0000-00-00
145.47000,144.87000,-,123.0,,"Ogden - Powder Mountain",Weber,41.37060165,-111.76599884,KC7SUM,OPEN,On-Air,Analog/analog,,,,,Wide area,2019-02-19
145.47000,144.87000,-,100.0,,"Provo - UVMC",Utah,40.24847650,-111.66532930,K7UCS,OPEN,On-Air,Analog/analog,,46049,,,,2020-12-24
145.49000,144.89000,-,136.5,,"Myton - Flat Top",Duchesne,40.22219849,-110.10399628,W7BYU,OPEN,On-Air,Analog/analog,,,,,,2017-06-29
145.49000,144.89000,-,123.0,,"Ogden - Promontory Pt",Weber,41.25699997,-112.44100189,K7JL,OPEN,On-Air,Analog/analog,,,,,,2018-11-12
145.49000,144.89000,-,100.0,,"St George - Utah Hill",Washington,37.12500000,-113.87500000,W7DRC,OPEN,On-Air,Analog/analog,,678741,,,Wide area,2019-05-12
145.49000,144.89000,-,136.5,,"Vernal - Grizzly Ridge",Uintah,40.75170135,-109.48699951,K7HEN,OPEN,On-Air,Analog/analog,,,,,,2014-01-20
146.61000,146.01000,-,88.5,,"Monticello - Abajo Peak",San Juan,37.83919907,-109.46199799,K7SDC,OPEN,On-Air,Analog/analog,,64264,3270,,Wide area,2020-12-27
146.62000,146.02000,-,,,"Salt Lake City - Farnsworth Peak",Salt Lake,40.65969849,-112.20099640,W7SP,OPEN,On-Air,Analog/analog,,,,,Wide area,2020-11-08
146.64000,146.04000,-,103.5,,"Logan - Cache CSO",Cache,41.63240051,-111.86799622,WA7MXZ,OPEN,On-Air,Analog/analog,,,,,,2020-01-18
146.64000,146.04000,-,100.0,,"Monroe - Monroe Peak",Sevier,38.53670120,-112.07299805,WA7HSW,OPEN,On-Air,Analog/analog,,,,,,2015-09-08
146.64000,146.04000,-,100.0,,"St George - Webb Hill",Washington,37.10639954,-113.59700012,W7DRC,OPEN,On-Air,Analog/analog,,678741,,,,2019-05-12
146.66000,146.06000,-,100.0,,"Ephraim - Horseshoe",Sanpete,39.33670044,-111.45099640,W7DHH,OPEN,On-Air,Analog/analog,,,3576,,Wide area,2020-08-19
146.68000,146.08000,-,123.0,CSQ,"Huntsville - Herd Mountain",Morgan,41.22280121,-111.59799957,N7JSQ,OPEN,On-Air,Analog/analog,,,,,Wide area,2014-08-01
146.70000,146.10000,-,100.0,,"Salt Lake City - Ensign Peak",Salt Lake,40.80810165,-111.88999939,KC7IIB,OPEN,On-Air,Analog/analog,,,,,,2019-02-16
146.70000,146.10000,-,,,"St George",Washington,37.10689926,-113.58100128,KA7STK,OPEN,On-Air,Analog/analog,,,,,,2013-11-03
146.72000,146.12000,-,100.0,,"Glendale - Spencer Bench",Kane,37.37379837,-112.53600311,K7BSK,OPEN,On-Air,Analog/analog,,,3576,,,2021-02-13
146.72000,146.12000,-,103.5,103.5,"Logan - Mt Logan",Cache,41.71329880,-111.71800232,WA7KMF,OPEN,On-Air,Analog/analog,,,,,Wide area,2021-08-15
146.72000,146.12000,-,100.0,,"Manti - Barton Peak",Sanpete,39.32249832,-111.77100372,K7BSK,OPEN,On-Air,Analog/analog,,,3576,,,2020-08-19
146.74000,146.14000,-,100.0,,"Altamont",Duchesne,40.35940170,-110.28600311,WB7CBS,OPEN,On-Air,Analog/analog,,,,,,2015-06-11
146.74000,146.14000,-,114.8,,"Salt Lake City -  U of U Hospital",Salt Lake,40.77190018,-111.83699799,KD7NX,OPEN,On-Air,Analog/analog,,,,,,2008-07-10
146.74000,146.14000,-,100.0,,"St George - Webb Hill",Washington,37.06359863,-113.57399750,NR7K,OPEN,On-Air,Analog/analog,,,,,Wide area,2021-08-19
146.76000,146.16000,-,123.0,,"Cedar City - Iron Mountain",Iron,37.64469910,-113.37400055,K7JH,OPEN,On-Air,Analog/analog,,,,,Wide area,2014-02-02
146.76000,146.16000,-,88.5,,"Moab - Bald Mesa",Grand,38.52866667,-109.32466660,K7QEQ,OPEN,On-Air,Analog/analog,,,,,,2020-10-18
146.76000,146.16000,-,,,"Provo - Lake Mountain",Utah,40.28219986,-111.93599701,W7SP,OPEN,On-Air,Analog/analog,,703269,3352,,Wide area,2021-01-26
146.78000,146.18000,-,100.0,,"Orem - Lake Mountain",Utah,40.28290176,-111.93699646,K7UVA,OPEN,On-Air,Analog/analog,,762028,,,,2020-03-30
146.80000,146.20000,-,100.0,,"Cedar City - Blowhard Mountain",Iron,37.59209824,-112.86399841,WV7H,OPEN,On-Air,Analog/analog,,,,,Wide area,2021-06-05
146.80000,146.20000,-,88.5,,"Logan - Sedgwick Peak",Cache,41.63240051,-111.86799622,AE7TA,OPEN,On-Air,Analog/analog,,,,,,2020-01-19
146.80000,146.20000,-,100.0,,"Mapleton",Utah,40.13019943,-111.57900238,N6EZO,OPEN,On-Air,Analog/analog,,,,,,2015-06-04
146.82000,146.22000,-,123.0,123.0,"Ogden - Little Mountain",Weber,41.25469971,-112.23699951,W7SU,OPEN,On-Air,YSF/analog,,,,,,2015-07-04
146.82000,146.22000,-,100.0,,"St George - Utah Hill",Washington,37.15570068,-113.88400269,NR7K,OPEN,On-Air,Analog/analog,,,,,Wide area,2018-02-12
146.84000,146.24000,-,100.0,,"Richfield - Monroe Peak",Sevier,38.77249908,-112.08399963,WA7VHF,OPEN,On-Air,Analog/analog,,,,,Wide area,2017-04-07
146.84000,146.24000,-,,,"Salt Lake City - Jordan Vly Hospital",Salt Lake,40.59030151,-111.97499847,N7PCE,OPEN,On-Air,Analog/analog,,,,,,2008-07-10
146.86000,146.26000,-,100.0,,"Monroe - Monroe Peak",Sevier,38.53670120,-112.07299805,WB7REL,OPEN,On-Air,Analog/analog,,,,,,2020-08-20
146.88000,146.28000,-,123.0,,"Kanab - TV Site",Kane,37.06060028,-112.51899719,W7NRC,OPEN,On-Air,YSF/analog,,892361,,,,2015-03-19
146.88000,146.28000,-,88.5,,"Salt Lake City - SLCC",Salt Lake,40.73540115,-111.88600159,KD0J,OPEN,On-Air,Analog/analog,,,,,,2016-09-12
146.90000,146.30000,-,88.5,,"Moab",Grand,38.57389832,-109.54900360,K7QEQ,OPEN,On-Air,Analog/analog,,,,,,2020-10-18
146.90000,146.30000,-,D125,,"Ogden - Mt Ogden",Weber,41.19990158,-111.88200378,W7SU,OPEN,On-Air,YSF/analog,,,,,,2020-01-27
146.91000,146.31000,-,100.0,,"St George - Seegmiller Peak",Washington,36.84684200,-113.49207000,NR7K,OPEN,On-Air,Analog/analog,,,,,Wide area,2020-10-18
146.92000,146.32000,-,123.0,,"Corinne - Promontory Point",Weber,41.25790024,-112.44100189,N7TOP,OPEN,On-Air,Analog/analog,,,,,,2015-11-11
146.92000,146.32000,-,136.5,,"Roosevelt",Duchesne,40.35499954,-109.14800262,W7BYU,OPEN,On-Air,Analog/analog,,458695,,,,2017-06-29
146.94000,146.34000,-,100.0,,"Milford - Frisco Peak",Beaver,38.52030182,-113.28700256,WR7AAA,OPEN,On-Air,Analog/analog,,,,,Wide area,2016-05-21
146.94000,146.34000,-,88.5,,"Salt Lake City - Farnsworth Peak",Salt Lake,40.65829849,-112.20300293,WA7VHF,OPEN,On-Air,YSF/analog,,,,,Wide area,2021-02-17
146.96000,146.36000,-,100.0,,"Layton -  Francis Peak",Davis,41.02560043,-111.83699799,K7MLA,OPEN,On-Air,Analog/analog,,,,,,2015-03-07
146.96000,146.36000,-,100.0,,"Page (AZ) - Navajo Mountain",San Juan,37.03419876,-110.86900330,W7WAC,OPEN,On-Air,Analog/analog,,,,,Wide area,2018-06-18
146.98000,146.38000,-,100.0,,"Cedar City - Iron Mountain",Iron,37.64500046,-113.37300110,N7KM,OPEN,On-Air,Analog/analog,,,,,,2016-07-05
146.98000,146.38000,-,,,"Tooele - Black Mountain",Tooele,40.84690094,-112.80000305,W7EO,OPEN,On-Air,Analog/analog,,,,,,2014-01-20
147.02000,147.62000,+,100.0,,"Goshen - West Mountain",Utah,40.09059906,-111.82099915,WA7UAH,OPEN,On-Air,Analog/analog,,,,,,2015-06-08
147.02000,147.62000,+,100.0,,"Laketown - Bear Lake",Rich,41.88249969,-111.26899719,K7OGM,OPEN,On-Air,Analog/analog,,,,,Wide area,2012-11-27
147.04000,147.64000,+,123.0,123.0,"Antelope Island - Frary Peak",Davis,40.96189880,-112.21499634,K7DAV,OPEN,On-Air,YSF,,,,,Wide area,2016-10-03
147.04000,147.64000,+,136.5,,"Vernal - Grizzly Ridge",Uintah,40.73960114,-109.48400116,W7BAR,OPEN,On-Air,Analog/analog,,,,,Wide area,2015-03-09
147.06000,147.66000,+,88.5,,"Castle Dale - Horn Mountain",Emery,39.20980072,-111.14199829,K7SDC,OPEN,On-Air,Analog/analog,,64264,3270,,Wide area,2015-08-04
147.06000,147.66000,+,,,"Cedar City - Hospital",Iron,37.71060181,-113.05599976,N7AKK,OPEN,On-Air,Analog/analog,,91510,,,,2013-08-05
147.06000,147.66000,+,,,"Salt Lake City - Capitol",Salt Lake,40.77750015,-111.88800049,W7DES,OPEN,On-Air,Analog/analog,,,,,,2008-07-10
147.08000,147.68000,+,77.0,,"Draper - Lake Mountain",Salt Lake,40.28239822,-111.94899750,WX7Y,OPEN,On-Air,Analog/analog,,64264,3270,,Wide area,2018-03-04
147.08000,147.68000,+,136.5,,"Hanksville - Ellen Peak",Wayne,38.07260132,-110.79499817,K7SDC,OPEN,On-Air,Analog/analog,,64264,3270,,Wide area,2018-08-11
147.08000,147.68000,+,88.5,,"Scofield - Boardinghouse Ridge",Carbon,39.65679932,-111.18599701,K7SDC,OPEN,On-Air,Analog/analog,,64264,3270,,Wide area,2021-06-18
147.10000,147.70000,+,100.0,,"Holden - Beesting Peak",Sevier,39.04169846,-112.14199829,N7GGN,OPEN,On-Air,Analog/analog,,,,,Wide area,2021-06-20
147.10000,147.70000,+,123.0,,"Morgan - TV Site.",Morgan,41.09780121,-111.64600372,KB7ZCL,OPEN,On-Air,YSF/analog,,,,,,2019-03-03
147.10000,147.70000,+,136.5,,"Vernal - Blue Mountain",Uintah,40.35720062,-109.14700317,W7BAR,OPEN,On-Air,Analog/analog,,458414,3577,,Wide area,2017-06-29
147.12000,147.72000,+,100.0,,"Salt Lake City - Farnsworth Peak",Salt Lake,40.65919876,-112.20200348,K7JL,OPEN,On-Air,Analog/analog,,,,,Wide area,2019-02-24
147.14000,147.74000,+,88.5,,"Castle Dale - Cedar Mountain",Emery,39.17150116,-110.62000275,K7SDC,OPEN,On-Air,Analog/analog,,64264,3270,,Wide area,2015-08-04
147.14000,147.74000,+,127.3,,"West Jordan - Butterfield Peak",Salt Lake,40.46720123,-112.17099762,K7MLA,OPEN,On-Air,Analog/analog,,,3215,,Wide area,2018-08-08
147.16000,147.76000,+,136.5,,"Heber City - Strawberry Peak",Wasatch,40.28760147,-111.31500244,K7HEN,OPEN,On-Air,Analog/analog,,,,,,2017-05-16
147.16000,147.76000,+,100.0,,"Panguitch - Mount Dutton",Garfield,38.02019882,-112.21700287,N7NKK,OPEN,On-Air,Analog/analog,,,,,Wide area,2020-06-15
147.16000,147.76000,+,127.3,,"Salt Lake City - Ensign Peak",Salt Lake,40.80810165,-111.88999939,WA7SNS,OPEN,On-Air,Analog/analog,,,,,,2014-03-14
147.18000,147.78000,+,,,"Duck Creek Village",Kane,37.52360153,-112.66300201,N7SGV,OPEN,On-Air,Analog/analog,,,,,,2015-03-04
147.18000,147.78000,+,100.0,,"Snowbird - Hidden Peak",Utah,40.56079865,-111.64399719,K7JL,OPEN,On-Air,Analog/analog,,,,,Wide area,2019-02-25
147.20000,147.80000,+,103.5,,"Logan - WA7KMF QTH",Cache,41.72230148,-111.84999847,AC7O,OPEN,On-Air,Analog/analog,,495125,3381,,,2018-01-27
147.20000,147.80000,+,88.5,,"Midway - Wilson Peak",Wasatch,40.56219864,-111.47599792,N7ZOI,OPEN,On-Air,Analog/analog,,,,,,2021-01-26
147.20000,147.80000,+,88.5,,"Price - Wood Hill",Carbon,39.52994444,-111.05153610,K7GX,OPEN,On-Air,Analog/analog,,64264,3270,,,2021-06-18
147.20000,147.80000,+,100.0,,"Wendover - Wendover Peak",Tooele,40.75379944,-114.01999664,W7EO,OPEN,On-Air,Analog/analog,,,,,Wide area,2021-05-31
147.22000,147.82000,+,,,"Provo - Edgemont SC",Utah,40.28969955,-111.65499878,WA7YZR,OPEN,On-Air,Analog/analog,,,,,,2017-03-21
147.22000,147.82000,+,123.0,,"Riverside",Box Elder,41.77949905,-112.17900085,K7UB,OPEN,On-Air,Analog/analog,,645522,7172,,,2021-05-16
147.24000,147.84000,+,136.5,,"Coalville - Lewis Peak",Summit,40.85449982,-111.48200226,K7HEN,OPEN,On-Air,Analog/analog,,,,,Wide area,2015-08-04
147.24000,147.84000,+,79.7,,"Logan",Cache,41.76860046,-111.80400085,N7RRZ,OPEN,On-Air,Analog/analog,,,,,,2020-01-18
147.26000,147.86000,+,,,"Duchense",Duchesne,40.15470123,-110.39199829,N7PQD,OPEN,On-Air,Analog/analog,,,,,,2016-05-07
147.26000,147.86000,+,,,"Hinckley",Millard,39.31669998,-112.66699982,N7WPF,OPEN,On-Air,Analog/analog,,,,,,2016-04-05
147.26000,147.86000,+,103.5,,"Ogden - Promontory Pt",Salt Lake,41.25780106,-112.44100189,AC7O,OPEN,On-Air,Analog/analog,,,,,Wide area,2021-05-29
147.26000,147.86000,+,,,"St George",Washington,37.10639954,-113.59700012,K7SG,OPEN,On-Air,Analog/analog,,,,,,2014-06-11
147.28000,147.88000,+,107.2,107.2,"Altamont",Duchesne,40.35969925,-110.28399658,AD7ZW,OPEN,On-Air,Analog/analog,,458414,3205,,,2016-11-20
147.28000,147.88000,+,141.3,,"Provo - Lake Mountain",Utah,40.28279877,-111.93699646,K7UCS,OPEN,On-Air,Analog/analog,,,,,Wide area,2020-01-25
147.30000,147.90000,+,100.0,,"Tooele - South Mountain",Tooele,40.45999908,-112.40899658,W7EO,OPEN,On-Air,Analog/analog,,,,,,2014-01-20
147.32000,147.92000,+,88.5,,"Sunnyside - Bruin Point",Carbon,39.63890076,-110.34200287,K7SDC,OPEN,On-Air,Analog/analog,,64264,3270,,Wide area,2021-06-18
147.34000,147.94000,+,100.0,,"Goshen - West Mountain",Utah,40.08909988,-111.82299805,K7UCS,OPEN,On-Air,Analog/analog,,,,,Wide area,2015-06-04
147.34000,147.94000,+,136.5,,"Vernal - Tabby Mountain",Uintah,40.35490036,-110.79900360,KG7DSO,OPEN,On-Air,Analog/analog,,,,,Wide area,2017-05-14
147.36000,147.96000,+,100.0,,"Coalville - Lewis Peak",Summit,40.85499954,-111.48000336,WA7GIE,OPEN,On-Air,Analog/analog,,,,,Wide area,2021-05-31
147.36000,147.96000,+,,,"Kanab",Kane,37.04800034,-112.52700043,WI7M,OPEN,Unknown,Analog/analog,,,,,,2020-12-14
147.38000,147.98000,+,203.5,,"Delta - Notch Peak",Millard,39.35219955,-112.57700348,KB7WQD,OPEN,On-Air,Analog/analog,,,,,,2016-05-29
147.38000,147.98000,+,,,"Ogden",Weber,41.19329834,-112.00900269,WB7TSQ,OPEN,Off-Air,Analog/analog,,,,,Wide area,2008-07-10
147.38000,147.98000,+,100.0,,"Roosevelt - Mirror Lake",Duchesne,40.70560074,-110.88300323,WA7GIE,OPEN,On-Air,Analog/analog,,,,,Wide area,2019-11-11
147.38000,147.98000,+,,,"Salt Lake City - Nelson Peak",Salt Lake,40.61389923,-112.18599701,WA7GIE,OPEN,On-Air,DStar,,,,,,2014-03-19
147.92500,147.32500,-,,,"Tremonton",Box Elder,41.71189880,-112.16600037,N7RDS,OPEN,On-Air,DStar,,,,,,2015-08-13
