Output Freq,Input Freq,Offset,Uplink Tone,Downlink Tone,"Location",County,Lat,Long,Call,Use,Op Status,Mode,Digital Access,EchoLink,IRLP,AllStar,Coverage,Last Update
223.88000,222.28000,-,156.7,,"Pleasant Grove",Utah,40.36410141,-111.73899841,KB7YOT,OPEN,Off-Air,Analog/analog,,,,,,2016-11-05
223.92000,222.32000,-,88.5,,"Huntington -  Skyline Dr",Emery,39.20999908,-111.14199829,WX7Y,OPEN,Off-Air,Analog/analog,,,,,Wide area,0000-00-00
223.94000,222.34000,-,,,"Monticello - Abajo Pk",San Juan,37.83919907,-109.46199799,K7QEQ,CLOSED,Off-Air,Analog/analog,,,,,Wide area,0000-00-00
224.00000,222.40000,-,167.9,,"Ogden - Powder Mountain",Weber,41.37060165,-111.76599884,N7TOP,OPEN,Off-Air,Analog/analog,,,,,Wide area,0000-00-00
224.42000,222.82000,-,156.7,,"Provo - Lake Mountain",Utah,40.28250122,-111.93699646,W7WJC,OPEN,On-Air,Analog/analog,,,,,,2021-02-04
224.50000,222.90000,-,167.9,,"Ogden -  downtown",Weber,41.19720078,-111.97000122,WB6CDN,OPEN,Off-Air,Analog/analog,,,,,,0000-00-00
224.50000,222.90000,-,88.5,,"Price -  Wood Hill",Carbon,39.61190033,-110.81199646,W7CEU,OPEN,Off-Air,Analog/analog,,,,,,2008-11-25
224.56000,222.96000,-,100.0,,"Orem - Lake Mountain",Utah,40.28290176,-111.93699646,K7UVA,OPEN,On-Air,Analog/analog,,762028,,,,2020-11-23
224.64000,223.04000,-,,,"Ephraim -  Horseshoe",Sanpete,39.33670044,-111.45099640,N7IMF,OPEN,Off-Air,Analog/analog,,,,,,0000-00-00
224.64000,223.04000,-,156.7,,"Sandy",Salt Lake,40.58020020,-111.82199860,KA7EGC,OPEN,On-Air,Analog/analog,,,,,,2019-04-22
224.70000,223.10000,-,107.2,,"Provo - Lake Mountain",Utah,40.28310013,-111.93800354,KE7AU,OPEN,On-Air,Analog/analog,,,,,Wide area,2008-07-10
224.74000,223.14000,-,186.2,,"Lehi - QTH",Utah,39.32098010,-111.09373110,KF7KGN,OPEN,Off-Air,Analog/analog,,,,,,2021-02-14
224.78000,223.18000,-,100.0,,"Salt Lake City - Jordan Vly Hospital",Salt Lake,40.59049988,-111.97499847,KD0J,OPEN,On-Air,Analog/analog,,,,,,2013-11-12
224.82000,223.22000,-,167.9,,"Salt Lake City - Meridian Peak",Salt Lake,40.81309891,-111.89099884,WB6CDN,OPEN,On-Air,Analog/analog,,,,,Wide area,2013-11-12
224.88000,223.28000,-,156.7,,"Orem",Utah,40.31510162,-111.69599915,N7IMF,CLOSED,On-Air,Analog/analog,,,,,,2013-11-17
224.90000,223.30000,-,156.7,,"Draper - Point of the Mountain",Utah,40.45360184,-111.91000366,N7IMF,CLOSED,On-Air,Analog/analog,,,,,,2016-07-05
224.96000,223.36000,-,,,"Syracuse",Davis,41.08750153,-112.04199982,NJ7J,OPEN,On-Air,Analog/analog,,,,,,2019-04-05
224.98000,223.38000,-,88.5,,"Scofield - Boardinghouse Rdge",Carbon,39.65670013,-111.19899750,WX7Y,OPEN,Off-Air,Analog/analog,,,,,Wide area,2013-08-05
